Document_ID,Document_Number,Document_Type,Document_Date,Status
DOC000001,INV-000001,Payroll,2025-11-08 00:00:00,Posted
DOC000002,INV-000002,Purchase_Order,2025-03-25 00:00:00,Posted
DOC000003,INV-000003,Budget_Entry,2025-03-01 00:00:00,Posted
DOC000004,INV-000004,Budget_Entry,2024-09-09 00:00:00,Posted
DOC000005,INV-000005,Payroll,2024-02-23 00:00:00,Posted
DOC000006,INV-000006,Purchase_Order,2023-11-05 00:00:00,Posted
DOC000007,INV-000007,Sales_Invoice,2025-05-13 00:00:00,Posted
DOC000008,INV-000008,Sales_Invoice,2023-07-05 00:00:00,Posted
DOC000009,INV-000009,Sales_Invoice,2023-09-18 00:00:00,Posted
DOC000010,INV-000010,Budget_Entry,2023-06-09 00:00:00,Approved
DOC000011,INV-000011,Purchase_Order,2025-05-19 00:00:00,Posted
DOC000012,INV-000012,Purchase_Order,2025-01-31 00:00:00,Posted
DOC000013,INV-000013,Budget_Entry,2023-08-12 00:00:00,Posted
DOC000014,INV-000014,Sales_Invoice,2023-06-29 00:00:00,Posted
DOC000015,INV-000015,Sales_Invoice,2023-01-20 00:00:00,Posted
DOC000016,INV-000016,Payroll,2024-09-23 00:00:00,Posted
DOC000017,INV-000017,Stock_Movement,2023-02-27 00:00:00,Approved
DOC000018,INV-000018,Purchase_Order,2024-12-23 00:00:00,Posted
DOC000019,INV-000019,Purchase_Order,2024-09-06 00:00:00,Posted
DOC000020,INV-000020,Purchase_Order,2024-07-15 00:00:00,Posted
DOC000021,INV-000021,Stock_Movement,2024-01-09 00:00:00,Posted
DOC000022,INV-000022,Payroll,2024-09-13 00:00:00,Posted
DOC000023,INV-000023,Stock_Movement,2023-03-29 00:00:00,Posted
DOC000024,INV-000024,Sales_Invoice,2025-11-09 00:00:00,Posted
DOC000025,INV-000025,Sales_Invoice,2025-10-10 00:00:00,Posted
DOC000026,INV-000026,Purchase_Order,2023-01-14 00:00:00,Approved
DOC000027,INV-000027,Budget_Entry,2023-05-13 00:00:00,Posted
DOC000028,INV-000028,Purchase_Order,2025-11-23 00:00:00,Approved
DOC000029,INV-000029,Budget_Entry,2025-06-10 00:00:00,Posted
DOC000030,INV-000030,Stock_Movement,2024-08-14 00:00:00,Posted
DOC000031,INV-000031,Sales_Invoice,2024-08-05 00:00:00,Posted
DOC000032,INV-000032,Budget_Entry,2023-10-16 00:00:00,Posted
DOC000033,INV-000033,Stock_Movement,2025-10-09 00:00:00,Posted
DOC000034,INV-000034,Sales_Invoice,2025-05-28 00:00:00,Posted
DOC000035,INV-000035,Budget_Entry,2023-01-07 00:00:00,Posted
DOC000036,INV-000036,Purchase_Order,2023-08-28 00:00:00,Cancelled
DOC000037,INV-000037,Purchase_Order,2024-06-19 00:00:00,Posted
DOC000038,INV-000038,Purchase_Order,2023-03-11 00:00:00,Approved
DOC000039,INV-000039,Stock_Movement,2023-08-04 00:00:00,Draft
DOC000040,INV-000040,Purchase_Order,2025-12-13 00:00:00,Posted
DOC000041,INV-000041,Payroll,2025-03-16 00:00:00,Posted
DOC000042,INV-000042,Sales_Invoice,2023-11-26 00:00:00,Posted
DOC000043,INV-000043,Stock_Movement,2025-04-27 00:00:00,Posted
DOC000044,INV-000044,Purchase_Order,2023-02-14 00:00:00,Posted
DOC000045,INV-000045,Sales_Invoice,2025-04-08 00:00:00,Posted
DOC000046,INV-000046,Budget_Entry,2023-07-17 00:00:00,Cancelled
DOC000047,INV-000047,Purchase_Order,2025-06-14 00:00:00,Posted
DOC000048,INV-000048,Sales_Invoice,2023-11-28 00:00:00,Posted
DOC000049,INV-000049,Payroll,2024-11-26 00:00:00,Approved
DOC000050,INV-000050,Budget_Entry,2023-01-27 00:00:00,Posted
DOC000051,INV-000051,Payroll,2023-11-14 00:00:00,Posted
DOC000052,INV-000052,Sales_Invoice,2023-12-31 00:00:00,Posted
DOC000053,INV-000053,Payroll,2025-08-17 00:00:00,Draft
DOC000054,INV-000054,Sales_Invoice,2024-01-08 00:00:00,Posted
DOC000055,INV-000055,Sales_Invoice,2023-09-02 00:00:00,Posted
DOC000056,INV-000056,Payroll,2024-04-22 00:00:00,Draft
DOC000057,INV-000057,Sales_Invoice,2023-05-05 00:00:00,Posted
DOC000058,INV-000058,Purchase_Order,2024-06-20 00:00:00,Posted
DOC000059,INV-000059,Sales_Invoice,2024-12-06 00:00:00,Posted
DOC000060,INV-000060,Stock_Movement,2024-06-14 00:00:00,Posted
DOC000061,INV-000061,Sales_Invoice,2025-02-24 00:00:00,Posted
DOC000062,INV-000062,Stock_Movement,2023-09-11 00:00:00,Posted
DOC000063,INV-000063,Sales_Invoice,2023-05-01 00:00:00,Posted
DOC000064,INV-000064,Sales_Invoice,2025-11-21 00:00:00,Posted
DOC000065,INV-000065,Payroll,2024-10-22 00:00:00,Posted
DOC000066,INV-000066,Purchase_Order,2025-11-26 00:00:00,Approved
DOC000067,INV-000067,Purchase_Order,2025-11-02 00:00:00,Posted
DOC000068,INV-000068,Budget_Entry,2023-03-29 00:00:00,Posted
DOC000069,INV-000069,Payroll,2023-02-15 00:00:00,Posted
DOC000070,INV-000070,Payroll,2025-07-21 00:00:00,Posted
DOC000071,INV-000071,Purchase_Order,2025-01-14 00:00:00,Posted
DOC000072,INV-000072,Payroll,2025-08-24 00:00:00,Draft
DOC000073,INV-000073,Purchase_Order,2025-02-01 00:00:00,Approved
DOC000074,INV-000074,Payroll,2025-01-31 00:00:00,Posted
DOC000075,INV-000075,Sales_Invoice,2025-03-04 00:00:00,Posted
DOC000076,INV-000076,Purchase_Order,2025-01-13 00:00:00,Posted
DOC000077,INV-000077,Purchase_Order,2025-12-05 00:00:00,Posted
DOC000078,INV-000078,Stock_Movement,2024-07-11 00:00:00,Posted
DOC000079,INV-000079,Payroll,2024-06-09 00:00:00,Posted
DOC000080,INV-000080,Payroll,2024-08-19 00:00:00,Posted
DOC000081,INV-000081,Purchase_Order,2025-04-19 00:00:00,Approved
DOC000082,INV-000082,Sales_Invoice,2023-01-03 00:00:00,Posted
DOC000083,INV-000083,Sales_Invoice,2025-11-17 00:00:00,Posted
DOC000084,INV-000084,Sales_Invoice,2023-06-06 00:00:00,Approved
DOC000085,INV-000085,Payroll,2025-05-04 00:00:00,Posted
DOC000086,INV-000086,Stock_Movement,2024-05-25 00:00:00,Draft
DOC000087,INV-000087,Purchase_Order,2024-11-17 00:00:00,Draft
DOC000088,INV-000088,Budget_Entry,2024-07-24 00:00:00,Posted
DOC000089,INV-000089,Stock_Movement,2024-12-15 00:00:00,Posted
DOC000090,INV-000090,Budget_Entry,2023-08-27 00:00:00,Posted
DOC000091,INV-000091,Stock_Movement,2023-10-30 00:00:00,Posted
DOC000092,INV-000092,Sales_Invoice,2024-08-29 00:00:00,Posted
DOC000093,INV-000093,Payroll,2025-09-17 00:00:00,Posted
DOC000094,INV-000094,Budget_Entry,2023-11-30 00:00:00,Posted
DOC000095,INV-000095,Stock_Movement,2023-04-23 00:00:00,Draft
DOC000096,INV-000096,Payroll,2023-12-28 00:00:00,Posted
DOC000097,INV-000097,Budget_Entry,2025-03-11 00:00:00,Cancelled
DOC000098,INV-000098,Purchase_Order,2023-04-07 00:00:00,Posted
DOC000099,INV-000099,Stock_Movement,2023-01-16 00:00:00,Approved
DOC000100,INV-000100,Purchase_Order,2024-07-09 00:00:00,Approved
DOC000101,INV-000101,Sales_Invoice,2024-01-11 00:00:00,Posted
DOC000102,INV-000102,Purchase_Order,2025-01-11 00:00:00,Posted
DOC000103,INV-000103,Purchase_Order,2024-01-25 00:00:00,Posted
DOC000104,INV-000104,Stock_Movement,2024-09-11 00:00:00,Posted
DOC000105,INV-000105,Sales_Invoice,2025-04-03 00:00:00,Posted
DOC000106,INV-000106,Purchase_Order,2023-11-16 00:00:00,Posted
DOC000107,INV-000107,Payroll,2023-07-15 00:00:00,Posted
DOC000108,INV-000108,Budget_Entry,2024-02-22 00:00:00,Posted
DOC000109,INV-000109,Purchase_Order,2024-08-29 00:00:00,Posted
DOC000110,INV-000110,Sales_Invoice,2024-07-21 00:00:00,Posted
DOC000111,INV-000111,Purchase_Order,2024-06-27 00:00:00,Posted
DOC000112,INV-000112,Budget_Entry,2023-08-19 00:00:00,Posted
DOC000113,INV-000113,Sales_Invoice,2025-06-02 00:00:00,Posted
DOC000114,INV-000114,Stock_Movement,2024-06-04 00:00:00,Posted
DOC000115,INV-000115,Sales_Invoice,2024-12-03 00:00:00,Posted
DOC000116,INV-000116,Stock_Movement,2025-04-25 00:00:00,Posted
DOC000117,INV-000117,Sales_Invoice,2024-11-03 00:00:00,Posted
DOC000118,INV-000118,Budget_Entry,2023-01-21 00:00:00,Posted
DOC000119,INV-000119,Budget_Entry,2024-08-10 00:00:00,Posted
DOC000120,INV-000120,Sales_Invoice,2025-06-16 00:00:00,Draft
DOC000121,INV-000121,Purchase_Order,2024-01-06 00:00:00,Posted
DOC000122,INV-000122,Budget_Entry,2023-03-19 00:00:00,Posted
DOC000123,INV-000123,Stock_Movement,2024-10-09 00:00:00,Cancelled
DOC000124,INV-000124,Stock_Movement,2023-05-20 00:00:00,Posted
DOC000125,INV-000125,Payroll,2024-07-06 00:00:00,Posted
DOC000126,INV-000126,Stock_Movement,2025-09-24 00:00:00,Posted
DOC000127,INV-000127,Payroll,2023-10-09 00:00:00,Approved
DOC000128,INV-000128,Sales_Invoice,2024-03-15 00:00:00,Posted
DOC000129,INV-000129,Sales_Invoice,2023-09-27 00:00:00,Posted
DOC000130,INV-000130,Sales_Invoice,2025-01-15 00:00:00,Posted
DOC000131,INV-000131,Purchase_Order,2023-04-14 00:00:00,Posted
DOC000132,INV-000132,Purchase_Order,2025-02-04 00:00:00,Posted
DOC000133,INV-000133,Payroll,2023-04-05 00:00:00,Posted
DOC000134,INV-000134,Stock_Movement,2024-12-29 00:00:00,Posted
DOC000135,INV-000135,Stock_Movement,2024-04-24 00:00:00,Posted
DOC000136,INV-000136,Sales_Invoice,2025-02-18 00:00:00,Posted
DOC000137,INV-000137,Budget_Entry,2023-01-13 00:00:00,Posted
DOC000138,INV-000138,Purchase_Order,2024-08-23 00:00:00,Posted
DOC000139,INV-000139,Purchase_Order,2023-04-05 00:00:00,Draft
DOC000140,INV-000140,Sales_Invoice,2023-10-20 00:00:00,Approved
DOC000141,INV-000141,Purchase_Order,2023-01-25 00:00:00,Posted
DOC000142,INV-000142,Sales_Invoice,2025-07-27 00:00:00,Cancelled
DOC000143,INV-000143,Payroll,2025-01-31 00:00:00,Posted
DOC000144,INV-000144,Stock_Movement,2024-10-15 00:00:00,Posted
DOC000145,INV-000145,Budget_Entry,2025-09-11 00:00:00,Posted
DOC000146,INV-000146,Stock_Movement,2024-09-29 00:00:00,Posted
DOC000147,INV-000147,Stock_Movement,2024-05-05 00:00:00,Posted
DOC000148,INV-000148,Payroll,2024-07-28 00:00:00,Posted
DOC000149,INV-000149,Purchase_Order,2023-10-21 00:00:00,Posted
DOC000150,INV-000150,Budget_Entry,2025-06-14 00:00:00,Posted
DOC000151,INV-000151,Purchase_Order,2023-02-09 00:00:00,Posted
DOC000152,INV-000152,Stock_Movement,2025-02-14 00:00:00,Posted
DOC000153,INV-000153,Sales_Invoice,2024-06-03 00:00:00,Posted
DOC000154,INV-000154,Stock_Movement,2024-06-29 00:00:00,Posted
DOC000155,INV-000155,Purchase_Order,2023-08-24 00:00:00,Cancelled
DOC000156,INV-000156,Stock_Movement,2024-04-07 00:00:00,Posted
DOC000157,INV-000157,Sales_Invoice,2024-04-27 00:00:00,Posted
DOC000158,INV-000158,Payroll,2024-03-05 00:00:00,Posted
DOC000159,INV-000159,Purchase_Order,2025-11-11 00:00:00,Draft
DOC000160,INV-000160,Stock_Movement,2023-12-09 00:00:00,Posted
DOC000161,INV-000161,Purchase_Order,2025-11-29 00:00:00,Posted
DOC000162,INV-000162,Payroll,2023-05-13 00:00:00,Posted
DOC000163,INV-000163,Stock_Movement,2023-12-17 00:00:00,Approved
DOC000164,INV-000164,Stock_Movement,2024-05-20 00:00:00,Posted
DOC000165,INV-000165,Purchase_Order,2023-03-25 00:00:00,Posted
DOC000166,INV-000166,Purchase_Order,2025-09-19 00:00:00,Posted
DOC000167,INV-000167,Sales_Invoice,2025-04-09 00:00:00,Approved
DOC000168,INV-000168,Payroll,2025-05-10 00:00:00,Posted
DOC000169,INV-000169,Sales_Invoice,2023-12-09 00:00:00,Posted
DOC000170,INV-000170,Stock_Movement,2025-05-15 00:00:00,Posted
DOC000171,INV-000171,Purchase_Order,2023-10-20 00:00:00,Posted
DOC000172,INV-000172,Stock_Movement,2024-08-20 00:00:00,Posted
DOC000173,INV-000173,Stock_Movement,2024-10-06 00:00:00,Approved
DOC000174,INV-000174,Budget_Entry,2024-03-23 00:00:00,Posted
DOC000175,INV-000175,Budget_Entry,2024-11-20 00:00:00,Posted
DOC000176,INV-000176,Stock_Movement,2025-09-28 00:00:00,Cancelled
DOC000177,INV-000177,Purchase_Order,2025-05-04 00:00:00,Posted
DOC000178,INV-000178,Stock_Movement,2024-05-16 00:00:00,Posted
DOC000179,INV-000179,Budget_Entry,2025-02-02 00:00:00,Posted
DOC000180,INV-000180,Purchase_Order,2025-01-04 00:00:00,Posted
DOC000181,INV-000181,Stock_Movement,2023-09-07 00:00:00,Approved
DOC000182,INV-000182,Payroll,2024-08-23 00:00:00,Posted
DOC000183,INV-000183,Payroll,2023-05-05 00:00:00,Posted
DOC000184,INV-000184,Stock_Movement,2023-04-23 00:00:00,Posted
DOC000185,INV-000185,Purchase_Order,2025-09-07 00:00:00,Posted
DOC000186,INV-000186,Stock_Movement,2023-05-30 00:00:00,Posted
DOC000187,INV-000187,Stock_Movement,2025-05-24 00:00:00,Approved
DOC000188,INV-000188,Budget_Entry,2023-12-09 00:00:00,Posted
DOC000189,INV-000189,Payroll,2024-08-02 00:00:00,Posted
DOC000190,INV-000190,Budget_Entry,2025-02-21 00:00:00,Posted
DOC000191,INV-000191,Budget_Entry,2023-11-17 00:00:00,Posted
DOC000192,INV-000192,Stock_Movement,2025-04-01 00:00:00,Posted
DOC000193,INV-000193,Budget_Entry,2024-06-15 00:00:00,Cancelled
DOC000194,INV-000194,Payroll,2024-05-06 00:00:00,Cancelled
DOC000195,INV-000195,Budget_Entry,2024-09-03 00:00:00,Posted
DOC000196,INV-000196,Payroll,2023-09-09 00:00:00,Posted
DOC000197,INV-000197,Budget_Entry,2023-06-22 00:00:00,Posted
DOC000198,INV-000198,Payroll,2025-05-24 00:00:00,Posted
DOC000199,INV-000199,Budget_Entry,2023-07-20 00:00:00,Posted
DOC000200,INV-000200,Budget_Entry,2023-08-05 00:00:00,Cancelled
DOC000201,INV-000201,Purchase_Order,2024-01-11 00:00:00,Posted
DOC000202,INV-000202,Payroll,2023-01-11 00:00:00,Posted
DOC000203,INV-000203,Payroll,2025-11-01 00:00:00,Posted
DOC000204,INV-000204,Payroll,2025-06-10 00:00:00,Posted
DOC000205,INV-000205,Sales_Invoice,2024-03-10 00:00:00,Posted
DOC000206,INV-000206,Budget_Entry,2025-03-28 00:00:00,Posted
DOC000207,INV-000207,Payroll,2025-07-19 00:00:00,Posted
DOC000208,INV-000208,Sales_Invoice,2024-11-21 00:00:00,Posted
DOC000209,INV-000209,Purchase_Order,2025-05-04 00:00:00,Approved
DOC000210,INV-000210,Payroll,2025-02-22 00:00:00,Posted
DOC000211,INV-000211,Payroll,2023-11-15 00:00:00,Posted
DOC000212,INV-000212,Sales_Invoice,2025-04-23 00:00:00,Approved
DOC000213,INV-000213,Budget_Entry,2024-09-12 00:00:00,Posted
DOC000214,INV-000214,Purchase_Order,2025-02-23 00:00:00,Cancelled
DOC000215,INV-000215,Payroll,2024-02-01 00:00:00,Posted
DOC000216,INV-000216,Budget_Entry,2025-12-17 00:00:00,Posted
DOC000217,INV-000217,Purchase_Order,2024-04-04 00:00:00,Posted
DOC000218,INV-000218,Stock_Movement,2023-03-02 00:00:00,Approved
DOC000219,INV-000219,Stock_Movement,2024-01-04 00:00:00,Posted
DOC000220,INV-000220,Purchase_Order,2024-12-19 00:00:00,Posted
DOC000221,INV-000221,Sales_Invoice,2024-06-29 00:00:00,Posted
DOC000222,INV-000222,Purchase_Order,2025-11-06 00:00:00,Posted
DOC000223,INV-000223,Purchase_Order,2024-05-10 00:00:00,Posted
DOC000224,INV-000224,Sales_Invoice,2024-05-11 00:00:00,Posted
DOC000225,INV-000225,Sales_Invoice,2024-05-19 00:00:00,Posted
DOC000226,INV-000226,Budget_Entry,2025-08-26 00:00:00,Posted
DOC000227,INV-000227,Budget_Entry,2025-12-28 00:00:00,Posted
DOC000228,INV-000228,Sales_Invoice,2023-06-10 00:00:00,Draft
DOC000229,INV-000229,Stock_Movement,2024-12-18 00:00:00,Posted
DOC000230,INV-000230,Stock_Movement,2025-09-19 00:00:00,Approved
DOC000231,INV-000231,Purchase_Order,2023-09-26 00:00:00,Cancelled
DOC000232,INV-000232,Payroll,2024-11-29 00:00:00,Posted
DOC000233,INV-000233,Purchase_Order,2025-05-14 00:00:00,Posted
DOC000234,INV-000234,Purchase_Order,2023-12-16 00:00:00,Approved
DOC000235,INV-000235,Payroll,2023-04-20 00:00:00,Posted
DOC000236,INV-000236,Sales_Invoice,2024-02-11 00:00:00,Posted
DOC000237,INV-000237,Stock_Movement,2024-10-11 00:00:00,Posted
DOC000238,INV-000238,Purchase_Order,2023-02-20 00:00:00,Posted
DOC000239,INV-000239,Payroll,2025-12-27 00:00:00,Posted
DOC000240,INV-000240,Budget_Entry,2024-08-18 00:00:00,Posted
DOC000241,INV-000241,Purchase_Order,2025-09-05 00:00:00,Posted
DOC000242,INV-000242,Stock_Movement,2025-12-01 00:00:00,Posted
DOC000243,INV-000243,Sales_Invoice,2024-12-31 00:00:00,Posted
DOC000244,INV-000244,Purchase_Order,2023-02-26 00:00:00,Posted
DOC000245,INV-000245,Purchase_Order,2025-01-07 00:00:00,Posted
DOC000246,INV-000246,Payroll,2023-07-15 00:00:00,Posted
DOC000247,INV-000247,Budget_Entry,2025-12-21 00:00:00,Posted
DOC000248,INV-000248,Budget_Entry,2023-04-22 00:00:00,Cancelled
DOC000249,INV-000249,Sales_Invoice,2025-02-03 00:00:00,Draft
DOC000250,INV-000250,Stock_Movement,2024-12-11 00:00:00,Posted
DOC000251,INV-000251,Sales_Invoice,2025-08-05 00:00:00,Posted
DOC000252,INV-000252,Purchase_Order,2023-01-26 00:00:00,Posted
DOC000253,INV-000253,Purchase_Order,2024-02-14 00:00:00,Posted
DOC000254,INV-000254,Budget_Entry,2025-01-27 00:00:00,Posted
DOC000255,INV-000255,Stock_Movement,2024-06-14 00:00:00,Approved
DOC000256,INV-000256,Payroll,2025-01-18 00:00:00,Posted
DOC000257,INV-000257,Stock_Movement,2023-09-03 00:00:00,Posted
DOC000258,INV-000258,Purchase_Order,2024-10-23 00:00:00,Posted
DOC000259,INV-000259,Payroll,2025-06-27 00:00:00,Posted
DOC000260,INV-000260,Stock_Movement,2024-01-31 00:00:00,Posted
DOC000261,INV-000261,Stock_Movement,2024-06-05 00:00:00,Posted
DOC000262,INV-000262,Payroll,2025-07-14 00:00:00,Posted
DOC000263,INV-000263,Purchase_Order,2023-09-21 00:00:00,Posted
DOC000264,INV-000264,Stock_Movement,2025-02-28 00:00:00,Cancelled
DOC000265,INV-000265,Payroll,2023-06-21 00:00:00,Posted
DOC000266,INV-000266,Purchase_Order,2023-09-22 00:00:00,Posted
DOC000267,INV-000267,Payroll,2025-11-15 00:00:00,Posted
DOC000268,INV-000268,Payroll,2024-04-20 00:00:00,Posted
DOC000269,INV-000269,Stock_Movement,2023-12-22 00:00:00,Draft
DOC000270,INV-000270,Purchase_Order,2025-11-15 00:00:00,Cancelled
DOC000271,INV-000271,Stock_Movement,2023-02-03 00:00:00,Posted
DOC000272,INV-000272,Sales_Invoice,2023-09-21 00:00:00,Posted
DOC000273,INV-000273,Sales_Invoice,2025-03-26 00:00:00,Approved
DOC000274,INV-000274,Purchase_Order,2025-05-24 00:00:00,Posted
DOC000275,INV-000275,Payroll,2025-01-23 00:00:00,Posted
DOC000276,INV-000276,Stock_Movement,2024-07-19 00:00:00,Posted
DOC000277,INV-000277,Stock_Movement,2024-04-06 00:00:00,Approved
DOC000278,INV-000278,Purchase_Order,2024-10-16 00:00:00,Posted
DOC000279,INV-000279,Purchase_Order,2023-03-22 00:00:00,Draft
DOC000280,INV-000280,Sales_Invoice,2025-01-26 00:00:00,Posted
DOC000281,INV-000281,Budget_Entry,2025-05-19 00:00:00,Posted
DOC000282,INV-000282,Purchase_Order,2025-12-05 00:00:00,Posted
DOC000283,INV-000283,Budget_Entry,2024-08-21 00:00:00,Posted
DOC000284,INV-000284,Purchase_Order,2025-03-17 00:00:00,Posted
DOC000285,INV-000285,Payroll,2025-12-12 00:00:00,Posted
DOC000286,INV-000286,Payroll,2025-09-10 00:00:00,Posted
DOC000287,INV-000287,Sales_Invoice,2024-12-04 00:00:00,Approved
DOC000288,INV-000288,Sales_Invoice,2024-04-20 00:00:00,Posted
DOC000289,INV-000289,Budget_Entry,2024-08-14 00:00:00,Posted
DOC000290,INV-000290,Purchase_Order,2023-01-16 00:00:00,Cancelled
DOC000291,INV-000291,Stock_Movement,2024-05-01 00:00:00,Posted
DOC000292,INV-000292,Sales_Invoice,2024-12-06 00:00:00,Posted
DOC000293,INV-000293,Stock_Movement,2024-09-11 00:00:00,Posted
DOC000294,INV-000294,Stock_Movement,2025-10-15 00:00:00,Posted
DOC000295,INV-000295,Purchase_Order,2025-02-15 00:00:00,Approved
DOC000296,INV-000296,Budget_Entry,2024-03-22 00:00:00,Draft
DOC000297,INV-000297,Purchase_Order,2023-10-17 00:00:00,Posted
DOC000298,INV-000298,Sales_Invoice,2023-07-28 00:00:00,Posted
DOC000299,INV-000299,Stock_Movement,2024-02-17 00:00:00,Approved
DOC000300,INV-000300,Purchase_Order,2024-11-07 00:00:00,Posted
DOC000301,INV-000301,Purchase_Order,2024-10-25 00:00:00,Cancelled
DOC000302,INV-000302,Purchase_Order,2023-10-17 00:00:00,Posted
DOC000303,INV-000303,Sales_Invoice,2023-05-31 00:00:00,Posted
DOC000304,INV-000304,Budget_Entry,2025-05-04 00:00:00,Cancelled
DOC000305,INV-000305,Purchase_Order,2024-08-30 00:00:00,Posted
DOC000306,INV-000306,Sales_Invoice,2024-01-05 00:00:00,Posted
DOC000307,INV-000307,Stock_Movement,2024-12-05 00:00:00,Posted
DOC000308,INV-000308,Payroll,2025-04-05 00:00:00,Approved
DOC000309,INV-000309,Sales_Invoice,2025-10-01 00:00:00,Posted
DOC000310,INV-000310,Payroll,2024-01-12 00:00:00,Posted
DOC000311,INV-000311,Purchase_Order,2025-08-30 00:00:00,Posted
DOC000312,INV-000312,Purchase_Order,2023-04-28 00:00:00,Posted
DOC000313,INV-000313,Sales_Invoice,2025-10-25 00:00:00,Approved
DOC000314,INV-000314,Payroll,2024-03-19 00:00:00,Posted
DOC000315,INV-000315,Purchase_Order,2025-01-24 00:00:00,Posted
DOC000316,INV-000316,Stock_Movement,2024-10-01 00:00:00,Posted
DOC000317,INV-000317,Budget_Entry,2023-05-04 00:00:00,Approved
DOC000318,INV-000318,Budget_Entry,2024-10-19 00:00:00,Approved
DOC000319,INV-000319,Purchase_Order,2025-04-01 00:00:00,Posted
DOC000320,INV-000320,Payroll,2024-10-25 00:00:00,Cancelled
DOC000321,INV-000321,Purchase_Order,2023-12-26 00:00:00,Approved
DOC000322,INV-000322,Payroll,2024-09-14 00:00:00,Posted
DOC000323,INV-000323,Stock_Movement,2025-12-16 00:00:00,Posted
DOC000324,INV-000324,Payroll,2025-07-07 00:00:00,Approved
DOC000325,INV-000325,Purchase_Order,2024-03-27 00:00:00,Posted
DOC000326,INV-000326,Stock_Movement,2023-04-30 00:00:00,Posted
DOC000327,INV-000327,Sales_Invoice,2024-08-04 00:00:00,Posted
DOC000328,INV-000328,Budget_Entry,2023-04-09 00:00:00,Posted
DOC000329,INV-000329,Purchase_Order,2024-05-28 00:00:00,Posted
DOC000330,INV-000330,Purchase_Order,2024-10-25 00:00:00,Posted
DOC000331,INV-000331,Purchase_Order,2024-02-05 00:00:00,Posted
DOC000332,INV-000332,Stock_Movement,2023-12-31 00:00:00,Posted
DOC000333,INV-000333,Sales_Invoice,2024-08-03 00:00:00,Posted
DOC000334,INV-000334,Payroll,2024-09-12 00:00:00,Posted
DOC000335,INV-000335,Sales_Invoice,2025-04-07 00:00:00,Posted
DOC000336,INV-000336,Stock_Movement,2023-09-04 00:00:00,Posted
DOC000337,INV-000337,Purchase_Order,2024-03-09 00:00:00,Posted
DOC000338,INV-000338,Budget_Entry,2024-09-06 00:00:00,Posted
DOC000339,INV-000339,Purchase_Order,2025-07-31 00:00:00,Posted
DOC000340,INV-000340,Payroll,2025-08-20 00:00:00,Posted
DOC000341,INV-000341,Budget_Entry,2024-09-15 00:00:00,Posted
DOC000342,INV-000342,Purchase_Order,2023-11-17 00:00:00,Posted
DOC000343,INV-000343,Budget_Entry,2025-05-05 00:00:00,Approved
DOC000344,INV-000344,Sales_Invoice,2023-03-03 00:00:00,Posted
DOC000345,INV-000345,Stock_Movement,2023-10-27 00:00:00,Posted
DOC000346,INV-000346,Purchase_Order,2024-02-07 00:00:00,Posted
DOC000347,INV-000347,Payroll,2025-08-12 00:00:00,Cancelled
DOC000348,INV-000348,Sales_Invoice,2023-09-10 00:00:00,Posted
DOC000349,INV-000349,Purchase_Order,2024-04-22 00:00:00,Posted
DOC000350,INV-000350,Sales_Invoice,2023-06-09 00:00:00,Posted
DOC000351,INV-000351,Payroll,2025-08-18 00:00:00,Approved
DOC000352,INV-000352,Purchase_Order,2023-07-24 00:00:00,Posted
DOC000353,INV-000353,Payroll,2025-05-07 00:00:00,Posted
DOC000354,INV-000354,Budget_Entry,2025-01-29 00:00:00,Posted
DOC000355,INV-000355,Payroll,2024-12-21 00:00:00,Draft
DOC000356,INV-000356,Budget_Entry,2025-11-06 00:00:00,Posted
DOC000357,INV-000357,Purchase_Order,2023-03-09 00:00:00,Posted
DOC000358,INV-000358,Budget_Entry,2023-05-13 00:00:00,Posted
DOC000359,INV-000359,Purchase_Order,2025-07-07 00:00:00,Posted
DOC000360,INV-000360,Purchase_Order,2024-03-05 00:00:00,Posted
DOC000361,INV-000361,Stock_Movement,2023-11-04 00:00:00,Posted
DOC000362,INV-000362,Purchase_Order,2024-10-11 00:00:00,Posted
DOC000363,INV-000363,Budget_Entry,2024-02-16 00:00:00,Posted
DOC000364,INV-000364,Stock_Movement,2023-04-07 00:00:00,Posted
DOC000365,INV-000365,Stock_Movement,2025-11-16 00:00:00,Approved
DOC000366,INV-000366,Purchase_Order,2025-12-19 00:00:00,Cancelled
DOC000367,INV-000367,Payroll,2023-07-21 00:00:00,Approved
DOC000368,INV-000368,Payroll,2025-01-31 00:00:00,Posted
DOC000369,INV-000369,Stock_Movement,2025-05-23 00:00:00,Posted
DOC000370,INV-000370,Purchase_Order,2024-08-03 00:00:00,Posted
DOC000371,INV-000371,Payroll,2024-01-05 00:00:00,Posted
DOC000372,INV-000372,Purchase_Order,2024-06-16 00:00:00,Posted
DOC000373,INV-000373,Purchase_Order,2025-06-17 00:00:00,Posted
DOC000374,INV-000374,Stock_Movement,2024-08-29 00:00:00,Posted
DOC000375,INV-000375,Stock_Movement,2025-05-22 00:00:00,Draft
DOC000376,INV-000376,Sales_Invoice,2025-02-08 00:00:00,Posted
DOC000377,INV-000377,Payroll,2025-04-13 00:00:00,Posted
DOC000378,INV-000378,Payroll,2025-09-25 00:00:00,Posted
DOC000379,INV-000379,Payroll,2025-07-26 00:00:00,Approved
DOC000380,INV-000380,Budget_Entry,2023-08-24 00:00:00,Posted
DOC000381,INV-000381,Purchase_Order,2023-06-11 00:00:00,Posted
DOC000382,INV-000382,Stock_Movement,2024-07-07 00:00:00,Posted
DOC000383,INV-000383,Payroll,2025-02-26 00:00:00,Posted
DOC000384,INV-000384,Sales_Invoice,2025-12-27 00:00:00,Posted
DOC000385,INV-000385,Payroll,2024-07-12 00:00:00,Posted
DOC000386,INV-000386,Purchase_Order,2023-09-18 00:00:00,Posted
DOC000387,INV-000387,Purchase_Order,2023-08-05 00:00:00,Posted
DOC000388,INV-000388,Stock_Movement,2025-03-15 00:00:00,Posted
DOC000389,INV-000389,Budget_Entry,2023-07-20 00:00:00,Draft
DOC000390,INV-000390,Stock_Movement,2024-02-06 00:00:00,Posted
DOC000391,INV-000391,Payroll,2023-10-02 00:00:00,Approved
DOC000392,INV-000392,Sales_Invoice,2023-07-25 00:00:00,Posted
DOC000393,INV-000393,Stock_Movement,2025-11-29 00:00:00,Posted
DOC000394,INV-000394,Budget_Entry,2025-05-16 00:00:00,Draft
DOC000395,INV-000395,Stock_Movement,2023-04-03 00:00:00,Draft
DOC000396,INV-000396,Purchase_Order,2025-12-01 00:00:00,Posted
DOC000397,INV-000397,Payroll,2024-01-14 00:00:00,Posted
DOC000398,INV-000398,Payroll,2023-03-06 00:00:00,Posted
DOC000399,INV-000399,Payroll,2023-12-31 00:00:00,Posted
DOC000400,INV-000400,Payroll,2025-03-31 00:00:00,Approved
DOC000401,INV-000401,Payroll,2025-11-13 00:00:00,Cancelled
DOC000402,INV-000402,Payroll,2024-06-23 00:00:00,Posted
DOC000403,INV-000403,Sales_Invoice,2025-12-21 00:00:00,Posted
DOC000404,INV-000404,Budget_Entry,2024-05-05 00:00:00,Posted
DOC000405,INV-000405,Payroll,2023-08-17 00:00:00,Posted
DOC000406,INV-000406,Budget_Entry,2025-11-09 00:00:00,Posted
DOC000407,INV-000407,Payroll,2023-01-03 00:00:00,Posted
DOC000408,INV-000408,Stock_Movement,2025-06-29 00:00:00,Posted
DOC000409,INV-000409,Payroll,2023-11-03 00:00:00,Posted
DOC000410,INV-000410,Purchase_Order,2024-03-07 00:00:00,Approved
DOC000411,INV-000411,Sales_Invoice,2023-05-16 00:00:00,Posted
DOC000412,INV-000412,Stock_Movement,2024-05-29 00:00:00,Posted
DOC000413,INV-000413,Stock_Movement,2023-07-12 00:00:00,Posted
DOC000414,INV-000414,Purchase_Order,2025-05-22 00:00:00,Approved
DOC000415,INV-000415,Payroll,2024-10-27 00:00:00,Posted
DOC000416,INV-000416,Sales_Invoice,2023-07-28 00:00:00,Posted
DOC000417,INV-000417,Stock_Movement,2025-08-09 00:00:00,Posted
DOC000418,INV-000418,Sales_Invoice,2025-11-23 00:00:00,Cancelled
DOC000419,INV-000419,Stock_Movement,2024-10-10 00:00:00,Posted
DOC000420,INV-000420,Payroll,2023-04-30 00:00:00,Cancelled
DOC000421,INV-000421,Stock_Movement,2024-09-18 00:00:00,Posted
DOC000422,INV-000422,Stock_Movement,2024-06-08 00:00:00,Cancelled
DOC000423,INV-000423,Budget_Entry,2025-02-07 00:00:00,Posted
DOC000424,INV-000424,Payroll,2024-05-26 00:00:00,Approved
DOC000425,INV-000425,Purchase_Order,2023-02-16 00:00:00,Posted
DOC000426,INV-000426,Purchase_Order,2025-02-10 00:00:00,Posted
DOC000427,INV-000427,Payroll,2025-01-09 00:00:00,Posted
DOC000428,INV-000428,Purchase_Order,2024-06-05 00:00:00,Posted
DOC000429,INV-000429,Payroll,2023-05-14 00:00:00,Posted
DOC000430,INV-000430,Purchase_Order,2023-09-05 00:00:00,Posted
DOC000431,INV-000431,Budget_Entry,2024-03-11 00:00:00,Draft
DOC000432,INV-000432,Purchase_Order,2024-11-16 00:00:00,Posted
DOC000433,INV-000433,Stock_Movement,2024-08-08 00:00:00,Posted
DOC000434,INV-000434,Payroll,2023-12-17 00:00:00,Cancelled
DOC000435,INV-000435,Sales_Invoice,2023-05-23 00:00:00,Posted
DOC000436,INV-000436,Sales_Invoice,2025-08-24 00:00:00,Posted
DOC000437,INV-000437,Payroll,2025-03-14 00:00:00,Posted
DOC000438,INV-000438,Budget_Entry,2024-12-18 00:00:00,Posted
DOC000439,INV-000439,Purchase_Order,2024-10-04 00:00:00,Posted
DOC000440,INV-000440,Budget_Entry,2024-05-15 00:00:00,Posted
DOC000441,INV-000441,Sales_Invoice,2024-01-05 00:00:00,Posted
DOC000442,INV-000442,Payroll,2025-02-25 00:00:00,Posted
DOC000443,INV-000443,Payroll,2025-01-08 00:00:00,Posted
DOC000444,INV-000444,Budget_Entry,2025-08-07 00:00:00,Posted
DOC000445,INV-000445,Budget_Entry,2024-06-05 00:00:00,Posted
DOC000446,INV-000446,Purchase_Order,2024-05-03 00:00:00,Draft
DOC000447,INV-000447,Stock_Movement,2024-02-01 00:00:00,Posted
DOC000448,INV-000448,Stock_Movement,2025-06-14 00:00:00,Approved
DOC000449,INV-000449,Purchase_Order,2023-12-21 00:00:00,Posted
DOC000450,INV-000450,Stock_Movement,2025-08-04 00:00:00,Posted
DOC000451,INV-000451,Sales_Invoice,2023-10-15 00:00:00,Posted
DOC000452,INV-000452,Stock_Movement,2025-09-24 00:00:00,Cancelled
DOC000453,INV-000453,Purchase_Order,2024-06-19 00:00:00,Posted
DOC000454,INV-000454,Stock_Movement,2025-04-30 00:00:00,Draft
DOC000455,INV-000455,Payroll,2025-04-17 00:00:00,Posted
DOC000456,INV-000456,Budget_Entry,2023-06-17 00:00:00,Approved
DOC000457,INV-000457,Sales_Invoice,2025-08-07 00:00:00,Approved
DOC000458,INV-000458,Payroll,2024-09-12 00:00:00,Approved
DOC000459,INV-000459,Payroll,2024-03-03 00:00:00,Posted
DOC000460,INV-000460,Purchase_Order,2024-05-04 00:00:00,Posted
DOC000461,INV-000461,Budget_Entry,2023-12-21 00:00:00,Posted
DOC000462,INV-000462,Budget_Entry,2023-07-15 00:00:00,Posted
DOC000463,INV-000463,Sales_Invoice,2024-06-28 00:00:00,Posted
DOC000464,INV-000464,Purchase_Order,2024-12-17 00:00:00,Posted
DOC000465,INV-000465,Sales_Invoice,2025-04-03 00:00:00,Posted
DOC000466,INV-000466,Stock_Movement,2025-07-20 00:00:00,Posted
DOC000467,INV-000467,Payroll,2025-09-29 00:00:00,Posted
DOC000468,INV-000468,Sales_Invoice,2024-10-20 00:00:00,Approved
DOC000469,INV-000469,Payroll,2025-07-27 00:00:00,Approved
DOC000470,INV-000470,Purchase_Order,2025-02-18 00:00:00,Posted
DOC000471,INV-000471,Stock_Movement,2023-01-11 00:00:00,Posted
DOC000472,INV-000472,Purchase_Order,2024-01-31 00:00:00,Posted
DOC000473,INV-000473,Stock_Movement,2024-12-31 00:00:00,Posted
DOC000474,INV-000474,Stock_Movement,2024-02-13 00:00:00,Posted
DOC000475,INV-000475,Payroll,2023-12-28 00:00:00,Posted
DOC000476,INV-000476,Purchase_Order,2025-10-23 00:00:00,Posted
DOC000477,INV-000477,Purchase_Order,2023-03-25 00:00:00,Cancelled
DOC000478,INV-000478,Sales_Invoice,2023-06-05 00:00:00,Posted
DOC000479,INV-000479,Purchase_Order,2024-12-07 00:00:00,Posted
DOC000480,INV-000480,Sales_Invoice,2024-04-16 00:00:00,Posted
DOC000481,INV-000481,Budget_Entry,2024-09-10 00:00:00,Posted
DOC000482,INV-000482,Budget_Entry,2023-05-14 00:00:00,Posted
DOC000483,INV-000483,Budget_Entry,2025-02-26 00:00:00,Posted
DOC000484,INV-000484,Purchase_Order,2025-06-25 00:00:00,Posted
DOC000485,INV-000485,Purchase_Order,2025-05-13 00:00:00,Draft
DOC000486,INV-000486,Sales_Invoice,2024-10-28 00:00:00,Cancelled
DOC000487,INV-000487,Stock_Movement,2023-10-04 00:00:00,Approved
DOC000488,INV-000488,Sales_Invoice,2025-05-31 00:00:00,Posted
DOC000489,INV-000489,Budget_Entry,2023-01-13 00:00:00,Posted
DOC000490,INV-000490,Sales_Invoice,2023-12-08 00:00:00,Posted
DOC000491,INV-000491,Stock_Movement,2023-02-04 00:00:00,Posted
DOC000492,INV-000492,Purchase_Order,2024-07-12 00:00:00,Posted
DOC000493,INV-000493,Sales_Invoice,2024-02-09 00:00:00,Posted
DOC000494,INV-000494,Budget_Entry,2024-10-19 00:00:00,Posted
DOC000495,INV-000495,Budget_Entry,2023-06-08 00:00:00,Draft
DOC000496,INV-000496,Purchase_Order,2025-08-13 00:00:00,Approved
DOC000497,INV-000497,Sales_Invoice,2024-07-02 00:00:00,Approved
DOC000498,INV-000498,Stock_Movement,2025-09-11 00:00:00,Posted
DOC000499,INV-000499,Purchase_Order,2023-10-06 00:00:00,Posted
DOC000500,INV-000500,Sales_Invoice,2024-04-23 00:00:00,Posted
DOC000501,INV-000501,Payroll,2023-04-21 00:00:00,Posted
DOC000502,INV-000502,Budget_Entry,2024-03-06 00:00:00,Posted
DOC000503,INV-000503,Stock_Movement,2024-06-25 00:00:00,Posted
DOC000504,INV-000504,Stock_Movement,2023-12-26 00:00:00,Posted
DOC000505,INV-000505,Stock_Movement,2024-01-07 00:00:00,Posted
DOC000506,INV-000506,Budget_Entry,2025-11-04 00:00:00,Posted
DOC000507,INV-000507,Sales_Invoice,2025-08-12 00:00:00,Approved
DOC000508,INV-000508,Purchase_Order,2023-09-16 00:00:00,Draft
DOC000509,INV-000509,Sales_Invoice,2025-02-16 00:00:00,Posted
DOC000510,INV-000510,Purchase_Order,2023-04-30 00:00:00,Posted
DOC000511,INV-000511,Stock_Movement,2025-09-02 00:00:00,Approved
DOC000512,INV-000512,Sales_Invoice,2025-07-01 00:00:00,Posted
DOC000513,INV-000513,Stock_Movement,2024-12-23 00:00:00,Posted
DOC000514,INV-000514,Payroll,2024-06-06 00:00:00,Approved
DOC000515,INV-000515,Stock_Movement,2023-11-21 00:00:00,Posted
DOC000516,INV-000516,Stock_Movement,2025-12-09 00:00:00,Posted
DOC000517,INV-000517,Purchase_Order,2023-03-10 00:00:00,Draft
DOC000518,INV-000518,Payroll,2024-01-26 00:00:00,Posted
DOC000519,INV-000519,Stock_Movement,2024-01-18 00:00:00,Posted
DOC000520,INV-000520,Stock_Movement,2023-01-16 00:00:00,Posted
DOC000521,INV-000521,Payroll,2025-04-25 00:00:00,Posted
DOC000522,INV-000522,Payroll,2025-05-18 00:00:00,Posted
DOC000523,INV-000523,Sales_Invoice,2024-07-21 00:00:00,Posted
DOC000524,INV-000524,Purchase_Order,2023-05-12 00:00:00,Posted
DOC000525,INV-000525,Payroll,2023-09-30 00:00:00,Posted
DOC000526,INV-000526,Payroll,2024-04-28 00:00:00,Posted
DOC000527,INV-000527,Budget_Entry,2024-07-03 00:00:00,Cancelled
DOC000528,INV-000528,Payroll,2023-12-23 00:00:00,Posted
DOC000529,INV-000529,Purchase_Order,2025-12-07 00:00:00,Cancelled
DOC000530,INV-000530,Stock_Movement,2025-10-30 00:00:00,Posted
DOC000531,INV-000531,Stock_Movement,2023-08-21 00:00:00,Posted
DOC000532,INV-000532,Stock_Movement,2023-02-05 00:00:00,Posted
DOC000533,INV-000533,Stock_Movement,2024-02-17 00:00:00,Posted
DOC000534,INV-000534,Budget_Entry,2025-10-24 00:00:00,Cancelled
DOC000535,INV-000535,Payroll,2023-02-13 00:00:00,Posted
DOC000536,INV-000536,Stock_Movement,2024-07-21 00:00:00,Posted
DOC000537,INV-000537,Sales_Invoice,2025-01-09 00:00:00,Posted
DOC000538,INV-000538,Stock_Movement,2023-04-24 00:00:00,Posted
DOC000539,INV-000539,Payroll,2024-02-01 00:00:00,Posted
DOC000540,INV-000540,Stock_Movement,2024-04-10 00:00:00,Posted
DOC000541,INV-000541,Budget_Entry,2025-04-26 00:00:00,Posted
DOC000542,INV-000542,Purchase_Order,2024-05-16 00:00:00,Approved
DOC000543,INV-000543,Purchase_Order,2024-03-16 00:00:00,Posted
DOC000544,INV-000544,Payroll,2023-03-10 00:00:00,Posted
DOC000545,INV-000545,Purchase_Order,2023-11-22 00:00:00,Approved
DOC000546,INV-000546,Purchase_Order,2023-03-08 00:00:00,Posted
DOC000547,INV-000547,Sales_Invoice,2023-10-31 00:00:00,Posted
DOC000548,INV-000548,Payroll,2025-08-29 00:00:00,Posted
DOC000549,INV-000549,Payroll,2024-04-28 00:00:00,Posted
DOC000550,INV-000550,Purchase_Order,2025-07-17 00:00:00,Cancelled
DOC000551,INV-000551,Purchase_Order,2023-05-29 00:00:00,Posted
DOC000552,INV-000552,Purchase_Order,2025-11-16 00:00:00,Posted
DOC000553,INV-000553,Budget_Entry,2025-09-13 00:00:00,Posted
DOC000554,INV-000554,Stock_Movement,2024-08-06 00:00:00,Posted
DOC000555,INV-000555,Budget_Entry,2023-09-05 00:00:00,Posted
DOC000556,INV-000556,Payroll,2024-12-02 00:00:00,Draft
DOC000557,INV-000557,Sales_Invoice,2023-04-06 00:00:00,Posted
DOC000558,INV-000558,Stock_Movement,2023-10-09 00:00:00,Cancelled
DOC000559,INV-000559,Sales_Invoice,2023-11-18 00:00:00,Posted
DOC000560,INV-000560,Payroll,2024-06-12 00:00:00,Posted
DOC000561,INV-000561,Payroll,2023-09-20 00:00:00,Cancelled
DOC000562,INV-000562,Sales_Invoice,2024-08-02 00:00:00,Posted
DOC000563,INV-000563,Sales_Invoice,2023-10-21 00:00:00,Posted
DOC000564,INV-000564,Sales_Invoice,2024-01-30 00:00:00,Posted
DOC000565,INV-000565,Payroll,2024-05-27 00:00:00,Cancelled
DOC000566,INV-000566,Purchase_Order,2025-07-09 00:00:00,Posted
DOC000567,INV-000567,Sales_Invoice,2025-03-20 00:00:00,Posted
DOC000568,INV-000568,Stock_Movement,2025-07-08 00:00:00,Posted
DOC000569,INV-000569,Payroll,2024-11-23 00:00:00,Posted
DOC000570,INV-000570,Budget_Entry,2023-08-23 00:00:00,Posted
DOC000571,INV-000571,Budget_Entry,2025-08-09 00:00:00,Posted
DOC000572,INV-000572,Stock_Movement,2025-10-28 00:00:00,Posted
DOC000573,INV-000573,Purchase_Order,2024-06-22 00:00:00,Posted
DOC000574,INV-000574,Sales_Invoice,2025-03-30 00:00:00,Posted
DOC000575,INV-000575,Payroll,2023-09-29 00:00:00,Posted
DOC000576,INV-000576,Sales_Invoice,2025-10-25 00:00:00,Posted
DOC000577,INV-000577,Payroll,2024-08-15 00:00:00,Approved
DOC000578,INV-000578,Budget_Entry,2025-09-02 00:00:00,Posted
DOC000579,INV-000579,Sales_Invoice,2023-04-25 00:00:00,Posted
DOC000580,INV-000580,Stock_Movement,2023-09-20 00:00:00,Posted
DOC000581,INV-000581,Purchase_Order,2023-07-26 00:00:00,Posted
DOC000582,INV-000582,Stock_Movement,2023-10-30 00:00:00,Posted
DOC000583,INV-000583,Purchase_Order,2023-04-22 00:00:00,Posted
DOC000584,INV-000584,Sales_Invoice,2023-07-04 00:00:00,Posted
DOC000585,INV-000585,Sales_Invoice,2025-06-19 00:00:00,Approved
DOC000586,INV-000586,Purchase_Order,2023-08-09 00:00:00,Cancelled
DOC000587,INV-000587,Budget_Entry,2025-12-29 00:00:00,Draft
DOC000588,INV-000588,Payroll,2025-06-16 00:00:00,Posted
DOC000589,INV-000589,Stock_Movement,2025-12-29 00:00:00,Posted
DOC000590,INV-000590,Stock_Movement,2024-09-13 00:00:00,Posted
DOC000591,INV-000591,Stock_Movement,2024-03-02 00:00:00,Posted
DOC000592,INV-000592,Sales_Invoice,2024-10-05 00:00:00,Posted
DOC000593,INV-000593,Stock_Movement,2024-07-21 00:00:00,Posted
DOC000594,INV-000594,Payroll,2024-03-18 00:00:00,Posted
DOC000595,INV-000595,Payroll,2024-08-23 00:00:00,Approved
DOC000596,INV-000596,Purchase_Order,2024-05-18 00:00:00,Posted
DOC000597,INV-000597,Sales_Invoice,2023-05-11 00:00:00,Posted
DOC000598,INV-000598,Payroll,2023-08-06 00:00:00,Draft
DOC000599,INV-000599,Budget_Entry,2024-11-18 00:00:00,Posted
DOC000600,INV-000600,Sales_Invoice,2023-06-20 00:00:00,Posted
DOC000601,INV-000601,Sales_Invoice,2024-09-03 00:00:00,Posted
DOC000602,INV-000602,Payroll,2025-09-18 00:00:00,Posted
DOC000603,INV-000603,Budget_Entry,2023-02-26 00:00:00,Posted
DOC000604,INV-000604,Purchase_Order,2023-09-03 00:00:00,Posted
DOC000605,INV-000605,Payroll,2023-05-24 00:00:00,Approved
DOC000606,INV-000606,Budget_Entry,2025-12-10 00:00:00,Posted
DOC000607,INV-000607,Sales_Invoice,2024-01-03 00:00:00,Posted
DOC000608,INV-000608,Budget_Entry,2023-08-06 00:00:00,Posted
DOC000609,INV-000609,Sales_Invoice,2024-09-07 00:00:00,Posted
DOC000610,INV-000610,Payroll,2024-03-17 00:00:00,Posted
DOC000611,INV-000611,Payroll,2025-04-20 00:00:00,Posted
DOC000612,INV-000612,Stock_Movement,2025-08-13 00:00:00,Posted
DOC000613,INV-000613,Stock_Movement,2024-11-29 00:00:00,Posted
DOC000614,INV-000614,Stock_Movement,2025-05-25 00:00:00,Posted
DOC000615,INV-000615,Payroll,2025-02-14 00:00:00,Posted
DOC000616,INV-000616,Purchase_Order,2025-01-31 00:00:00,Approved
DOC000617,INV-000617,Payroll,2025-08-02 00:00:00,Posted
DOC000618,INV-000618,Budget_Entry,2025-07-11 00:00:00,Posted
DOC000619,INV-000619,Payroll,2025-07-23 00:00:00,Posted
DOC000620,INV-000620,Payroll,2023-01-25 00:00:00,Posted
DOC000621,INV-000621,Sales_Invoice,2025-03-16 00:00:00,Posted
DOC000622,INV-000622,Sales_Invoice,2025-02-02 00:00:00,Posted
DOC000623,INV-000623,Sales_Invoice,2025-12-19 00:00:00,Posted
DOC000624,INV-000624,Payroll,2024-03-09 00:00:00,Posted
DOC000625,INV-000625,Purchase_Order,2025-05-28 00:00:00,Posted
DOC000626,INV-000626,Budget_Entry,2025-12-25 00:00:00,Posted
DOC000627,INV-000627,Budget_Entry,2025-06-28 00:00:00,Draft
DOC000628,INV-000628,Purchase_Order,2024-07-18 00:00:00,Approved
DOC000629,INV-000629,Purchase_Order,2023-04-16 00:00:00,Approved
DOC000630,INV-000630,Budget_Entry,2023-04-06 00:00:00,Posted
DOC000631,INV-000631,Stock_Movement,2023-06-17 00:00:00,Approved
DOC000632,INV-000632,Sales_Invoice,2023-02-11 00:00:00,Posted
DOC000633,INV-000633,Sales_Invoice,2023-04-14 00:00:00,Posted
DOC000634,INV-000634,Budget_Entry,2024-06-03 00:00:00,Posted
DOC000635,INV-000635,Purchase_Order,2023-10-09 00:00:00,Posted
DOC000636,INV-000636,Stock_Movement,2025-12-02 00:00:00,Posted
DOC000637,INV-000637,Budget_Entry,2025-08-04 00:00:00,Posted
DOC000638,INV-000638,Sales_Invoice,2025-01-18 00:00:00,Posted
DOC000639,INV-000639,Payroll,2025-04-10 00:00:00,Draft
DOC000640,INV-000640,Purchase_Order,2023-02-18 00:00:00,Posted
DOC000641,INV-000641,Payroll,2023-04-25 00:00:00,Posted
DOC000642,INV-000642,Budget_Entry,2024-05-17 00:00:00,Posted
DOC000643,INV-000643,Sales_Invoice,2025-09-12 00:00:00,Posted
DOC000644,INV-000644,Stock_Movement,2023-03-12 00:00:00,Posted
DOC000645,INV-000645,Payroll,2025-10-08 00:00:00,Posted
DOC000646,INV-000646,Stock_Movement,2023-03-08 00:00:00,Approved
DOC000647,INV-000647,Sales_Invoice,2025-08-24 00:00:00,Posted
DOC000648,INV-000648,Payroll,2023-06-30 00:00:00,Approved
DOC000649,INV-000649,Stock_Movement,2024-09-04 00:00:00,Posted
DOC000650,INV-000650,Stock_Movement,2024-11-27 00:00:00,Posted
DOC000651,INV-000651,Payroll,2024-08-25 00:00:00,Posted
DOC000652,INV-000652,Sales_Invoice,2023-09-05 00:00:00,Posted
DOC000653,INV-000653,Stock_Movement,2023-12-25 00:00:00,Posted
DOC000654,INV-000654,Budget_Entry,2023-09-06 00:00:00,Posted
DOC000655,INV-000655,Payroll,2024-09-29 00:00:00,Cancelled
DOC000656,INV-000656,Purchase_Order,2025-08-07 00:00:00,Posted
DOC000657,INV-000657,Purchase_Order,2024-10-24 00:00:00,Posted
DOC000658,INV-000658,Sales_Invoice,2023-06-25 00:00:00,Posted
DOC000659,INV-000659,Budget_Entry,2024-12-23 00:00:00,Approved
DOC000660,INV-000660,Stock_Movement,2024-03-01 00:00:00,Posted
DOC000661,INV-000661,Purchase_Order,2025-02-09 00:00:00,Posted
DOC000662,INV-000662,Sales_Invoice,2024-12-03 00:00:00,Approved
DOC000663,INV-000663,Budget_Entry,2023-03-22 00:00:00,Approved
DOC000664,INV-000664,Budget_Entry,2025-07-15 00:00:00,Posted
DOC000665,INV-000665,Sales_Invoice,2023-05-18 00:00:00,Posted
DOC000666,INV-000666,Sales_Invoice,2024-04-14 00:00:00,Posted
DOC000667,INV-000667,Stock_Movement,2023-12-16 00:00:00,Posted
DOC000668,INV-000668,Sales_Invoice,2023-11-06 00:00:00,Posted
DOC000669,INV-000669,Stock_Movement,2025-11-09 00:00:00,Posted
DOC000670,INV-000670,Stock_Movement,2025-09-28 00:00:00,Posted
DOC000671,INV-000671,Payroll,2023-09-26 00:00:00,Posted
DOC000672,INV-000672,Budget_Entry,2025-10-23 00:00:00,Posted
DOC000673,INV-000673,Budget_Entry,2025-02-08 00:00:00,Posted
DOC000674,INV-000674,Budget_Entry,2023-01-16 00:00:00,Posted
DOC000675,INV-000675,Payroll,2024-08-28 00:00:00,Posted
DOC000676,INV-000676,Stock_Movement,2025-03-23 00:00:00,Posted
DOC000677,INV-000677,Stock_Movement,2024-04-26 00:00:00,Draft
DOC000678,INV-000678,Sales_Invoice,2025-06-13 00:00:00,Approved
DOC000679,INV-000679,Payroll,2023-09-26 00:00:00,Cancelled
DOC000680,INV-000680,Sales_Invoice,2024-02-18 00:00:00,Posted
DOC000681,INV-000681,Payroll,2023-01-25 00:00:00,Posted
DOC000682,INV-000682,Sales_Invoice,2023-11-12 00:00:00,Posted
DOC000683,INV-000683,Purchase_Order,2024-07-24 00:00:00,Approved
DOC000684,INV-000684,Budget_Entry,2024-12-25 00:00:00,Approved
DOC000685,INV-000685,Budget_Entry,2025-10-04 00:00:00,Posted
DOC000686,INV-000686,Stock_Movement,2024-01-24 00:00:00,Posted
DOC000687,INV-000687,Purchase_Order,2024-12-22 00:00:00,Posted
DOC000688,INV-000688,Budget_Entry,2024-03-19 00:00:00,Posted
DOC000689,INV-000689,Stock_Movement,2025-09-25 00:00:00,Cancelled
DOC000690,INV-000690,Purchase_Order,2025-12-16 00:00:00,Posted
DOC000691,INV-000691,Budget_Entry,2024-11-27 00:00:00,Posted
DOC000692,INV-000692,Sales_Invoice,2025-08-28 00:00:00,Posted
DOC000693,INV-000693,Payroll,2024-12-21 00:00:00,Posted
DOC000694,INV-000694,Purchase_Order,2024-01-03 00:00:00,Posted
DOC000695,INV-000695,Stock_Movement,2023-12-08 00:00:00,Draft
DOC000696,INV-000696,Purchase_Order,2023-10-31 00:00:00,Draft
DOC000697,INV-000697,Stock_Movement,2025-02-02 00:00:00,Approved
DOC000698,INV-000698,Purchase_Order,2025-03-26 00:00:00,Approved
DOC000699,INV-000699,Stock_Movement,2023-04-22 00:00:00,Posted
DOC000700,INV-000700,Budget_Entry,2025-05-27 00:00:00,Posted
DOC000701,INV-000701,Sales_Invoice,2025-10-26 00:00:00,Posted
DOC000702,INV-000702,Budget_Entry,2025-07-18 00:00:00,Posted
DOC000703,INV-000703,Sales_Invoice,2024-12-03 00:00:00,Cancelled
DOC000704,INV-000704,Budget_Entry,2025-04-25 00:00:00,Posted
DOC000705,INV-000705,Budget_Entry,2025-08-01 00:00:00,Posted
DOC000706,INV-000706,Purchase_Order,2023-10-06 00:00:00,Posted
DOC000707,INV-000707,Payroll,2024-01-17 00:00:00,Posted
DOC000708,INV-000708,Stock_Movement,2023-01-13 00:00:00,Posted
DOC000709,INV-000709,Stock_Movement,2023-10-30 00:00:00,Posted
DOC000710,INV-000710,Stock_Movement,2023-06-09 00:00:00,Posted
DOC000711,INV-000711,Sales_Invoice,2023-06-03 00:00:00,Posted
DOC000712,INV-000712,Stock_Movement,2025-01-23 00:00:00,Posted
DOC000713,INV-000713,Stock_Movement,2023-06-30 00:00:00,Approved
DOC000714,INV-000714,Purchase_Order,2024-01-12 00:00:00,Draft
DOC000715,INV-000715,Budget_Entry,2025-02-14 00:00:00,Posted
DOC000716,INV-000716,Stock_Movement,2023-01-16 00:00:00,Posted
DOC000717,INV-000717,Payroll,2023-09-10 00:00:00,Cancelled
DOC000718,INV-000718,Stock_Movement,2025-12-19 00:00:00,Approved
DOC000719,INV-000719,Sales_Invoice,2023-01-31 00:00:00,Posted
DOC000720,INV-000720,Sales_Invoice,2025-11-10 00:00:00,Posted
DOC000721,INV-000721,Sales_Invoice,2024-12-31 00:00:00,Posted
DOC000722,INV-000722,Stock_Movement,2023-10-16 00:00:00,Posted
DOC000723,INV-000723,Purchase_Order,2024-05-12 00:00:00,Posted
DOC000724,INV-000724,Payroll,2024-07-01 00:00:00,Posted
DOC000725,INV-000725,Stock_Movement,2025-08-18 00:00:00,Posted
DOC000726,INV-000726,Purchase_Order,2023-05-12 00:00:00,Posted
DOC000727,INV-000727,Purchase_Order,2025-05-07 00:00:00,Approved
DOC000728,INV-000728,Stock_Movement,2024-06-04 00:00:00,Posted
DOC000729,INV-000729,Stock_Movement,2023-01-30 00:00:00,Posted
DOC000730,INV-000730,Purchase_Order,2024-09-18 00:00:00,Posted
DOC000731,INV-000731,Purchase_Order,2023-01-04 00:00:00,Posted
DOC000732,INV-000732,Purchase_Order,2024-05-23 00:00:00,Posted
DOC000733,INV-000733,Stock_Movement,2023-01-16 00:00:00,Posted
DOC000734,INV-000734,Purchase_Order,2025-09-23 00:00:00,Posted
DOC000735,INV-000735,Sales_Invoice,2025-08-13 00:00:00,Approved
DOC000736,INV-000736,Stock_Movement,2023-09-20 00:00:00,Posted
DOC000737,INV-000737,Sales_Invoice,2025-12-24 00:00:00,Posted
DOC000738,INV-000738,Budget_Entry,2023-09-22 00:00:00,Posted
DOC000739,INV-000739,Stock_Movement,2024-01-13 00:00:00,Posted
DOC000740,INV-000740,Budget_Entry,2025-08-20 00:00:00,Posted
DOC000741,INV-000741,Purchase_Order,2024-04-20 00:00:00,Posted
DOC000742,INV-000742,Purchase_Order,2023-11-25 00:00:00,Posted
DOC000743,INV-000743,Payroll,2024-03-13 00:00:00,Posted
DOC000744,INV-000744,Purchase_Order,2023-01-16 00:00:00,Posted
DOC000745,INV-000745,Budget_Entry,2025-05-17 00:00:00,Posted
DOC000746,INV-000746,Purchase_Order,2024-05-25 00:00:00,Posted
DOC000747,INV-000747,Stock_Movement,2025-09-10 00:00:00,Posted
DOC000748,INV-000748,Purchase_Order,2024-08-03 00:00:00,Posted
DOC000749,INV-000749,Payroll,2023-01-06 00:00:00,Posted
DOC000750,INV-000750,Purchase_Order,2025-10-15 00:00:00,Posted
DOC000751,INV-000751,Budget_Entry,2025-03-17 00:00:00,Posted
DOC000752,INV-000752,Budget_Entry,2024-09-10 00:00:00,Posted
DOC000753,INV-000753,Purchase_Order,2024-02-09 00:00:00,Posted
DOC000754,INV-000754,Budget_Entry,2025-09-23 00:00:00,Approved
DOC000755,INV-000755,Budget_Entry,2024-08-16 00:00:00,Posted
DOC000756,INV-000756,Payroll,2024-07-19 00:00:00,Posted
DOC000757,INV-000757,Stock_Movement,2025-01-21 00:00:00,Posted
DOC000758,INV-000758,Payroll,2023-01-12 00:00:00,Posted
DOC000759,INV-000759,Sales_Invoice,2023-06-14 00:00:00,Draft
DOC000760,INV-000760,Payroll,2025-05-27 00:00:00,Posted
DOC000761,INV-000761,Purchase_Order,2023-03-19 00:00:00,Approved
DOC000762,INV-000762,Stock_Movement,2024-09-05 00:00:00,Posted
DOC000763,INV-000763,Purchase_Order,2025-05-18 00:00:00,Posted
DOC000764,INV-000764,Sales_Invoice,2025-03-22 00:00:00,Posted
DOC000765,INV-000765,Stock_Movement,2025-12-07 00:00:00,Draft
DOC000766,INV-000766,Budget_Entry,2025-02-05 00:00:00,Posted
DOC000767,INV-000767,Payroll,2023-03-23 00:00:00,Posted
DOC000768,INV-000768,Purchase_Order,2023-07-28 00:00:00,Posted
DOC000769,INV-000769,Sales_Invoice,2024-06-05 00:00:00,Posted
DOC000770,INV-000770,Budget_Entry,2025-11-18 00:00:00,Approved
DOC000771,INV-000771,Payroll,2025-09-20 00:00:00,Posted
DOC000772,INV-000772,Budget_Entry,2024-04-09 00:00:00,Posted
DOC000773,INV-000773,Payroll,2024-09-19 00:00:00,Posted
DOC000774,INV-000774,Stock_Movement,2025-02-19 00:00:00,Approved
DOC000775,INV-000775,Budget_Entry,2024-07-12 00:00:00,Posted
DOC000776,INV-000776,Budget_Entry,2025-08-17 00:00:00,Posted
DOC000777,INV-000777,Budget_Entry,2023-04-01 00:00:00,Posted
DOC000778,INV-000778,Stock_Movement,2025-12-12 00:00:00,Posted
DOC000779,INV-000779,Sales_Invoice,2025-05-09 00:00:00,Posted
DOC000780,INV-000780,Payroll,2024-07-09 00:00:00,Posted
DOC000781,INV-000781,Budget_Entry,2023-06-05 00:00:00,Posted
DOC000782,INV-000782,Stock_Movement,2023-01-02 00:00:00,Posted
DOC000783,INV-000783,Sales_Invoice,2025-04-04 00:00:00,Posted
DOC000784,INV-000784,Payroll,2025-03-12 00:00:00,Approved
DOC000785,INV-000785,Stock_Movement,2025-09-09 00:00:00,Draft
DOC000786,INV-000786,Payroll,2025-12-17 00:00:00,Posted
DOC000787,INV-000787,Budget_Entry,2024-05-07 00:00:00,Approved
DOC000788,INV-000788,Sales_Invoice,2024-10-30 00:00:00,Approved
DOC000789,INV-000789,Stock_Movement,2025-11-24 00:00:00,Draft
DOC000790,INV-000790,Sales_Invoice,2023-03-16 00:00:00,Posted
DOC000791,INV-000791,Budget_Entry,2025-08-01 00:00:00,Posted
DOC000792,INV-000792,Sales_Invoice,2024-01-06 00:00:00,Cancelled
DOC000793,INV-000793,Sales_Invoice,2024-08-09 00:00:00,Posted
DOC000794,INV-000794,Purchase_Order,2023-11-25 00:00:00,Posted
DOC000795,INV-000795,Sales_Invoice,2024-08-12 00:00:00,Posted
DOC000796,INV-000796,Payroll,2025-02-15 00:00:00,Posted
DOC000797,INV-000797,Stock_Movement,2023-10-31 00:00:00,Posted
DOC000798,INV-000798,Purchase_Order,2024-08-01 00:00:00,Approved
DOC000799,INV-000799,Stock_Movement,2023-08-09 00:00:00,Approved
DOC000800,INV-000800,Stock_Movement,2025-09-05 00:00:00,Approved
DOC000801,INV-000801,Budget_Entry,2024-01-10 00:00:00,Posted
DOC000802,INV-000802,Budget_Entry,2023-07-07 00:00:00,Posted
DOC000803,INV-000803,Purchase_Order,2024-04-18 00:00:00,Cancelled
DOC000804,INV-000804,Budget_Entry,2025-04-23 00:00:00,Posted
DOC000805,INV-000805,Budget_Entry,2024-06-14 00:00:00,Cancelled
DOC000806,INV-000806,Budget_Entry,2025-12-06 00:00:00,Posted
DOC000807,INV-000807,Stock_Movement,2025-12-24 00:00:00,Posted
DOC000808,INV-000808,Purchase_Order,2025-08-20 00:00:00,Posted
DOC000809,INV-000809,Stock_Movement,2024-04-19 00:00:00,Posted
DOC000810,INV-000810,Payroll,2025-08-03 00:00:00,Approved
DOC000811,INV-000811,Stock_Movement,2025-12-25 00:00:00,Posted
DOC000812,INV-000812,Payroll,2024-05-31 00:00:00,Cancelled
DOC000813,INV-000813,Sales_Invoice,2024-03-01 00:00:00,Draft
DOC000814,INV-000814,Sales_Invoice,2023-05-13 00:00:00,Posted
DOC000815,INV-000815,Payroll,2023-11-10 00:00:00,Posted
DOC000816,INV-000816,Payroll,2024-08-13 00:00:00,Posted
DOC000817,INV-000817,Stock_Movement,2025-10-05 00:00:00,Posted
DOC000818,INV-000818,Payroll,2023-06-08 00:00:00,Approved
DOC000819,INV-000819,Purchase_Order,2024-10-22 00:00:00,Posted
DOC000820,INV-000820,Sales_Invoice,2025-01-17 00:00:00,Posted
DOC000821,INV-000821,Sales_Invoice,2025-03-11 00:00:00,Posted
DOC000822,INV-000822,Payroll,2024-02-14 00:00:00,Approved
DOC000823,INV-000823,Budget_Entry,2024-11-10 00:00:00,Posted
DOC000824,INV-000824,Budget_Entry,2023-04-24 00:00:00,Cancelled
DOC000825,INV-000825,Payroll,2025-06-15 00:00:00,Posted
DOC000826,INV-000826,Purchase_Order,2025-12-14 00:00:00,Posted
DOC000827,INV-000827,Budget_Entry,2023-03-06 00:00:00,Posted
DOC000828,INV-000828,Payroll,2024-11-14 00:00:00,Cancelled
DOC000829,INV-000829,Purchase_Order,2023-05-26 00:00:00,Posted
DOC000830,INV-000830,Purchase_Order,2025-07-31 00:00:00,Posted
DOC000831,INV-000831,Stock_Movement,2025-10-30 00:00:00,Posted
DOC000832,INV-000832,Purchase_Order,2025-01-08 00:00:00,Approved
DOC000833,INV-000833,Budget_Entry,2023-07-05 00:00:00,Posted
DOC000834,INV-000834,Budget_Entry,2025-04-14 00:00:00,Cancelled
DOC000835,INV-000835,Payroll,2025-03-19 00:00:00,Posted
DOC000836,INV-000836,Payroll,2023-06-20 00:00:00,Cancelled
DOC000837,INV-000837,Purchase_Order,2023-08-01 00:00:00,Posted
DOC000838,INV-000838,Sales_Invoice,2023-01-27 00:00:00,Posted
DOC000839,INV-000839,Stock_Movement,2025-10-10 00:00:00,Posted
DOC000840,INV-000840,Sales_Invoice,2025-12-27 00:00:00,Posted
DOC000841,INV-000841,Purchase_Order,2025-02-28 00:00:00,Posted
DOC000842,INV-000842,Purchase_Order,2024-02-12 00:00:00,Posted
DOC000843,INV-000843,Sales_Invoice,2023-03-15 00:00:00,Posted
DOC000844,INV-000844,Stock_Movement,2024-07-31 00:00:00,Posted
DOC000845,INV-000845,Sales_Invoice,2024-11-10 00:00:00,Posted
DOC000846,INV-000846,Payroll,2025-02-24 00:00:00,Posted
DOC000847,INV-000847,Budget_Entry,2025-04-28 00:00:00,Draft
DOC000848,INV-000848,Payroll,2025-05-19 00:00:00,Posted
DOC000849,INV-000849,Budget_Entry,2023-08-25 00:00:00,Posted
DOC000850,INV-000850,Purchase_Order,2024-12-27 00:00:00,Posted
DOC000851,INV-000851,Stock_Movement,2024-01-13 00:00:00,Approved
DOC000852,INV-000852,Sales_Invoice,2024-10-22 00:00:00,Posted
DOC000853,INV-000853,Stock_Movement,2025-04-09 00:00:00,Posted
DOC000854,INV-000854,Sales_Invoice,2025-06-24 00:00:00,Posted
DOC000855,INV-000855,Payroll,2024-01-11 00:00:00,Posted
DOC000856,INV-000856,Payroll,2024-09-10 00:00:00,Posted
DOC000857,INV-000857,Sales_Invoice,2024-10-14 00:00:00,Posted
DOC000858,INV-000858,Stock_Movement,2025-10-29 00:00:00,Draft
DOC000859,INV-000859,Sales_Invoice,2023-07-15 00:00:00,Posted
DOC000860,INV-000860,Purchase_Order,2025-03-17 00:00:00,Approved
DOC000861,INV-000861,Payroll,2025-06-11 00:00:00,Posted
DOC000862,INV-000862,Purchase_Order,2025-12-20 00:00:00,Posted
DOC000863,INV-000863,Payroll,2025-07-25 00:00:00,Posted
DOC000864,INV-000864,Payroll,2025-04-26 00:00:00,Posted
DOC000865,INV-000865,Budget_Entry,2025-03-28 00:00:00,Draft
DOC000866,INV-000866,Purchase_Order,2024-07-17 00:00:00,Posted
DOC000867,INV-000867,Purchase_Order,2024-09-25 00:00:00,Approved
DOC000868,INV-000868,Budget_Entry,2024-11-09 00:00:00,Draft
DOC000869,INV-000869,Stock_Movement,2025-10-14 00:00:00,Posted
DOC000870,INV-000870,Purchase_Order,2023-01-08 00:00:00,Approved
DOC000871,INV-000871,Sales_Invoice,2025-12-04 00:00:00,Posted
DOC000872,INV-000872,Budget_Entry,2023-12-10 00:00:00,Posted
DOC000873,INV-000873,Purchase_Order,2025-03-06 00:00:00,Draft
DOC000874,INV-000874,Stock_Movement,2025-11-16 00:00:00,Draft
DOC000875,INV-000875,Purchase_Order,2025-04-28 00:00:00,Posted
DOC000876,INV-000876,Payroll,2023-03-03 00:00:00,Posted
DOC000877,INV-000877,Sales_Invoice,2025-12-21 00:00:00,Posted
DOC000878,INV-000878,Budget_Entry,2024-02-26 00:00:00,Posted
DOC000879,INV-000879,Payroll,2024-09-24 00:00:00,Posted
DOC000880,INV-000880,Stock_Movement,2025-03-02 00:00:00,Posted
DOC000881,INV-000881,Payroll,2024-07-04 00:00:00,Posted
DOC000882,INV-000882,Payroll,2024-08-28 00:00:00,Posted
DOC000883,INV-000883,Stock_Movement,2024-06-08 00:00:00,Posted
DOC000884,INV-000884,Payroll,2025-06-17 00:00:00,Posted
DOC000885,INV-000885,Budget_Entry,2023-06-12 00:00:00,Posted
DOC000886,INV-000886,Purchase_Order,2025-02-25 00:00:00,Cancelled
DOC000887,INV-000887,Payroll,2025-06-28 00:00:00,Posted
DOC000888,INV-000888,Budget_Entry,2025-09-08 00:00:00,Cancelled
DOC000889,INV-000889,Purchase_Order,2024-01-14 00:00:00,Posted
DOC000890,INV-000890,Purchase_Order,2023-06-22 00:00:00,Posted
DOC000891,INV-000891,Payroll,2025-09-26 00:00:00,Approved
DOC000892,INV-000892,Budget_Entry,2023-03-05 00:00:00,Posted
DOC000893,INV-000893,Payroll,2025-09-01 00:00:00,Posted
DOC000894,INV-000894,Stock_Movement,2023-03-07 00:00:00,Posted
DOC000895,INV-000895,Purchase_Order,2024-04-02 00:00:00,Draft
DOC000896,INV-000896,Payroll,2024-03-28 00:00:00,Posted
DOC000897,INV-000897,Purchase_Order,2025-09-05 00:00:00,Approved
DOC000898,INV-000898,Budget_Entry,2023-06-27 00:00:00,Cancelled
DOC000899,INV-000899,Sales_Invoice,2023-10-07 00:00:00,Posted
DOC000900,INV-000900,Payroll,2023-12-10 00:00:00,Draft
DOC000901,INV-000901,Payroll,2025-11-06 00:00:00,Posted
DOC000902,INV-000902,Purchase_Order,2023-10-23 00:00:00,Posted
DOC000903,INV-000903,Budget_Entry,2023-07-21 00:00:00,Posted
DOC000904,INV-000904,Stock_Movement,2025-08-19 00:00:00,Posted
DOC000905,INV-000905,Budget_Entry,2024-11-14 00:00:00,Posted
DOC000906,INV-000906,Payroll,2024-01-10 00:00:00,Posted
DOC000907,INV-000907,Stock_Movement,2023-02-04 00:00:00,Posted
DOC000908,INV-000908,Budget_Entry,2023-01-29 00:00:00,Posted
DOC000909,INV-000909,Sales_Invoice,2025-02-13 00:00:00,Posted
DOC000910,INV-000910,Purchase_Order,2023-08-09 00:00:00,Approved
DOC000911,INV-000911,Budget_Entry,2023-02-22 00:00:00,Posted
DOC000912,INV-000912,Budget_Entry,2025-03-01 00:00:00,Posted
DOC000913,INV-000913,Sales_Invoice,2023-03-17 00:00:00,Posted
DOC000914,INV-000914,Payroll,2024-05-08 00:00:00,Posted
DOC000915,INV-000915,Purchase_Order,2023-04-27 00:00:00,Posted
DOC000916,INV-000916,Budget_Entry,2023-10-07 00:00:00,Posted
DOC000917,INV-000917,Stock_Movement,2025-01-15 00:00:00,Cancelled
DOC000918,INV-000918,Budget_Entry,2025-08-06 00:00:00,Posted
DOC000919,INV-000919,Purchase_Order,2025-02-02 00:00:00,Posted
DOC000920,INV-000920,Budget_Entry,2023-10-22 00:00:00,Posted
DOC000921,INV-000921,Sales_Invoice,2025-10-14 00:00:00,Cancelled
DOC000922,INV-000922,Budget_Entry,2025-11-10 00:00:00,Posted
DOC000923,INV-000923,Budget_Entry,2025-04-21 00:00:00,Posted
DOC000924,INV-000924,Stock_Movement,2025-11-25 00:00:00,Posted
DOC000925,INV-000925,Sales_Invoice,2024-05-11 00:00:00,Approved
DOC000926,INV-000926,Sales_Invoice,2023-07-25 00:00:00,Posted
DOC000927,INV-000927,Budget_Entry,2024-03-01 00:00:00,Posted
DOC000928,INV-000928,Stock_Movement,2023-02-13 00:00:00,Cancelled
DOC000929,INV-000929,Budget_Entry,2024-08-27 00:00:00,Posted
DOC000930,INV-000930,Budget_Entry,2024-03-29 00:00:00,Posted
DOC000931,INV-000931,Purchase_Order,2024-08-17 00:00:00,Draft
DOC000932,INV-000932,Purchase_Order,2024-05-21 00:00:00,Cancelled
DOC000933,INV-000933,Stock_Movement,2025-03-04 00:00:00,Posted
DOC000934,INV-000934,Payroll,2023-01-21 00:00:00,Posted
DOC000935,INV-000935,Purchase_Order,2024-09-11 00:00:00,Posted
DOC000936,INV-000936,Payroll,2024-02-18 00:00:00,Posted
DOC000937,INV-000937,Sales_Invoice,2025-12-30 00:00:00,Posted
DOC000938,INV-000938,Purchase_Order,2023-12-03 00:00:00,Posted
DOC000939,INV-000939,Purchase_Order,2025-06-28 00:00:00,Cancelled
DOC000940,INV-000940,Stock_Movement,2023-10-03 00:00:00,Approved
DOC000941,INV-000941,Payroll,2025-06-10 00:00:00,Posted
DOC000942,INV-000942,Purchase_Order,2023-01-13 00:00:00,Posted
DOC000943,INV-000943,Purchase_Order,2025-10-23 00:00:00,Posted
DOC000944,INV-000944,Stock_Movement,2025-09-04 00:00:00,Posted
DOC000945,INV-000945,Stock_Movement,2025-08-31 00:00:00,Cancelled
DOC000946,INV-000946,Payroll,2023-06-24 00:00:00,Posted
DOC000947,INV-000947,Sales_Invoice,2023-08-29 00:00:00,Posted
DOC000948,INV-000948,Sales_Invoice,2024-06-30 00:00:00,Approved
DOC000949,INV-000949,Budget_Entry,2023-01-14 00:00:00,Posted
DOC000950,INV-000950,Purchase_Order,2024-12-25 00:00:00,Draft
DOC000951,INV-000951,Payroll,2023-01-03 00:00:00,Posted
DOC000952,INV-000952,Purchase_Order,2024-11-21 00:00:00,Approved
DOC000953,INV-000953,Payroll,2025-01-16 00:00:00,Posted
DOC000954,INV-000954,Payroll,2025-02-07 00:00:00,Draft
DOC000955,INV-000955,Payroll,2025-05-21 00:00:00,Posted
DOC000956,INV-000956,Purchase_Order,2024-05-09 00:00:00,Posted
DOC000957,INV-000957,Stock_Movement,2024-02-21 00:00:00,Posted
DOC000958,INV-000958,Purchase_Order,2024-09-19 00:00:00,Posted
DOC000959,INV-000959,Payroll,2025-12-11 00:00:00,Posted
DOC000960,INV-000960,Budget_Entry,2025-10-17 00:00:00,Posted
DOC000961,INV-000961,Sales_Invoice,2023-05-22 00:00:00,Approved
DOC000962,INV-000962,Payroll,2023-02-15 00:00:00,Posted
DOC000963,INV-000963,Budget_Entry,2025-04-23 00:00:00,Posted
DOC000964,INV-000964,Stock_Movement,2025-10-05 00:00:00,Posted
DOC000965,INV-000965,Payroll,2023-01-10 00:00:00,Posted
DOC000966,INV-000966,Budget_Entry,2024-10-25 00:00:00,Posted
DOC000967,INV-000967,Payroll,2024-07-26 00:00:00,Posted
DOC000968,INV-000968,Purchase_Order,2024-10-10 00:00:00,Posted
DOC000969,INV-000969,Budget_Entry,2025-07-01 00:00:00,Posted
DOC000970,INV-000970,Purchase_Order,2024-10-01 00:00:00,Draft
DOC000971,INV-000971,Purchase_Order,2024-09-07 00:00:00,Posted
DOC000972,INV-000972,Budget_Entry,2024-11-28 00:00:00,Draft
DOC000973,INV-000973,Sales_Invoice,2025-06-27 00:00:00,Posted
DOC000974,INV-000974,Budget_Entry,2023-06-27 00:00:00,Posted
DOC000975,INV-000975,Sales_Invoice,2025-05-18 00:00:00,Posted
DOC000976,INV-000976,Payroll,2025-10-26 00:00:00,Posted
DOC000977,INV-000977,Payroll,2025-05-02 00:00:00,Posted
DOC000978,INV-000978,Budget_Entry,2023-11-03 00:00:00,Posted
DOC000979,INV-000979,Payroll,2024-07-01 00:00:00,Posted
DOC000980,INV-000980,Stock_Movement,2023-11-23 00:00:00,Approved
DOC000981,INV-000981,Purchase_Order,2024-01-30 00:00:00,Posted
DOC000982,INV-000982,Purchase_Order,2023-10-27 00:00:00,Posted
DOC000983,INV-000983,Sales_Invoice,2025-01-18 00:00:00,Posted
DOC000984,INV-000984,Payroll,2023-10-12 00:00:00,Posted
DOC000985,INV-000985,Sales_Invoice,2023-11-26 00:00:00,Posted
DOC000986,INV-000986,Purchase_Order,2023-02-19 00:00:00,Cancelled
DOC000987,INV-000987,Purchase_Order,2025-02-11 00:00:00,Posted
DOC000988,INV-000988,Payroll,2024-01-13 00:00:00,Posted
DOC000989,INV-000989,Stock_Movement,2025-09-26 00:00:00,Posted
DOC000990,INV-000990,Stock_Movement,2025-02-12 00:00:00,Posted
DOC000991,INV-000991,Payroll,2025-12-19 00:00:00,Posted
DOC000992,INV-000992,Payroll,2025-05-17 00:00:00,Posted
DOC000993,INV-000993,Sales_Invoice,2023-01-03 00:00:00,Posted
DOC000994,INV-000994,Payroll,2025-01-17 00:00:00,Posted
DOC000995,INV-000995,Stock_Movement,2023-10-02 00:00:00,Posted
DOC000996,INV-000996,Payroll,2023-08-03 00:00:00,Posted
DOC000997,INV-000997,Sales_Invoice,2023-11-25 00:00:00,Posted
DOC000998,INV-000998,Sales_Invoice,2023-09-12 00:00:00,Posted
DOC000999,INV-000999,Sales_Invoice,2023-05-06 00:00:00,Cancelled
DOC001000,INV-001000,Sales_Invoice,2025-02-05 00:00:00,Approved
DOC001001,INV-001001,Budget_Entry,2023-08-05 00:00:00,Posted
DOC001002,INV-001002,Payroll,2025-04-11 00:00:00,Posted
DOC001003,INV-001003,Purchase_Order,2023-07-01 00:00:00,Posted
DOC001004,INV-001004,Payroll,2023-11-30 00:00:00,Posted
DOC001005,INV-001005,Budget_Entry,2024-05-25 00:00:00,Posted
DOC001006,INV-001006,Sales_Invoice,2024-01-18 00:00:00,Posted
DOC001007,INV-001007,Budget_Entry,2023-11-28 00:00:00,Posted
DOC001008,INV-001008,Stock_Movement,2025-06-18 00:00:00,Posted
DOC001009,INV-001009,Stock_Movement,2024-10-03 00:00:00,Posted
DOC001010,INV-001010,Payroll,2024-09-25 00:00:00,Posted
DOC001011,INV-001011,Payroll,2024-03-26 00:00:00,Posted
DOC001012,INV-001012,Purchase_Order,2023-07-15 00:00:00,Posted
DOC001013,INV-001013,Purchase_Order,2024-04-02 00:00:00,Posted
DOC001014,INV-001014,Stock_Movement,2025-04-09 00:00:00,Posted
DOC001015,INV-001015,Sales_Invoice,2023-09-14 00:00:00,Posted
DOC001016,INV-001016,Budget_Entry,2023-01-09 00:00:00,Posted
DOC001017,INV-001017,Purchase_Order,2025-01-30 00:00:00,Posted
DOC001018,INV-001018,Purchase_Order,2025-08-06 00:00:00,Posted
DOC001019,INV-001019,Sales_Invoice,2025-12-18 00:00:00,Approved
DOC001020,INV-001020,Sales_Invoice,2025-06-05 00:00:00,Posted
DOC001021,INV-001021,Payroll,2024-01-28 00:00:00,Posted
DOC001022,INV-001022,Budget_Entry,2024-02-03 00:00:00,Posted
DOC001023,INV-001023,Sales_Invoice,2023-11-27 00:00:00,Posted
DOC001024,INV-001024,Purchase_Order,2024-04-24 00:00:00,Posted
DOC001025,INV-001025,Purchase_Order,2023-05-14 00:00:00,Posted
DOC001026,INV-001026,Stock_Movement,2025-07-04 00:00:00,Posted
DOC001027,INV-001027,Sales_Invoice,2025-07-23 00:00:00,Draft
DOC001028,INV-001028,Payroll,2023-12-21 00:00:00,Posted
DOC001029,INV-001029,Budget_Entry,2024-08-06 00:00:00,Approved
DOC001030,INV-001030,Payroll,2024-09-16 00:00:00,Posted
DOC001031,INV-001031,Purchase_Order,2023-10-17 00:00:00,Posted
DOC001032,INV-001032,Payroll,2025-04-04 00:00:00,Posted
DOC001033,INV-001033,Purchase_Order,2024-09-20 00:00:00,Approved
DOC001034,INV-001034,Purchase_Order,2025-10-15 00:00:00,Cancelled
DOC001035,INV-001035,Purchase_Order,2024-09-23 00:00:00,Posted
DOC001036,INV-001036,Purchase_Order,2023-11-23 00:00:00,Posted
DOC001037,INV-001037,Purchase_Order,2023-07-29 00:00:00,Posted
DOC001038,INV-001038,Stock_Movement,2024-09-27 00:00:00,Posted
DOC001039,INV-001039,Payroll,2025-05-17 00:00:00,Posted
DOC001040,INV-001040,Stock_Movement,2024-03-03 00:00:00,Posted
DOC001041,INV-001041,Stock_Movement,2024-01-28 00:00:00,Posted
DOC001042,INV-001042,Sales_Invoice,2025-04-05 00:00:00,Posted
DOC001043,INV-001043,Sales_Invoice,2025-07-04 00:00:00,Posted
DOC001044,INV-001044,Sales_Invoice,2023-12-14 00:00:00,Cancelled
DOC001045,INV-001045,Budget_Entry,2023-02-19 00:00:00,Posted
DOC001046,INV-001046,Sales_Invoice,2025-07-04 00:00:00,Approved
DOC001047,INV-001047,Payroll,2025-11-16 00:00:00,Posted
DOC001048,INV-001048,Stock_Movement,2025-08-25 00:00:00,Posted
DOC001049,INV-001049,Payroll,2025-03-10 00:00:00,Draft
DOC001050,INV-001050,Sales_Invoice,2025-10-13 00:00:00,Posted
DOC001051,INV-001051,Budget_Entry,2024-10-10 00:00:00,Posted
DOC001052,INV-001052,Budget_Entry,2023-10-28 00:00:00,Posted
DOC001053,INV-001053,Stock_Movement,2023-06-15 00:00:00,Posted
DOC001054,INV-001054,Payroll,2023-11-12 00:00:00,Cancelled
DOC001055,INV-001055,Purchase_Order,2023-01-01 00:00:00,Posted
DOC001056,INV-001056,Payroll,2025-10-16 00:00:00,Posted
DOC001057,INV-001057,Sales_Invoice,2023-03-04 00:00:00,Approved
DOC001058,INV-001058,Purchase_Order,2024-04-27 00:00:00,Posted
DOC001059,INV-001059,Budget_Entry,2023-08-10 00:00:00,Cancelled
DOC001060,INV-001060,Stock_Movement,2023-06-01 00:00:00,Posted
DOC001061,INV-001061,Stock_Movement,2024-10-05 00:00:00,Posted
DOC001062,INV-001062,Budget_Entry,2024-09-17 00:00:00,Posted
DOC001063,INV-001063,Sales_Invoice,2023-08-05 00:00:00,Posted
DOC001064,INV-001064,Budget_Entry,2023-07-15 00:00:00,Posted
DOC001065,INV-001065,Sales_Invoice,2025-09-21 00:00:00,Cancelled
DOC001066,INV-001066,Purchase_Order,2025-10-11 00:00:00,Posted
DOC001067,INV-001067,Budget_Entry,2024-10-08 00:00:00,Cancelled
DOC001068,INV-001068,Sales_Invoice,2024-12-08 00:00:00,Posted
DOC001069,INV-001069,Purchase_Order,2025-12-16 00:00:00,Posted
DOC001070,INV-001070,Budget_Entry,2024-12-22 00:00:00,Approved
DOC001071,INV-001071,Stock_Movement,2024-10-01 00:00:00,Posted
DOC001072,INV-001072,Budget_Entry,2023-04-16 00:00:00,Posted
DOC001073,INV-001073,Payroll,2023-06-14 00:00:00,Posted
DOC001074,INV-001074,Budget_Entry,2023-08-03 00:00:00,Posted
DOC001075,INV-001075,Payroll,2025-12-30 00:00:00,Posted
DOC001076,INV-001076,Purchase_Order,2023-03-31 00:00:00,Posted
DOC001077,INV-001077,Budget_Entry,2025-05-23 00:00:00,Posted
DOC001078,INV-001078,Purchase_Order,2024-08-30 00:00:00,Posted
DOC001079,INV-001079,Purchase_Order,2023-12-15 00:00:00,Posted
DOC001080,INV-001080,Sales_Invoice,2025-06-12 00:00:00,Posted
DOC001081,INV-001081,Purchase_Order,2023-09-03 00:00:00,Posted
DOC001082,INV-001082,Purchase_Order,2023-09-29 00:00:00,Posted
DOC001083,INV-001083,Budget_Entry,2024-02-07 00:00:00,Posted
DOC001084,INV-001084,Budget_Entry,2025-11-05 00:00:00,Posted
DOC001085,INV-001085,Stock_Movement,2025-08-18 00:00:00,Posted
DOC001086,INV-001086,Sales_Invoice,2025-06-16 00:00:00,Posted
DOC001087,INV-001087,Purchase_Order,2025-12-15 00:00:00,Posted
DOC001088,INV-001088,Sales_Invoice,2023-10-11 00:00:00,Posted
DOC001089,INV-001089,Payroll,2024-05-31 00:00:00,Posted
DOC001090,INV-001090,Purchase_Order,2024-09-09 00:00:00,Posted
DOC001091,INV-001091,Sales_Invoice,2024-09-03 00:00:00,Posted
DOC001092,INV-001092,Stock_Movement,2025-01-19 00:00:00,Posted
DOC001093,INV-001093,Stock_Movement,2024-02-04 00:00:00,Posted
DOC001094,INV-001094,Purchase_Order,2023-03-27 00:00:00,Posted
DOC001095,INV-001095,Payroll,2023-11-16 00:00:00,Posted
DOC001096,INV-001096,Stock_Movement,2025-11-21 00:00:00,Posted
DOC001097,INV-001097,Stock_Movement,2023-12-02 00:00:00,Approved
DOC001098,INV-001098,Payroll,2023-02-20 00:00:00,Posted
DOC001099,INV-001099,Sales_Invoice,2023-06-23 00:00:00,Posted
DOC001100,INV-001100,Stock_Movement,2024-05-15 00:00:00,Posted
DOC001101,INV-001101,Budget_Entry,2023-03-17 00:00:00,Posted
DOC001102,INV-001102,Stock_Movement,2023-11-12 00:00:00,Posted
DOC001103,INV-001103,Sales_Invoice,2024-11-27 00:00:00,Posted
DOC001104,INV-001104,Sales_Invoice,2025-10-06 00:00:00,Posted
DOC001105,INV-001105,Purchase_Order,2025-01-01 00:00:00,Posted
DOC001106,INV-001106,Budget_Entry,2025-12-30 00:00:00,Posted
DOC001107,INV-001107,Sales_Invoice,2025-08-26 00:00:00,Posted
DOC001108,INV-001108,Payroll,2025-05-03 00:00:00,Posted
DOC001109,INV-001109,Budget_Entry,2024-10-27 00:00:00,Posted
DOC001110,INV-001110,Budget_Entry,2024-10-13 00:00:00,Posted
DOC001111,INV-001111,Payroll,2025-12-30 00:00:00,Posted
DOC001112,INV-001112,Stock_Movement,2023-02-15 00:00:00,Posted
DOC001113,INV-001113,Payroll,2025-12-06 00:00:00,Posted
DOC001114,INV-001114,Payroll,2023-05-29 00:00:00,Posted
DOC001115,INV-001115,Stock_Movement,2025-06-28 00:00:00,Posted
DOC001116,INV-001116,Stock_Movement,2024-03-31 00:00:00,Posted
DOC001117,INV-001117,Stock_Movement,2025-05-26 00:00:00,Posted
DOC001118,INV-001118,Stock_Movement,2025-08-23 00:00:00,Posted
DOC001119,INV-001119,Stock_Movement,2025-05-18 00:00:00,Posted
DOC001120,INV-001120,Payroll,2025-07-17 00:00:00,Posted
DOC001121,INV-001121,Purchase_Order,2025-10-20 00:00:00,Posted
DOC001122,INV-001122,Purchase_Order,2025-09-27 00:00:00,Posted
DOC001123,INV-001123,Sales_Invoice,2025-02-12 00:00:00,Posted
DOC001124,INV-001124,Purchase_Order,2023-09-01 00:00:00,Posted
DOC001125,INV-001125,Purchase_Order,2024-04-18 00:00:00,Posted
DOC001126,INV-001126,Payroll,2024-01-17 00:00:00,Posted
DOC001127,INV-001127,Stock_Movement,2024-05-03 00:00:00,Cancelled
DOC001128,INV-001128,Stock_Movement,2025-11-26 00:00:00,Posted
DOC001129,INV-001129,Payroll,2024-02-01 00:00:00,Posted
DOC001130,INV-001130,Purchase_Order,2023-10-23 00:00:00,Posted
DOC001131,INV-001131,Payroll,2023-04-17 00:00:00,Posted
DOC001132,INV-001132,Sales_Invoice,2025-05-09 00:00:00,Approved
DOC001133,INV-001133,Stock_Movement,2025-08-11 00:00:00,Posted
DOC001134,INV-001134,Budget_Entry,2024-06-13 00:00:00,Approved
DOC001135,INV-001135,Sales_Invoice,2025-07-22 00:00:00,Posted
DOC001136,INV-001136,Sales_Invoice,2023-10-15 00:00:00,Posted
DOC001137,INV-001137,Payroll,2024-12-06 00:00:00,Posted
DOC001138,INV-001138,Purchase_Order,2023-08-03 00:00:00,Posted
DOC001139,INV-001139,Stock_Movement,2025-01-01 00:00:00,Posted
DOC001140,INV-001140,Budget_Entry,2023-12-10 00:00:00,Approved
DOC001141,INV-001141,Sales_Invoice,2023-07-13 00:00:00,Posted
DOC001142,INV-001142,Budget_Entry,2023-06-07 00:00:00,Posted
DOC001143,INV-001143,Purchase_Order,2024-04-09 00:00:00,Draft
DOC001144,INV-001144,Purchase_Order,2023-04-14 00:00:00,Posted
DOC001145,INV-001145,Budget_Entry,2023-02-03 00:00:00,Posted
DOC001146,INV-001146,Stock_Movement,2024-09-30 00:00:00,Posted
DOC001147,INV-001147,Purchase_Order,2023-11-21 00:00:00,Posted
DOC001148,INV-001148,Budget_Entry,2024-11-21 00:00:00,Posted
DOC001149,INV-001149,Sales_Invoice,2024-08-14 00:00:00,Draft
DOC001150,INV-001150,Budget_Entry,2023-05-21 00:00:00,Posted
DOC001151,INV-001151,Budget_Entry,2024-04-18 00:00:00,Approved
DOC001152,INV-001152,Payroll,2025-11-20 00:00:00,Posted
DOC001153,INV-001153,Purchase_Order,2025-06-02 00:00:00,Posted
DOC001154,INV-001154,Stock_Movement,2023-03-04 00:00:00,Posted
DOC001155,INV-001155,Stock_Movement,2023-10-31 00:00:00,Posted
DOC001156,INV-001156,Payroll,2025-12-20 00:00:00,Cancelled
DOC001157,INV-001157,Stock_Movement,2024-01-31 00:00:00,Posted
DOC001158,INV-001158,Budget_Entry,2023-11-30 00:00:00,Posted
DOC001159,INV-001159,Payroll,2025-02-24 00:00:00,Posted
DOC001160,INV-001160,Sales_Invoice,2024-02-15 00:00:00,Posted
DOC001161,INV-001161,Purchase_Order,2023-10-11 00:00:00,Posted
DOC001162,INV-001162,Purchase_Order,2024-04-10 00:00:00,Posted
DOC001163,INV-001163,Purchase_Order,2023-03-21 00:00:00,Posted
DOC001164,INV-001164,Budget_Entry,2025-02-22 00:00:00,Approved
DOC001165,INV-001165,Sales_Invoice,2025-01-02 00:00:00,Posted
DOC001166,INV-001166,Payroll,2023-03-18 00:00:00,Posted
DOC001167,INV-001167,Payroll,2024-05-23 00:00:00,Posted
DOC001168,INV-001168,Purchase_Order,2025-10-29 00:00:00,Cancelled
DOC001169,INV-001169,Sales_Invoice,2024-04-06 00:00:00,Draft
DOC001170,INV-001170,Sales_Invoice,2023-09-02 00:00:00,Posted
DOC001171,INV-001171,Sales_Invoice,2023-05-02 00:00:00,Posted
DOC001172,INV-001172,Stock_Movement,2023-07-04 00:00:00,Posted
DOC001173,INV-001173,Stock_Movement,2023-02-01 00:00:00,Posted
DOC001174,INV-001174,Purchase_Order,2025-09-24 00:00:00,Posted
DOC001175,INV-001175,Sales_Invoice,2025-01-31 00:00:00,Posted
DOC001176,INV-001176,Sales_Invoice,2024-07-22 00:00:00,Posted
DOC001177,INV-001177,Payroll,2023-11-06 00:00:00,Approved
DOC001178,INV-001178,Payroll,2025-04-09 00:00:00,Posted
DOC001179,INV-001179,Purchase_Order,2025-09-18 00:00:00,Approved
DOC001180,INV-001180,Sales_Invoice,2025-12-15 00:00:00,Posted
DOC001181,INV-001181,Purchase_Order,2025-03-01 00:00:00,Posted
DOC001182,INV-001182,Payroll,2024-04-08 00:00:00,Posted
DOC001183,INV-001183,Payroll,2024-11-08 00:00:00,Approved
DOC001184,INV-001184,Stock_Movement,2025-09-05 00:00:00,Posted
DOC001185,INV-001185,Purchase_Order,2024-10-31 00:00:00,Posted
DOC001186,INV-001186,Purchase_Order,2024-11-28 00:00:00,Posted
DOC001187,INV-001187,Sales_Invoice,2025-09-20 00:00:00,Posted
DOC001188,INV-001188,Sales_Invoice,2023-03-19 00:00:00,Posted
DOC001189,INV-001189,Stock_Movement,2024-06-17 00:00:00,Approved
DOC001190,INV-001190,Budget_Entry,2023-04-18 00:00:00,Posted
DOC001191,INV-001191,Budget_Entry,2025-02-02 00:00:00,Posted
DOC001192,INV-001192,Budget_Entry,2023-01-15 00:00:00,Posted
DOC001193,INV-001193,Purchase_Order,2024-01-05 00:00:00,Posted
DOC001194,INV-001194,Purchase_Order,2023-07-24 00:00:00,Posted
DOC001195,INV-001195,Payroll,2025-05-14 00:00:00,Posted
DOC001196,INV-001196,Purchase_Order,2024-03-16 00:00:00,Posted
DOC001197,INV-001197,Purchase_Order,2025-05-08 00:00:00,Posted
DOC001198,INV-001198,Purchase_Order,2023-08-15 00:00:00,Cancelled
DOC001199,INV-001199,Stock_Movement,2024-06-11 00:00:00,Approved
DOC001200,INV-001200,Purchase_Order,2023-12-20 00:00:00,Posted
DOC001201,INV-001201,Sales_Invoice,2024-09-14 00:00:00,Posted
DOC001202,INV-001202,Sales_Invoice,2025-10-21 00:00:00,Posted
DOC001203,INV-001203,Payroll,2025-07-15 00:00:00,Draft
DOC001204,INV-001204,Stock_Movement,2023-06-10 00:00:00,Approved
DOC001205,INV-001205,Sales_Invoice,2025-05-20 00:00:00,Posted
DOC001206,INV-001206,Stock_Movement,2024-03-19 00:00:00,Posted
DOC001207,INV-001207,Stock_Movement,2024-04-07 00:00:00,Posted
DOC001208,INV-001208,Payroll,2025-11-19 00:00:00,Posted
DOC001209,INV-001209,Stock_Movement,2024-04-17 00:00:00,Posted
DOC001210,INV-001210,Purchase_Order,2024-07-10 00:00:00,Posted
DOC001211,INV-001211,Stock_Movement,2023-03-21 00:00:00,Posted
DOC001212,INV-001212,Payroll,2025-11-28 00:00:00,Approved
DOC001213,INV-001213,Payroll,2023-08-28 00:00:00,Posted
DOC001214,INV-001214,Payroll,2024-07-10 00:00:00,Posted
DOC001215,INV-001215,Sales_Invoice,2024-08-12 00:00:00,Posted
DOC001216,INV-001216,Purchase_Order,2023-09-26 00:00:00,Approved
DOC001217,INV-001217,Sales_Invoice,2023-12-01 00:00:00,Cancelled
DOC001218,INV-001218,Budget_Entry,2023-11-08 00:00:00,Posted
DOC001219,INV-001219,Purchase_Order,2025-12-12 00:00:00,Posted
DOC001220,INV-001220,Stock_Movement,2025-12-27 00:00:00,Posted
DOC001221,INV-001221,Payroll,2024-11-24 00:00:00,Posted
DOC001222,INV-001222,Budget_Entry,2023-02-03 00:00:00,Posted
DOC001223,INV-001223,Purchase_Order,2024-01-21 00:00:00,Posted
DOC001224,INV-001224,Sales_Invoice,2023-09-06 00:00:00,Posted
DOC001225,INV-001225,Payroll,2025-12-06 00:00:00,Posted
DOC001226,INV-001226,Sales_Invoice,2025-03-04 00:00:00,Posted
DOC001227,INV-001227,Purchase_Order,2025-05-01 00:00:00,Draft
DOC001228,INV-001228,Purchase_Order,2025-05-23 00:00:00,Posted
DOC001229,INV-001229,Budget_Entry,2024-01-11 00:00:00,Posted
DOC001230,INV-001230,Stock_Movement,2024-12-24 00:00:00,Draft
DOC001231,INV-001231,Sales_Invoice,2023-07-21 00:00:00,Posted
DOC001232,INV-001232,Budget_Entry,2024-03-20 00:00:00,Posted
DOC001233,INV-001233,Payroll,2023-10-24 00:00:00,Posted
DOC001234,INV-001234,Stock_Movement,2024-05-07 00:00:00,Posted
DOC001235,INV-001235,Budget_Entry,2023-12-04 00:00:00,Cancelled
DOC001236,INV-001236,Sales_Invoice,2025-07-11 00:00:00,Posted
DOC001237,INV-001237,Purchase_Order,2025-12-25 00:00:00,Approved
DOC001238,INV-001238,Payroll,2025-03-02 00:00:00,Posted
DOC001239,INV-001239,Sales_Invoice,2025-08-19 00:00:00,Posted
DOC001240,INV-001240,Stock_Movement,2023-11-13 00:00:00,Posted
DOC001241,INV-001241,Stock_Movement,2025-07-30 00:00:00,Posted
DOC001242,INV-001242,Purchase_Order,2024-09-17 00:00:00,Posted
DOC001243,INV-001243,Purchase_Order,2023-03-16 00:00:00,Posted
DOC001244,INV-001244,Payroll,2025-07-27 00:00:00,Posted
DOC001245,INV-001245,Payroll,2023-02-28 00:00:00,Draft
DOC001246,INV-001246,Purchase_Order,2024-01-21 00:00:00,Posted
DOC001247,INV-001247,Purchase_Order,2023-01-15 00:00:00,Posted
DOC001248,INV-001248,Stock_Movement,2023-07-18 00:00:00,Posted
DOC001249,INV-001249,Purchase_Order,2023-02-04 00:00:00,Cancelled
DOC001250,INV-001250,Budget_Entry,2023-06-11 00:00:00,Posted
DOC001251,INV-001251,Sales_Invoice,2025-09-08 00:00:00,Posted
DOC001252,INV-001252,Purchase_Order,2025-03-09 00:00:00,Posted
DOC001253,INV-001253,Payroll,2025-06-13 00:00:00,Posted
DOC001254,INV-001254,Budget_Entry,2024-04-15 00:00:00,Posted
DOC001255,INV-001255,Payroll,2024-06-14 00:00:00,Posted
DOC001256,INV-001256,Budget_Entry,2025-03-02 00:00:00,Approved
DOC001257,INV-001257,Purchase_Order,2025-05-01 00:00:00,Posted
DOC001258,INV-001258,Sales_Invoice,2023-12-14 00:00:00,Posted
DOC001259,INV-001259,Payroll,2024-11-24 00:00:00,Posted
DOC001260,INV-001260,Budget_Entry,2025-07-23 00:00:00,Posted
DOC001261,INV-001261,Stock_Movement,2025-07-01 00:00:00,Posted
DOC001262,INV-001262,Purchase_Order,2023-05-27 00:00:00,Posted
DOC001263,INV-001263,Sales_Invoice,2024-11-05 00:00:00,Posted
DOC001264,INV-001264,Purchase_Order,2024-11-17 00:00:00,Posted
DOC001265,INV-001265,Stock_Movement,2025-08-17 00:00:00,Posted
DOC001266,INV-001266,Sales_Invoice,2024-11-16 00:00:00,Posted
DOC001267,INV-001267,Stock_Movement,2023-05-01 00:00:00,Posted
DOC001268,INV-001268,Purchase_Order,2024-02-23 00:00:00,Cancelled
DOC001269,INV-001269,Budget_Entry,2023-12-16 00:00:00,Posted
DOC001270,INV-001270,Purchase_Order,2023-02-11 00:00:00,Posted
DOC001271,INV-001271,Purchase_Order,2023-01-29 00:00:00,Approved
DOC001272,INV-001272,Purchase_Order,2025-08-23 00:00:00,Approved
DOC001273,INV-001273,Payroll,2025-02-23 00:00:00,Posted
DOC001274,INV-001274,Stock_Movement,2023-01-14 00:00:00,Posted
DOC001275,INV-001275,Stock_Movement,2025-07-08 00:00:00,Posted
DOC001276,INV-001276,Stock_Movement,2025-03-28 00:00:00,Posted
DOC001277,INV-001277,Payroll,2025-04-04 00:00:00,Cancelled
DOC001278,INV-001278,Budget_Entry,2025-05-21 00:00:00,Posted
DOC001279,INV-001279,Purchase_Order,2023-10-22 00:00:00,Posted
DOC001280,INV-001280,Budget_Entry,2025-05-13 00:00:00,Posted
DOC001281,INV-001281,Payroll,2024-07-01 00:00:00,Posted
DOC001282,INV-001282,Stock_Movement,2025-11-26 00:00:00,Posted
DOC001283,INV-001283,Purchase_Order,2025-10-04 00:00:00,Posted
DOC001284,INV-001284,Sales_Invoice,2025-11-03 00:00:00,Posted
DOC001285,INV-001285,Sales_Invoice,2024-09-26 00:00:00,Posted
DOC001286,INV-001286,Budget_Entry,2024-08-17 00:00:00,Draft
DOC001287,INV-001287,Stock_Movement,2024-09-05 00:00:00,Posted
DOC001288,INV-001288,Sales_Invoice,2025-11-11 00:00:00,Posted
DOC001289,INV-001289,Budget_Entry,2024-04-09 00:00:00,Draft
DOC001290,INV-001290,Payroll,2025-08-12 00:00:00,Posted
DOC001291,INV-001291,Budget_Entry,2025-07-18 00:00:00,Posted
DOC001292,INV-001292,Budget_Entry,2025-03-09 00:00:00,Posted
DOC001293,INV-001293,Budget_Entry,2024-01-30 00:00:00,Approved
DOC001294,INV-001294,Purchase_Order,2023-09-03 00:00:00,Posted
DOC001295,INV-001295,Budget_Entry,2024-07-21 00:00:00,Posted
DOC001296,INV-001296,Budget_Entry,2023-02-07 00:00:00,Posted
DOC001297,INV-001297,Purchase_Order,2023-09-02 00:00:00,Posted
DOC001298,INV-001298,Purchase_Order,2023-01-21 00:00:00,Posted
DOC001299,INV-001299,Payroll,2024-01-29 00:00:00,Posted
DOC001300,INV-001300,Stock_Movement,2025-09-13 00:00:00,Posted
DOC001301,INV-001301,Sales_Invoice,2023-01-08 00:00:00,Posted
DOC001302,INV-001302,Sales_Invoice,2023-11-24 00:00:00,Posted
DOC001303,INV-001303,Budget_Entry,2023-10-17 00:00:00,Posted
DOC001304,INV-001304,Payroll,2024-05-25 00:00:00,Posted
DOC001305,INV-001305,Budget_Entry,2025-06-30 00:00:00,Posted
DOC001306,INV-001306,Sales_Invoice,2023-12-27 00:00:00,Posted
DOC001307,INV-001307,Purchase_Order,2024-12-16 00:00:00,Posted
DOC001308,INV-001308,Stock_Movement,2023-08-07 00:00:00,Posted
DOC001309,INV-001309,Payroll,2024-02-10 00:00:00,Posted
DOC001310,INV-001310,Purchase_Order,2025-01-22 00:00:00,Posted
DOC001311,INV-001311,Stock_Movement,2025-07-11 00:00:00,Posted
DOC001312,INV-001312,Payroll,2025-04-11 00:00:00,Posted
DOC001313,INV-001313,Payroll,2025-03-04 00:00:00,Posted
DOC001314,INV-001314,Sales_Invoice,2024-08-17 00:00:00,Posted
DOC001315,INV-001315,Purchase_Order,2023-04-17 00:00:00,Cancelled
DOC001316,INV-001316,Payroll,2024-08-03 00:00:00,Posted
DOC001317,INV-001317,Payroll,2024-08-31 00:00:00,Posted
DOC001318,INV-001318,Stock_Movement,2023-01-08 00:00:00,Posted
DOC001319,INV-001319,Sales_Invoice,2025-03-16 00:00:00,Posted
DOC001320,INV-001320,Budget_Entry,2023-07-08 00:00:00,Posted
DOC001321,INV-001321,Sales_Invoice,2023-03-22 00:00:00,Posted
DOC001322,INV-001322,Budget_Entry,2023-04-18 00:00:00,Posted
DOC001323,INV-001323,Purchase_Order,2024-11-16 00:00:00,Posted
DOC001324,INV-001324,Purchase_Order,2023-12-12 00:00:00,Posted
DOC001325,INV-001325,Payroll,2023-11-24 00:00:00,Posted
DOC001326,INV-001326,Purchase_Order,2024-07-08 00:00:00,Posted
DOC001327,INV-001327,Payroll,2023-10-29 00:00:00,Posted
DOC001328,INV-001328,Sales_Invoice,2023-07-19 00:00:00,Posted
DOC001329,INV-001329,Purchase_Order,2025-06-11 00:00:00,Posted
DOC001330,INV-001330,Sales_Invoice,2025-11-28 00:00:00,Approved
DOC001331,INV-001331,Sales_Invoice,2023-11-03 00:00:00,Posted
DOC001332,INV-001332,Purchase_Order,2025-10-24 00:00:00,Posted
DOC001333,INV-001333,Sales_Invoice,2024-04-12 00:00:00,Draft
DOC001334,INV-001334,Purchase_Order,2023-06-28 00:00:00,Posted
DOC001335,INV-001335,Purchase_Order,2024-10-06 00:00:00,Posted
DOC001336,INV-001336,Purchase_Order,2023-10-03 00:00:00,Approved
DOC001337,INV-001337,Budget_Entry,2024-09-12 00:00:00,Posted
DOC001338,INV-001338,Sales_Invoice,2024-09-29 00:00:00,Posted
DOC001339,INV-001339,Stock_Movement,2025-07-18 00:00:00,Posted
DOC001340,INV-001340,Purchase_Order,2023-07-02 00:00:00,Posted
DOC001341,INV-001341,Sales_Invoice,2023-03-13 00:00:00,Posted
DOC001342,INV-001342,Payroll,2024-12-19 00:00:00,Posted
DOC001343,INV-001343,Purchase_Order,2024-12-26 00:00:00,Posted
DOC001344,INV-001344,Purchase_Order,2023-09-26 00:00:00,Draft
DOC001345,INV-001345,Stock_Movement,2025-11-09 00:00:00,Posted
DOC001346,INV-001346,Budget_Entry,2024-07-31 00:00:00,Posted
DOC001347,INV-001347,Budget_Entry,2025-09-21 00:00:00,Draft
DOC001348,INV-001348,Purchase_Order,2025-03-25 00:00:00,Posted
DOC001349,INV-001349,Sales_Invoice,2023-05-27 00:00:00,Posted
DOC001350,INV-001350,Payroll,2025-06-08 00:00:00,Posted
DOC001351,INV-001351,Payroll,2023-11-06 00:00:00,Posted
DOC001352,INV-001352,Sales_Invoice,2024-06-01 00:00:00,Posted
DOC001353,INV-001353,Purchase_Order,2023-01-14 00:00:00,Posted
DOC001354,INV-001354,Payroll,2023-05-12 00:00:00,Posted
DOC001355,INV-001355,Budget_Entry,2025-01-24 00:00:00,Approved
DOC001356,INV-001356,Sales_Invoice,2024-03-14 00:00:00,Posted
DOC001357,INV-001357,Stock_Movement,2025-01-12 00:00:00,Posted
DOC001358,INV-001358,Purchase_Order,2025-01-09 00:00:00,Posted
DOC001359,INV-001359,Sales_Invoice,2025-03-05 00:00:00,Posted
DOC001360,INV-001360,Payroll,2023-09-20 00:00:00,Approved
DOC001361,INV-001361,Purchase_Order,2024-10-04 00:00:00,Posted
DOC001362,INV-001362,Budget_Entry,2023-09-15 00:00:00,Approved
DOC001363,INV-001363,Purchase_Order,2024-02-13 00:00:00,Approved
DOC001364,INV-001364,Purchase_Order,2025-09-01 00:00:00,Posted
DOC001365,INV-001365,Budget_Entry,2025-11-13 00:00:00,Posted
DOC001366,INV-001366,Budget_Entry,2023-09-28 00:00:00,Draft
DOC001367,INV-001367,Purchase_Order,2023-05-22 00:00:00,Posted
DOC001368,INV-001368,Budget_Entry,2025-06-20 00:00:00,Approved
DOC001369,INV-001369,Sales_Invoice,2025-08-31 00:00:00,Posted
DOC001370,INV-001370,Budget_Entry,2023-10-01 00:00:00,Approved
DOC001371,INV-001371,Budget_Entry,2023-10-03 00:00:00,Posted
DOC001372,INV-001372,Purchase_Order,2024-04-09 00:00:00,Posted
DOC001373,INV-001373,Sales_Invoice,2025-11-28 00:00:00,Posted
DOC001374,INV-001374,Stock_Movement,2023-10-15 00:00:00,Posted
DOC001375,INV-001375,Stock_Movement,2025-05-25 00:00:00,Posted
DOC001376,INV-001376,Payroll,2025-05-27 00:00:00,Draft
DOC001377,INV-001377,Budget_Entry,2023-06-29 00:00:00,Approved
DOC001378,INV-001378,Budget_Entry,2024-03-22 00:00:00,Posted
DOC001379,INV-001379,Sales_Invoice,2025-02-23 00:00:00,Posted
DOC001380,INV-001380,Stock_Movement,2024-07-14 00:00:00,Posted
DOC001381,INV-001381,Payroll,2024-04-28 00:00:00,Posted
DOC001382,INV-001382,Sales_Invoice,2025-04-28 00:00:00,Posted
DOC001383,INV-001383,Budget_Entry,2024-12-22 00:00:00,Approved
DOC001384,INV-001384,Stock_Movement,2023-04-26 00:00:00,Posted
DOC001385,INV-001385,Payroll,2024-06-18 00:00:00,Posted
DOC001386,INV-001386,Purchase_Order,2024-02-11 00:00:00,Posted
DOC001387,INV-001387,Stock_Movement,2024-11-24 00:00:00,Posted
DOC001388,INV-001388,Payroll,2024-05-09 00:00:00,Posted
DOC001389,INV-001389,Sales_Invoice,2025-08-05 00:00:00,Posted
DOC001390,INV-001390,Purchase_Order,2023-01-23 00:00:00,Posted
DOC001391,INV-001391,Payroll,2024-07-11 00:00:00,Posted
DOC001392,INV-001392,Payroll,2025-07-29 00:00:00,Posted
DOC001393,INV-001393,Budget_Entry,2025-05-04 00:00:00,Posted
DOC001394,INV-001394,Stock_Movement,2025-11-04 00:00:00,Posted
DOC001395,INV-001395,Budget_Entry,2025-06-09 00:00:00,Posted
DOC001396,INV-001396,Purchase_Order,2023-03-19 00:00:00,Approved
DOC001397,INV-001397,Payroll,2025-03-17 00:00:00,Posted
DOC001398,INV-001398,Budget_Entry,2025-11-07 00:00:00,Approved
DOC001399,INV-001399,Stock_Movement,2025-02-06 00:00:00,Posted
DOC001400,INV-001400,Purchase_Order,2024-03-29 00:00:00,Posted
DOC001401,INV-001401,Sales_Invoice,2025-07-16 00:00:00,Posted
DOC001402,INV-001402,Budget_Entry,2023-10-04 00:00:00,Approved
DOC001403,INV-001403,Purchase_Order,2025-11-16 00:00:00,Posted
DOC001404,INV-001404,Sales_Invoice,2024-05-28 00:00:00,Posted
DOC001405,INV-001405,Budget_Entry,2024-04-08 00:00:00,Posted
DOC001406,INV-001406,Purchase_Order,2025-03-17 00:00:00,Posted
DOC001407,INV-001407,Purchase_Order,2025-04-03 00:00:00,Posted
DOC001408,INV-001408,Budget_Entry,2023-12-29 00:00:00,Posted
DOC001409,INV-001409,Purchase_Order,2025-01-20 00:00:00,Posted
DOC001410,INV-001410,Payroll,2024-06-08 00:00:00,Approved
DOC001411,INV-001411,Budget_Entry,2023-02-25 00:00:00,Posted
DOC001412,INV-001412,Purchase_Order,2024-05-03 00:00:00,Approved
DOC001413,INV-001413,Sales_Invoice,2025-11-17 00:00:00,Cancelled
DOC001414,INV-001414,Sales_Invoice,2024-12-22 00:00:00,Draft
DOC001415,INV-001415,Payroll,2023-02-10 00:00:00,Posted
DOC001416,INV-001416,Budget_Entry,2025-09-30 00:00:00,Posted
DOC001417,INV-001417,Purchase_Order,2023-09-17 00:00:00,Posted
DOC001418,INV-001418,Purchase_Order,2024-03-16 00:00:00,Posted
DOC001419,INV-001419,Sales_Invoice,2025-07-14 00:00:00,Approved
DOC001420,INV-001420,Payroll,2025-05-05 00:00:00,Posted
DOC001421,INV-001421,Sales_Invoice,2023-03-25 00:00:00,Posted
DOC001422,INV-001422,Sales_Invoice,2023-02-15 00:00:00,Posted
DOC001423,INV-001423,Payroll,2024-03-15 00:00:00,Posted
DOC001424,INV-001424,Budget_Entry,2025-09-12 00:00:00,Posted
DOC001425,INV-001425,Purchase_Order,2023-05-16 00:00:00,Posted
DOC001426,INV-001426,Budget_Entry,2025-06-27 00:00:00,Posted
DOC001427,INV-001427,Stock_Movement,2025-05-10 00:00:00,Posted
DOC001428,INV-001428,Stock_Movement,2025-02-26 00:00:00,Posted
DOC001429,INV-001429,Stock_Movement,2024-08-12 00:00:00,Posted
DOC001430,INV-001430,Payroll,2025-08-13 00:00:00,Posted
DOC001431,INV-001431,Sales_Invoice,2024-11-20 00:00:00,Approved
DOC001432,INV-001432,Budget_Entry,2024-06-22 00:00:00,Posted
DOC001433,INV-001433,Purchase_Order,2024-12-08 00:00:00,Posted
DOC001434,INV-001434,Stock_Movement,2023-10-22 00:00:00,Posted
DOC001435,INV-001435,Budget_Entry,2023-02-22 00:00:00,Posted
DOC001436,INV-001436,Stock_Movement,2025-03-16 00:00:00,Posted
DOC001437,INV-001437,Stock_Movement,2023-02-21 00:00:00,Posted
DOC001438,INV-001438,Purchase_Order,2024-12-28 00:00:00,Cancelled
DOC001439,INV-001439,Payroll,2023-03-13 00:00:00,Posted
DOC001440,INV-001440,Sales_Invoice,2023-01-28 00:00:00,Posted
DOC001441,INV-001441,Payroll,2024-04-13 00:00:00,Posted
DOC001442,INV-001442,Budget_Entry,2025-02-02 00:00:00,Draft
DOC001443,INV-001443,Payroll,2025-06-04 00:00:00,Posted
DOC001444,INV-001444,Budget_Entry,2025-06-30 00:00:00,Posted
DOC001445,INV-001445,Budget_Entry,2024-06-30 00:00:00,Posted
DOC001446,INV-001446,Sales_Invoice,2023-07-20 00:00:00,Posted
DOC001447,INV-001447,Purchase_Order,2025-03-30 00:00:00,Posted
DOC001448,INV-001448,Sales_Invoice,2024-07-13 00:00:00,Posted
DOC001449,INV-001449,Payroll,2024-01-14 00:00:00,Posted
DOC001450,INV-001450,Budget_Entry,2025-12-11 00:00:00,Cancelled
DOC001451,INV-001451,Stock_Movement,2023-03-20 00:00:00,Posted
DOC001452,INV-001452,Stock_Movement,2025-04-13 00:00:00,Posted
DOC001453,INV-001453,Budget_Entry,2025-10-28 00:00:00,Posted
DOC001454,INV-001454,Sales_Invoice,2023-01-25 00:00:00,Posted
DOC001455,INV-001455,Purchase_Order,2024-03-25 00:00:00,Posted
DOC001456,INV-001456,Sales_Invoice,2025-02-06 00:00:00,Posted
DOC001457,INV-001457,Budget_Entry,2025-01-24 00:00:00,Posted
DOC001458,INV-001458,Budget_Entry,2023-07-17 00:00:00,Posted
DOC001459,INV-001459,Purchase_Order,2024-03-12 00:00:00,Posted
DOC001460,INV-001460,Payroll,2024-11-20 00:00:00,Posted
DOC001461,INV-001461,Payroll,2024-08-09 00:00:00,Posted
DOC001462,INV-001462,Purchase_Order,2023-04-14 00:00:00,Posted
DOC001463,INV-001463,Payroll,2024-09-18 00:00:00,Posted
DOC001464,INV-001464,Stock_Movement,2025-11-28 00:00:00,Posted
DOC001465,INV-001465,Payroll,2024-04-02 00:00:00,Approved
DOC001466,INV-001466,Payroll,2023-12-30 00:00:00,Posted
DOC001467,INV-001467,Payroll,2023-05-15 00:00:00,Posted
DOC001468,INV-001468,Stock_Movement,2024-01-09 00:00:00,Posted
DOC001469,INV-001469,Payroll,2023-02-08 00:00:00,Posted
DOC001470,INV-001470,Stock_Movement,2025-03-29 00:00:00,Posted
DOC001471,INV-001471,Purchase_Order,2023-02-16 00:00:00,Approved
DOC001472,INV-001472,Sales_Invoice,2023-02-05 00:00:00,Posted
DOC001473,INV-001473,Purchase_Order,2023-04-05 00:00:00,Posted
DOC001474,INV-001474,Sales_Invoice,2025-09-11 00:00:00,Posted
DOC001475,INV-001475,Purchase_Order,2024-01-03 00:00:00,Posted
DOC001476,INV-001476,Sales_Invoice,2023-03-06 00:00:00,Posted
DOC001477,INV-001477,Sales_Invoice,2025-01-23 00:00:00,Posted
DOC001478,INV-001478,Budget_Entry,2025-03-26 00:00:00,Approved
DOC001479,INV-001479,Sales_Invoice,2025-01-25 00:00:00,Posted
DOC001480,INV-001480,Sales_Invoice,2023-06-30 00:00:00,Cancelled
DOC001481,INV-001481,Budget_Entry,2024-08-19 00:00:00,Posted
DOC001482,INV-001482,Payroll,2025-02-25 00:00:00,Posted
DOC001483,INV-001483,Payroll,2024-09-18 00:00:00,Posted
DOC001484,INV-001484,Budget_Entry,2024-09-07 00:00:00,Posted
DOC001485,INV-001485,Stock_Movement,2023-04-22 00:00:00,Posted
DOC001486,INV-001486,Sales_Invoice,2024-03-28 00:00:00,Posted
DOC001487,INV-001487,Sales_Invoice,2025-01-25 00:00:00,Posted
DOC001488,INV-001488,Budget_Entry,2024-08-06 00:00:00,Posted
DOC001489,INV-001489,Budget_Entry,2023-05-19 00:00:00,Posted
DOC001490,INV-001490,Stock_Movement,2023-08-19 00:00:00,Approved
DOC001491,INV-001491,Payroll,2025-09-10 00:00:00,Posted
DOC001492,INV-001492,Purchase_Order,2023-09-10 00:00:00,Approved
DOC001493,INV-001493,Payroll,2024-07-14 00:00:00,Posted
DOC001494,INV-001494,Sales_Invoice,2023-03-13 00:00:00,Posted
DOC001495,INV-001495,Budget_Entry,2023-08-10 00:00:00,Posted
DOC001496,INV-001496,Stock_Movement,2023-03-03 00:00:00,Posted
DOC001497,INV-001497,Payroll,2025-03-16 00:00:00,Posted
DOC001498,INV-001498,Stock_Movement,2023-05-05 00:00:00,Posted
DOC001499,INV-001499,Payroll,2025-01-10 00:00:00,Posted
DOC001500,INV-001500,Sales_Invoice,2023-06-10 00:00:00,Draft
DOC001501,INV-001501,Purchase_Order,2024-06-24 00:00:00,Posted
DOC001502,INV-001502,Stock_Movement,2024-09-17 00:00:00,Posted
DOC001503,INV-001503,Stock_Movement,2023-04-16 00:00:00,Posted
DOC001504,INV-001504,Purchase_Order,2025-02-14 00:00:00,Posted
DOC001505,INV-001505,Stock_Movement,2023-01-02 00:00:00,Posted
DOC001506,INV-001506,Stock_Movement,2023-08-21 00:00:00,Posted
DOC001507,INV-001507,Payroll,2024-01-04 00:00:00,Posted
DOC001508,INV-001508,Payroll,2025-08-03 00:00:00,Posted
DOC001509,INV-001509,Purchase_Order,2023-06-29 00:00:00,Draft
DOC001510,INV-001510,Sales_Invoice,2023-10-20 00:00:00,Posted
DOC001511,INV-001511,Stock_Movement,2024-08-06 00:00:00,Posted
DOC001512,INV-001512,Sales_Invoice,2025-03-05 00:00:00,Posted
DOC001513,INV-001513,Purchase_Order,2023-06-24 00:00:00,Posted
DOC001514,INV-001514,Purchase_Order,2023-05-03 00:00:00,Approved
DOC001515,INV-001515,Payroll,2023-08-15 00:00:00,Posted
DOC001516,INV-001516,Stock_Movement,2024-03-19 00:00:00,Posted
DOC001517,INV-001517,Budget_Entry,2024-03-03 00:00:00,Posted
DOC001518,INV-001518,Purchase_Order,2025-02-03 00:00:00,Posted
DOC001519,INV-001519,Stock_Movement,2024-09-23 00:00:00,Posted
DOC001520,INV-001520,Sales_Invoice,2023-03-06 00:00:00,Approved
DOC001521,INV-001521,Payroll,2024-03-03 00:00:00,Posted
DOC001522,INV-001522,Sales_Invoice,2024-09-09 00:00:00,Posted
DOC001523,INV-001523,Purchase_Order,2025-07-13 00:00:00,Posted
DOC001524,INV-001524,Purchase_Order,2025-03-22 00:00:00,Approved
DOC001525,INV-001525,Sales_Invoice,2023-04-17 00:00:00,Posted
DOC001526,INV-001526,Purchase_Order,2024-10-20 00:00:00,Posted
DOC001527,INV-001527,Stock_Movement,2023-09-22 00:00:00,Posted
DOC001528,INV-001528,Purchase_Order,2023-06-04 00:00:00,Draft
DOC001529,INV-001529,Payroll,2025-11-02 00:00:00,Posted
DOC001530,INV-001530,Stock_Movement,2025-06-14 00:00:00,Approved
DOC001531,INV-001531,Budget_Entry,2025-09-19 00:00:00,Posted
DOC001532,INV-001532,Purchase_Order,2023-09-02 00:00:00,Approved
DOC001533,INV-001533,Purchase_Order,2024-01-21 00:00:00,Posted
DOC001534,INV-001534,Payroll,2025-01-28 00:00:00,Draft
DOC001535,INV-001535,Payroll,2024-02-18 00:00:00,Posted
DOC001536,INV-001536,Sales_Invoice,2024-12-15 00:00:00,Approved
DOC001537,INV-001537,Sales_Invoice,2025-01-28 00:00:00,Posted
DOC001538,INV-001538,Sales_Invoice,2025-01-16 00:00:00,Posted
DOC001539,INV-001539,Payroll,2024-08-15 00:00:00,Posted
DOC001540,INV-001540,Sales_Invoice,2025-04-18 00:00:00,Posted
DOC001541,INV-001541,Sales_Invoice,2023-01-16 00:00:00,Draft
DOC001542,INV-001542,Budget_Entry,2025-09-19 00:00:00,Posted
DOC001543,INV-001543,Sales_Invoice,2025-12-04 00:00:00,Posted
DOC001544,INV-001544,Purchase_Order,2024-10-12 00:00:00,Draft
DOC001545,INV-001545,Payroll,2023-05-28 00:00:00,Posted
DOC001546,INV-001546,Stock_Movement,2023-12-21 00:00:00,Approved
DOC001547,INV-001547,Budget_Entry,2024-12-03 00:00:00,Posted
DOC001548,INV-001548,Payroll,2024-09-04 00:00:00,Posted
DOC001549,INV-001549,Payroll,2023-04-15 00:00:00,Posted
DOC001550,INV-001550,Purchase_Order,2024-01-31 00:00:00,Posted
DOC001551,INV-001551,Sales_Invoice,2024-08-28 00:00:00,Approved
DOC001552,INV-001552,Purchase_Order,2025-04-30 00:00:00,Posted
DOC001553,INV-001553,Sales_Invoice,2024-03-17 00:00:00,Approved
DOC001554,INV-001554,Sales_Invoice,2025-05-22 00:00:00,Posted
DOC001555,INV-001555,Payroll,2024-10-28 00:00:00,Approved
DOC001556,INV-001556,Sales_Invoice,2025-11-17 00:00:00,Posted
DOC001557,INV-001557,Budget_Entry,2025-03-04 00:00:00,Posted
DOC001558,INV-001558,Budget_Entry,2024-04-19 00:00:00,Posted
DOC001559,INV-001559,Budget_Entry,2024-09-19 00:00:00,Posted
DOC001560,INV-001560,Payroll,2024-05-16 00:00:00,Posted
DOC001561,INV-001561,Purchase_Order,2023-12-14 00:00:00,Posted
DOC001562,INV-001562,Stock_Movement,2025-10-14 00:00:00,Posted
DOC001563,INV-001563,Sales_Invoice,2024-07-23 00:00:00,Posted
DOC001564,INV-001564,Stock_Movement,2024-11-25 00:00:00,Posted
DOC001565,INV-001565,Purchase_Order,2023-01-26 00:00:00,Posted
DOC001566,INV-001566,Purchase_Order,2023-08-05 00:00:00,Posted
DOC001567,INV-001567,Payroll,2025-04-16 00:00:00,Draft
DOC001568,INV-001568,Budget_Entry,2025-02-12 00:00:00,Posted
DOC001569,INV-001569,Budget_Entry,2025-11-12 00:00:00,Approved
DOC001570,INV-001570,Purchase_Order,2024-10-31 00:00:00,Posted
DOC001571,INV-001571,Payroll,2024-12-18 00:00:00,Posted
DOC001572,INV-001572,Payroll,2023-11-06 00:00:00,Posted
DOC001573,INV-001573,Sales_Invoice,2024-08-21 00:00:00,Posted
DOC001574,INV-001574,Budget_Entry,2023-09-24 00:00:00,Approved
DOC001575,INV-001575,Purchase_Order,2024-10-07 00:00:00,Posted
DOC001576,INV-001576,Stock_Movement,2025-10-19 00:00:00,Posted
DOC001577,INV-001577,Budget_Entry,2024-03-25 00:00:00,Approved
DOC001578,INV-001578,Sales_Invoice,2024-07-18 00:00:00,Posted
DOC001579,INV-001579,Payroll,2025-11-25 00:00:00,Posted
DOC001580,INV-001580,Purchase_Order,2023-01-28 00:00:00,Posted
DOC001581,INV-001581,Budget_Entry,2023-08-08 00:00:00,Draft
DOC001582,INV-001582,Stock_Movement,2024-02-10 00:00:00,Posted
DOC001583,INV-001583,Sales_Invoice,2023-09-28 00:00:00,Posted
DOC001584,INV-001584,Sales_Invoice,2025-03-02 00:00:00,Posted
DOC001585,INV-001585,Budget_Entry,2025-08-20 00:00:00,Posted
DOC001586,INV-001586,Stock_Movement,2025-04-13 00:00:00,Approved
DOC001587,INV-001587,Sales_Invoice,2023-11-13 00:00:00,Posted
DOC001588,INV-001588,Purchase_Order,2023-12-04 00:00:00,Posted
DOC001589,INV-001589,Sales_Invoice,2023-12-17 00:00:00,Draft
DOC001590,INV-001590,Stock_Movement,2024-05-25 00:00:00,Posted
DOC001591,INV-001591,Payroll,2024-06-08 00:00:00,Posted
DOC001592,INV-001592,Payroll,2024-05-06 00:00:00,Posted
DOC001593,INV-001593,Budget_Entry,2023-01-09 00:00:00,Posted
DOC001594,INV-001594,Stock_Movement,2024-07-14 00:00:00,Posted
DOC001595,INV-001595,Sales_Invoice,2024-03-15 00:00:00,Posted
DOC001596,INV-001596,Sales_Invoice,2025-03-02 00:00:00,Posted
DOC001597,INV-001597,Payroll,2023-02-02 00:00:00,Posted
DOC001598,INV-001598,Payroll,2025-11-12 00:00:00,Posted
DOC001599,INV-001599,Purchase_Order,2025-04-24 00:00:00,Cancelled
DOC001600,INV-001600,Payroll,2024-07-19 00:00:00,Posted
DOC001601,INV-001601,Purchase_Order,2023-02-18 00:00:00,Draft
DOC001602,INV-001602,Sales_Invoice,2024-04-06 00:00:00,Posted
DOC001603,INV-001603,Purchase_Order,2024-08-12 00:00:00,Approved
DOC001604,INV-001604,Purchase_Order,2023-12-02 00:00:00,Draft
DOC001605,INV-001605,Budget_Entry,2023-12-25 00:00:00,Posted
DOC001606,INV-001606,Payroll,2023-12-12 00:00:00,Posted
DOC001607,INV-001607,Purchase_Order,2023-07-12 00:00:00,Posted
DOC001608,INV-001608,Sales_Invoice,2025-01-25 00:00:00,Posted
DOC001609,INV-001609,Stock_Movement,2024-04-22 00:00:00,Cancelled
DOC001610,INV-001610,Purchase_Order,2025-04-07 00:00:00,Posted
DOC001611,INV-001611,Payroll,2025-06-08 00:00:00,Posted
DOC001612,INV-001612,Budget_Entry,2024-10-14 00:00:00,Posted
DOC001613,INV-001613,Sales_Invoice,2024-02-12 00:00:00,Cancelled
DOC001614,INV-001614,Budget_Entry,2023-10-13 00:00:00,Posted
DOC001615,INV-001615,Stock_Movement,2025-04-30 00:00:00,Posted
DOC001616,INV-001616,Purchase_Order,2023-04-21 00:00:00,Posted
DOC001617,INV-001617,Purchase_Order,2024-09-11 00:00:00,Approved
DOC001618,INV-001618,Payroll,2025-03-03 00:00:00,Posted
DOC001619,INV-001619,Purchase_Order,2023-02-19 00:00:00,Posted
DOC001620,INV-001620,Sales_Invoice,2025-11-03 00:00:00,Cancelled
DOC001621,INV-001621,Stock_Movement,2024-08-10 00:00:00,Posted
DOC001622,INV-001622,Budget_Entry,2024-08-18 00:00:00,Posted
DOC001623,INV-001623,Stock_Movement,2024-10-31 00:00:00,Posted
DOC001624,INV-001624,Purchase_Order,2023-11-10 00:00:00,Posted
DOC001625,INV-001625,Budget_Entry,2024-08-28 00:00:00,Posted
DOC001626,INV-001626,Payroll,2023-10-24 00:00:00,Posted
DOC001627,INV-001627,Stock_Movement,2024-07-22 00:00:00,Posted
DOC001628,INV-001628,Budget_Entry,2025-04-11 00:00:00,Posted
DOC001629,INV-001629,Budget_Entry,2024-09-01 00:00:00,Posted
DOC001630,INV-001630,Budget_Entry,2023-01-16 00:00:00,Posted
DOC001631,INV-001631,Sales_Invoice,2023-03-13 00:00:00,Posted
DOC001632,INV-001632,Stock_Movement,2023-09-27 00:00:00,Posted
DOC001633,INV-001633,Budget_Entry,2023-10-14 00:00:00,Posted
DOC001634,INV-001634,Stock_Movement,2023-03-07 00:00:00,Draft
DOC001635,INV-001635,Budget_Entry,2025-05-29 00:00:00,Posted
DOC001636,INV-001636,Payroll,2023-03-09 00:00:00,Posted
DOC001637,INV-001637,Payroll,2025-12-14 00:00:00,Posted
DOC001638,INV-001638,Payroll,2025-09-06 00:00:00,Posted
DOC001639,INV-001639,Purchase_Order,2025-08-31 00:00:00,Approved
DOC001640,INV-001640,Budget_Entry,2024-05-22 00:00:00,Posted
DOC001641,INV-001641,Purchase_Order,2025-04-16 00:00:00,Posted
DOC001642,INV-001642,Stock_Movement,2025-06-04 00:00:00,Cancelled
DOC001643,INV-001643,Purchase_Order,2025-03-04 00:00:00,Posted
DOC001644,INV-001644,Stock_Movement,2024-02-26 00:00:00,Posted
DOC001645,INV-001645,Stock_Movement,2025-02-13 00:00:00,Posted
DOC001646,INV-001646,Stock_Movement,2024-04-22 00:00:00,Posted
DOC001647,INV-001647,Purchase_Order,2025-07-14 00:00:00,Approved
DOC001648,INV-001648,Budget_Entry,2023-04-30 00:00:00,Approved
DOC001649,INV-001649,Purchase_Order,2024-05-02 00:00:00,Posted
DOC001650,INV-001650,Budget_Entry,2023-03-19 00:00:00,Posted
DOC001651,INV-001651,Budget_Entry,2025-11-27 00:00:00,Posted
DOC001652,INV-001652,Stock_Movement,2024-03-16 00:00:00,Draft
DOC001653,INV-001653,Purchase_Order,2024-04-06 00:00:00,Posted
DOC001654,INV-001654,Budget_Entry,2024-09-03 00:00:00,Posted
DOC001655,INV-001655,Payroll,2025-07-05 00:00:00,Posted
DOC001656,INV-001656,Budget_Entry,2024-08-31 00:00:00,Posted
DOC001657,INV-001657,Payroll,2023-01-06 00:00:00,Posted
DOC001658,INV-001658,Purchase_Order,2024-11-11 00:00:00,Cancelled
DOC001659,INV-001659,Purchase_Order,2025-06-13 00:00:00,Approved
DOC001660,INV-001660,Purchase_Order,2023-09-28 00:00:00,Posted
DOC001661,INV-001661,Budget_Entry,2025-03-21 00:00:00,Posted
DOC001662,INV-001662,Sales_Invoice,2024-07-12 00:00:00,Posted
DOC001663,INV-001663,Budget_Entry,2023-04-09 00:00:00,Posted
DOC001664,INV-001664,Budget_Entry,2024-06-09 00:00:00,Posted
DOC001665,INV-001665,Stock_Movement,2023-07-13 00:00:00,Posted
DOC001666,INV-001666,Stock_Movement,2024-01-31 00:00:00,Posted
DOC001667,INV-001667,Budget_Entry,2025-02-08 00:00:00,Posted
DOC001668,INV-001668,Payroll,2025-10-20 00:00:00,Posted
DOC001669,INV-001669,Stock_Movement,2025-05-29 00:00:00,Posted
DOC001670,INV-001670,Budget_Entry,2025-01-14 00:00:00,Posted
DOC001671,INV-001671,Sales_Invoice,2024-11-13 00:00:00,Posted
DOC001672,INV-001672,Payroll,2023-01-15 00:00:00,Posted
DOC001673,INV-001673,Purchase_Order,2024-01-03 00:00:00,Posted
DOC001674,INV-001674,Budget_Entry,2024-09-29 00:00:00,Posted
DOC001675,INV-001675,Budget_Entry,2025-05-02 00:00:00,Posted
DOC001676,INV-001676,Payroll,2024-11-30 00:00:00,Approved
DOC001677,INV-001677,Stock_Movement,2023-01-05 00:00:00,Approved
DOC001678,INV-001678,Stock_Movement,2023-08-19 00:00:00,Posted
DOC001679,INV-001679,Stock_Movement,2025-10-08 00:00:00,Posted
DOC001680,INV-001680,Purchase_Order,2024-08-08 00:00:00,Posted
DOC001681,INV-001681,Payroll,2023-06-18 00:00:00,Approved
DOC001682,INV-001682,Payroll,2025-01-30 00:00:00,Posted
DOC001683,INV-001683,Stock_Movement,2025-03-02 00:00:00,Posted
DOC001684,INV-001684,Stock_Movement,2025-09-26 00:00:00,Posted
DOC001685,INV-001685,Sales_Invoice,2023-06-01 00:00:00,Approved
DOC001686,INV-001686,Sales_Invoice,2025-10-12 00:00:00,Posted
DOC001687,INV-001687,Budget_Entry,2023-08-12 00:00:00,Posted
DOC001688,INV-001688,Budget_Entry,2024-05-18 00:00:00,Posted
DOC001689,INV-001689,Payroll,2023-02-13 00:00:00,Posted
DOC001690,INV-001690,Payroll,2024-11-27 00:00:00,Cancelled
DOC001691,INV-001691,Purchase_Order,2024-05-18 00:00:00,Cancelled
DOC001692,INV-001692,Purchase_Order,2025-07-18 00:00:00,Draft
DOC001693,INV-001693,Sales_Invoice,2025-04-22 00:00:00,Draft
DOC001694,INV-001694,Budget_Entry,2023-12-17 00:00:00,Approved
DOC001695,INV-001695,Sales_Invoice,2023-01-23 00:00:00,Posted
DOC001696,INV-001696,Sales_Invoice,2024-08-20 00:00:00,Posted
DOC001697,INV-001697,Budget_Entry,2025-12-02 00:00:00,Posted
DOC001698,INV-001698,Purchase_Order,2024-04-10 00:00:00,Posted
DOC001699,INV-001699,Budget_Entry,2023-02-09 00:00:00,Posted
DOC001700,INV-001700,Stock_Movement,2023-10-30 00:00:00,Posted
DOC001701,INV-001701,Stock_Movement,2023-06-24 00:00:00,Posted
DOC001702,INV-001702,Stock_Movement,2025-09-25 00:00:00,Approved
DOC001703,INV-001703,Payroll,2024-09-12 00:00:00,Posted
DOC001704,INV-001704,Purchase_Order,2023-09-01 00:00:00,Posted
DOC001705,INV-001705,Purchase_Order,2025-04-15 00:00:00,Posted
DOC001706,INV-001706,Payroll,2023-10-07 00:00:00,Posted
DOC001707,INV-001707,Sales_Invoice,2025-11-25 00:00:00,Draft
DOC001708,INV-001708,Stock_Movement,2024-07-10 00:00:00,Cancelled
DOC001709,INV-001709,Stock_Movement,2025-06-16 00:00:00,Posted
DOC001710,INV-001710,Sales_Invoice,2025-11-12 00:00:00,Posted
DOC001711,INV-001711,Budget_Entry,2024-12-19 00:00:00,Cancelled
DOC001712,INV-001712,Budget_Entry,2025-07-20 00:00:00,Posted
DOC001713,INV-001713,Purchase_Order,2023-04-01 00:00:00,Posted
DOC001714,INV-001714,Payroll,2024-01-25 00:00:00,Posted
DOC001715,INV-001715,Purchase_Order,2024-07-03 00:00:00,Posted
DOC001716,INV-001716,Budget_Entry,2025-07-19 00:00:00,Posted
DOC001717,INV-001717,Sales_Invoice,2025-11-27 00:00:00,Posted
DOC001718,INV-001718,Purchase_Order,2025-01-02 00:00:00,Draft
DOC001719,INV-001719,Stock_Movement,2024-05-14 00:00:00,Posted
DOC001720,INV-001720,Stock_Movement,2025-12-02 00:00:00,Posted
DOC001721,INV-001721,Sales_Invoice,2025-05-20 00:00:00,Posted
DOC001722,INV-001722,Budget_Entry,2024-05-31 00:00:00,Posted
DOC001723,INV-001723,Stock_Movement,2023-03-09 00:00:00,Posted
DOC001724,INV-001724,Stock_Movement,2023-05-03 00:00:00,Posted
DOC001725,INV-001725,Payroll,2023-12-02 00:00:00,Posted
DOC001726,INV-001726,Purchase_Order,2025-08-31 00:00:00,Posted
DOC001727,INV-001727,Budget_Entry,2025-02-17 00:00:00,Posted
DOC001728,INV-001728,Purchase_Order,2024-02-27 00:00:00,Posted
DOC001729,INV-001729,Budget_Entry,2025-07-27 00:00:00,Posted
DOC001730,INV-001730,Stock_Movement,2025-03-14 00:00:00,Posted
DOC001731,INV-001731,Payroll,2024-09-25 00:00:00,Posted
DOC001732,INV-001732,Purchase_Order,2025-12-18 00:00:00,Posted
DOC001733,INV-001733,Stock_Movement,2023-04-06 00:00:00,Posted
DOC001734,INV-001734,Budget_Entry,2023-12-20 00:00:00,Posted
DOC001735,INV-001735,Purchase_Order,2025-08-24 00:00:00,Posted
DOC001736,INV-001736,Purchase_Order,2025-07-11 00:00:00,Posted
DOC001737,INV-001737,Stock_Movement,2024-04-17 00:00:00,Approved
DOC001738,INV-001738,Purchase_Order,2024-03-05 00:00:00,Draft
DOC001739,INV-001739,Payroll,2025-09-01 00:00:00,Posted
DOC001740,INV-001740,Payroll,2024-06-20 00:00:00,Posted
DOC001741,INV-001741,Stock_Movement,2023-03-28 00:00:00,Posted
DOC001742,INV-001742,Budget_Entry,2023-04-19 00:00:00,Posted
DOC001743,INV-001743,Stock_Movement,2025-09-20 00:00:00,Posted
DOC001744,INV-001744,Payroll,2025-04-01 00:00:00,Posted
DOC001745,INV-001745,Sales_Invoice,2025-07-25 00:00:00,Posted
DOC001746,INV-001746,Sales_Invoice,2025-10-01 00:00:00,Posted
DOC001747,INV-001747,Purchase_Order,2024-10-10 00:00:00,Cancelled
DOC001748,INV-001748,Purchase_Order,2023-07-10 00:00:00,Posted
DOC001749,INV-001749,Sales_Invoice,2025-07-21 00:00:00,Posted
DOC001750,INV-001750,Payroll,2023-05-22 00:00:00,Posted
DOC001751,INV-001751,Purchase_Order,2025-04-19 00:00:00,Posted
DOC001752,INV-001752,Stock_Movement,2023-06-17 00:00:00,Posted
DOC001753,INV-001753,Stock_Movement,2024-07-19 00:00:00,Posted
DOC001754,INV-001754,Payroll,2025-01-13 00:00:00,Posted
DOC001755,INV-001755,Purchase_Order,2024-11-03 00:00:00,Posted
DOC001756,INV-001756,Stock_Movement,2025-05-13 00:00:00,Posted
DOC001757,INV-001757,Purchase_Order,2025-04-18 00:00:00,Cancelled
DOC001758,INV-001758,Purchase_Order,2024-06-14 00:00:00,Posted
DOC001759,INV-001759,Stock_Movement,2025-08-31 00:00:00,Posted
DOC001760,INV-001760,Sales_Invoice,2024-07-15 00:00:00,Posted
DOC001761,INV-001761,Stock_Movement,2023-06-24 00:00:00,Posted
DOC001762,INV-001762,Payroll,2023-10-29 00:00:00,Posted
DOC001763,INV-001763,Budget_Entry,2023-07-04 00:00:00,Posted
DOC001764,INV-001764,Stock_Movement,2024-05-24 00:00:00,Posted
DOC001765,INV-001765,Purchase_Order,2025-03-29 00:00:00,Posted
DOC001766,INV-001766,Purchase_Order,2023-06-05 00:00:00,Posted
DOC001767,INV-001767,Stock_Movement,2025-02-25 00:00:00,Posted
DOC001768,INV-001768,Budget_Entry,2025-03-05 00:00:00,Cancelled
DOC001769,INV-001769,Stock_Movement,2024-03-07 00:00:00,Posted
DOC001770,INV-001770,Budget_Entry,2025-01-30 00:00:00,Posted
DOC001771,INV-001771,Budget_Entry,2023-05-27 00:00:00,Posted
DOC001772,INV-001772,Payroll,2024-04-25 00:00:00,Posted
DOC001773,INV-001773,Purchase_Order,2024-03-10 00:00:00,Approved
DOC001774,INV-001774,Purchase_Order,2023-03-10 00:00:00,Posted
DOC001775,INV-001775,Budget_Entry,2025-05-24 00:00:00,Posted
DOC001776,INV-001776,Purchase_Order,2023-07-05 00:00:00,Posted
DOC001777,INV-001777,Sales_Invoice,2025-06-22 00:00:00,Approved
DOC001778,INV-001778,Budget_Entry,2024-11-12 00:00:00,Cancelled
DOC001779,INV-001779,Purchase_Order,2023-07-23 00:00:00,Posted
DOC001780,INV-001780,Sales_Invoice,2024-07-07 00:00:00,Posted
DOC001781,INV-001781,Payroll,2023-01-13 00:00:00,Draft
DOC001782,INV-001782,Purchase_Order,2024-10-27 00:00:00,Posted
DOC001783,INV-001783,Sales_Invoice,2023-02-20 00:00:00,Posted
DOC001784,INV-001784,Stock_Movement,2024-05-14 00:00:00,Draft
DOC001785,INV-001785,Stock_Movement,2024-01-04 00:00:00,Posted
DOC001786,INV-001786,Sales_Invoice,2024-12-24 00:00:00,Posted
DOC001787,INV-001787,Budget_Entry,2023-12-23 00:00:00,Posted
DOC001788,INV-001788,Budget_Entry,2025-10-23 00:00:00,Posted
DOC001789,INV-001789,Purchase_Order,2025-04-26 00:00:00,Posted
DOC001790,INV-001790,Stock_Movement,2023-09-13 00:00:00,Approved
DOC001791,INV-001791,Budget_Entry,2023-10-06 00:00:00,Posted
DOC001792,INV-001792,Budget_Entry,2025-12-18 00:00:00,Posted
DOC001793,INV-001793,Stock_Movement,2024-03-21 00:00:00,Posted
DOC001794,INV-001794,Payroll,2023-04-23 00:00:00,Posted
DOC001795,INV-001795,Budget_Entry,2025-04-15 00:00:00,Posted
DOC001796,INV-001796,Sales_Invoice,2025-01-24 00:00:00,Cancelled
DOC001797,INV-001797,Purchase_Order,2024-01-02 00:00:00,Posted
DOC001798,INV-001798,Budget_Entry,2025-12-19 00:00:00,Approved
DOC001799,INV-001799,Budget_Entry,2023-11-25 00:00:00,Posted
DOC001800,INV-001800,Payroll,2024-12-28 00:00:00,Posted
DOC001801,INV-001801,Sales_Invoice,2025-10-02 00:00:00,Posted
DOC001802,INV-001802,Purchase_Order,2024-12-20 00:00:00,Posted
DOC001803,INV-001803,Budget_Entry,2025-12-22 00:00:00,Posted
DOC001804,INV-001804,Purchase_Order,2023-07-03 00:00:00,Draft
DOC001805,INV-001805,Stock_Movement,2025-10-19 00:00:00,Posted
DOC001806,INV-001806,Budget_Entry,2023-11-07 00:00:00,Posted
DOC001807,INV-001807,Budget_Entry,2023-06-26 00:00:00,Approved
DOC001808,INV-001808,Stock_Movement,2025-04-26 00:00:00,Posted
DOC001809,INV-001809,Payroll,2023-01-09 00:00:00,Posted
DOC001810,INV-001810,Budget_Entry,2023-08-24 00:00:00,Posted
DOC001811,INV-001811,Purchase_Order,2024-12-10 00:00:00,Draft
DOC001812,INV-001812,Sales_Invoice,2025-07-12 00:00:00,Posted
DOC001813,INV-001813,Purchase_Order,2024-11-15 00:00:00,Posted
DOC001814,INV-001814,Payroll,2025-03-04 00:00:00,Posted
DOC001815,INV-001815,Sales_Invoice,2025-11-17 00:00:00,Posted
DOC001816,INV-001816,Purchase_Order,2025-03-18 00:00:00,Posted
DOC001817,INV-001817,Purchase_Order,2023-01-27 00:00:00,Posted
DOC001818,INV-001818,Stock_Movement,2024-07-03 00:00:00,Draft
DOC001819,INV-001819,Payroll,2023-03-26 00:00:00,Posted
DOC001820,INV-001820,Stock_Movement,2025-11-19 00:00:00,Posted
DOC001821,INV-001821,Sales_Invoice,2024-04-10 00:00:00,Posted
DOC001822,INV-001822,Stock_Movement,2023-01-12 00:00:00,Posted
DOC001823,INV-001823,Payroll,2025-10-09 00:00:00,Posted
DOC001824,INV-001824,Budget_Entry,2025-11-19 00:00:00,Posted
DOC001825,INV-001825,Budget_Entry,2025-11-27 00:00:00,Posted
DOC001826,INV-001826,Sales_Invoice,2024-07-25 00:00:00,Posted
DOC001827,INV-001827,Budget_Entry,2025-07-02 00:00:00,Posted
DOC001828,INV-001828,Stock_Movement,2023-06-29 00:00:00,Posted
DOC001829,INV-001829,Sales_Invoice,2025-03-07 00:00:00,Draft
DOC001830,INV-001830,Payroll,2025-11-10 00:00:00,Approved
DOC001831,INV-001831,Sales_Invoice,2024-03-16 00:00:00,Approved
DOC001832,INV-001832,Sales_Invoice,2025-06-05 00:00:00,Posted
DOC001833,INV-001833,Purchase_Order,2024-02-25 00:00:00,Draft
DOC001834,INV-001834,Purchase_Order,2024-04-12 00:00:00,Posted
DOC001835,INV-001835,Sales_Invoice,2024-12-13 00:00:00,Posted
DOC001836,INV-001836,Budget_Entry,2024-01-20 00:00:00,Draft
DOC001837,INV-001837,Purchase_Order,2023-11-10 00:00:00,Posted
DOC001838,INV-001838,Payroll,2025-02-09 00:00:00,Posted
DOC001839,INV-001839,Stock_Movement,2025-08-16 00:00:00,Posted
DOC001840,INV-001840,Purchase_Order,2025-07-05 00:00:00,Posted
DOC001841,INV-001841,Sales_Invoice,2023-01-23 00:00:00,Posted
DOC001842,INV-001842,Budget_Entry,2023-12-05 00:00:00,Draft
DOC001843,INV-001843,Stock_Movement,2025-04-02 00:00:00,Posted
DOC001844,INV-001844,Purchase_Order,2024-01-01 00:00:00,Posted
DOC001845,INV-001845,Budget_Entry,2025-07-03 00:00:00,Posted
DOC001846,INV-001846,Budget_Entry,2024-04-19 00:00:00,Posted
DOC001847,INV-001847,Budget_Entry,2023-01-27 00:00:00,Posted
DOC001848,INV-001848,Sales_Invoice,2025-07-30 00:00:00,Posted
DOC001849,INV-001849,Payroll,2025-03-12 00:00:00,Posted
DOC001850,INV-001850,Budget_Entry,2025-03-11 00:00:00,Draft
DOC001851,INV-001851,Stock_Movement,2025-05-09 00:00:00,Posted
DOC001852,INV-001852,Purchase_Order,2025-05-13 00:00:00,Posted
DOC001853,INV-001853,Stock_Movement,2024-11-20 00:00:00,Posted
DOC001854,INV-001854,Sales_Invoice,2025-01-08 00:00:00,Posted
DOC001855,INV-001855,Sales_Invoice,2024-02-19 00:00:00,Posted
DOC001856,INV-001856,Stock_Movement,2025-09-08 00:00:00,Posted
DOC001857,INV-001857,Payroll,2024-03-04 00:00:00,Posted
DOC001858,INV-001858,Sales_Invoice,2023-02-10 00:00:00,Approved
DOC001859,INV-001859,Sales_Invoice,2025-06-23 00:00:00,Posted
DOC001860,INV-001860,Stock_Movement,2025-10-08 00:00:00,Posted
DOC001861,INV-001861,Sales_Invoice,2024-12-03 00:00:00,Posted
DOC001862,INV-001862,Payroll,2023-03-20 00:00:00,Posted
DOC001863,INV-001863,Payroll,2024-12-17 00:00:00,Posted
DOC001864,INV-001864,Payroll,2024-06-27 00:00:00,Posted
DOC001865,INV-001865,Purchase_Order,2024-04-18 00:00:00,Posted
DOC001866,INV-001866,Payroll,2023-10-21 00:00:00,Posted
DOC001867,INV-001867,Payroll,2024-09-01 00:00:00,Posted
DOC001868,INV-001868,Purchase_Order,2023-05-16 00:00:00,Posted
DOC001869,INV-001869,Budget_Entry,2024-04-28 00:00:00,Posted
DOC001870,INV-001870,Sales_Invoice,2025-03-24 00:00:00,Posted
DOC001871,INV-001871,Payroll,2024-07-08 00:00:00,Posted
DOC001872,INV-001872,Sales_Invoice,2023-02-15 00:00:00,Posted
DOC001873,INV-001873,Stock_Movement,2025-12-07 00:00:00,Posted
DOC001874,INV-001874,Sales_Invoice,2023-07-17 00:00:00,Posted
DOC001875,INV-001875,Purchase_Order,2023-03-25 00:00:00,Posted
DOC001876,INV-001876,Sales_Invoice,2024-06-26 00:00:00,Posted
DOC001877,INV-001877,Sales_Invoice,2023-03-12 00:00:00,Posted
DOC001878,INV-001878,Sales_Invoice,2024-06-03 00:00:00,Posted
DOC001879,INV-001879,Budget_Entry,2025-06-16 00:00:00,Posted
DOC001880,INV-001880,Budget_Entry,2025-07-01 00:00:00,Posted
DOC001881,INV-001881,Stock_Movement,2025-12-11 00:00:00,Posted
DOC001882,INV-001882,Purchase_Order,2025-12-04 00:00:00,Posted
DOC001883,INV-001883,Sales_Invoice,2023-10-20 00:00:00,Posted
DOC001884,INV-001884,Sales_Invoice,2025-07-26 00:00:00,Posted
DOC001885,INV-001885,Sales_Invoice,2025-03-22 00:00:00,Posted
DOC001886,INV-001886,Sales_Invoice,2025-05-16 00:00:00,Posted
DOC001887,INV-001887,Budget_Entry,2024-01-15 00:00:00,Posted
DOC001888,INV-001888,Stock_Movement,2025-10-03 00:00:00,Posted
DOC001889,INV-001889,Payroll,2023-09-19 00:00:00,Posted
DOC001890,INV-001890,Purchase_Order,2024-08-02 00:00:00,Posted
DOC001891,INV-001891,Sales_Invoice,2023-12-23 00:00:00,Posted
DOC001892,INV-001892,Stock_Movement,2024-11-28 00:00:00,Posted
DOC001893,INV-001893,Payroll,2025-11-02 00:00:00,Posted
DOC001894,INV-001894,Stock_Movement,2024-03-18 00:00:00,Posted
DOC001895,INV-001895,Budget_Entry,2024-12-26 00:00:00,Approved
DOC001896,INV-001896,Payroll,2023-10-13 00:00:00,Posted
DOC001897,INV-001897,Stock_Movement,2024-07-23 00:00:00,Posted
DOC001898,INV-001898,Budget_Entry,2025-04-19 00:00:00,Posted
DOC001899,INV-001899,Stock_Movement,2024-05-12 00:00:00,Cancelled
DOC001900,INV-001900,Stock_Movement,2024-12-05 00:00:00,Posted
DOC001901,INV-001901,Payroll,2024-07-15 00:00:00,Posted
DOC001902,INV-001902,Budget_Entry,2023-02-01 00:00:00,Posted
DOC001903,INV-001903,Sales_Invoice,2023-02-12 00:00:00,Approved
DOC001904,INV-001904,Purchase_Order,2024-07-12 00:00:00,Posted
DOC001905,INV-001905,Payroll,2023-09-27 00:00:00,Draft
DOC001906,INV-001906,Budget_Entry,2025-07-31 00:00:00,Posted
DOC001907,INV-001907,Stock_Movement,2025-11-08 00:00:00,Draft
DOC001908,INV-001908,Budget_Entry,2023-02-06 00:00:00,Posted
DOC001909,INV-001909,Purchase_Order,2023-04-02 00:00:00,Posted
DOC001910,INV-001910,Purchase_Order,2023-07-04 00:00:00,Posted
DOC001911,INV-001911,Sales_Invoice,2024-12-28 00:00:00,Posted
DOC001912,INV-001912,Sales_Invoice,2025-11-17 00:00:00,Posted
DOC001913,INV-001913,Purchase_Order,2024-01-07 00:00:00,Posted
DOC001914,INV-001914,Payroll,2025-04-11 00:00:00,Posted
DOC001915,INV-001915,Payroll,2023-12-11 00:00:00,Posted
DOC001916,INV-001916,Stock_Movement,2023-03-19 00:00:00,Posted
DOC001917,INV-001917,Sales_Invoice,2023-06-16 00:00:00,Posted
DOC001918,INV-001918,Stock_Movement,2023-09-21 00:00:00,Posted
DOC001919,INV-001919,Sales_Invoice,2024-12-24 00:00:00,Posted
DOC001920,INV-001920,Purchase_Order,2024-05-26 00:00:00,Cancelled
DOC001921,INV-001921,Payroll,2024-07-29 00:00:00,Posted
DOC001922,INV-001922,Payroll,2024-12-22 00:00:00,Posted
DOC001923,INV-001923,Purchase_Order,2024-03-06 00:00:00,Posted
DOC001924,INV-001924,Stock_Movement,2025-02-06 00:00:00,Posted
DOC001925,INV-001925,Stock_Movement,2024-04-07 00:00:00,Draft
DOC001926,INV-001926,Budget_Entry,2023-04-11 00:00:00,Posted
DOC001927,INV-001927,Sales_Invoice,2025-11-05 00:00:00,Posted
DOC001928,INV-001928,Stock_Movement,2023-09-01 00:00:00,Posted
DOC001929,INV-001929,Purchase_Order,2023-04-15 00:00:00,Posted
DOC001930,INV-001930,Stock_Movement,2024-11-24 00:00:00,Posted
DOC001931,INV-001931,Payroll,2025-12-06 00:00:00,Posted
DOC001932,INV-001932,Sales_Invoice,2025-12-02 00:00:00,Posted
DOC001933,INV-001933,Budget_Entry,2025-03-28 00:00:00,Posted
DOC001934,INV-001934,Sales_Invoice,2023-08-09 00:00:00,Posted
DOC001935,INV-001935,Payroll,2023-05-24 00:00:00,Posted
DOC001936,INV-001936,Payroll,2025-06-08 00:00:00,Posted
DOC001937,INV-001937,Payroll,2025-11-17 00:00:00,Posted
DOC001938,INV-001938,Payroll,2025-02-28 00:00:00,Approved
DOC001939,INV-001939,Purchase_Order,2024-07-06 00:00:00,Posted
DOC001940,INV-001940,Budget_Entry,2025-04-23 00:00:00,Posted
DOC001941,INV-001941,Payroll,2024-10-20 00:00:00,Approved
DOC001942,INV-001942,Payroll,2025-04-16 00:00:00,Posted
DOC001943,INV-001943,Stock_Movement,2025-10-15 00:00:00,Approved
DOC001944,INV-001944,Budget_Entry,2025-01-20 00:00:00,Posted
DOC001945,INV-001945,Sales_Invoice,2023-09-06 00:00:00,Posted
DOC001946,INV-001946,Budget_Entry,2025-02-13 00:00:00,Cancelled
DOC001947,INV-001947,Budget_Entry,2025-02-02 00:00:00,Posted
DOC001948,INV-001948,Budget_Entry,2024-11-22 00:00:00,Posted
DOC001949,INV-001949,Payroll,2025-03-30 00:00:00,Posted
DOC001950,INV-001950,Payroll,2024-12-19 00:00:00,Posted
DOC001951,INV-001951,Purchase_Order,2023-08-22 00:00:00,Posted
DOC001952,INV-001952,Sales_Invoice,2023-01-24 00:00:00,Posted
DOC001953,INV-001953,Stock_Movement,2025-11-15 00:00:00,Posted
DOC001954,INV-001954,Budget_Entry,2025-10-02 00:00:00,Posted
DOC001955,INV-001955,Sales_Invoice,2024-06-05 00:00:00,Approved
DOC001956,INV-001956,Sales_Invoice,2023-01-17 00:00:00,Posted
DOC001957,INV-001957,Purchase_Order,2023-09-02 00:00:00,Posted
DOC001958,INV-001958,Stock_Movement,2024-12-18 00:00:00,Posted
DOC001959,INV-001959,Budget_Entry,2025-02-08 00:00:00,Posted
DOC001960,INV-001960,Stock_Movement,2024-12-17 00:00:00,Posted
DOC001961,INV-001961,Purchase_Order,2023-04-28 00:00:00,Posted
DOC001962,INV-001962,Payroll,2023-01-09 00:00:00,Posted
DOC001963,INV-001963,Sales_Invoice,2024-08-20 00:00:00,Posted
DOC001964,INV-001964,Budget_Entry,2023-01-23 00:00:00,Posted
DOC001965,INV-001965,Payroll,2023-08-28 00:00:00,Draft
DOC001966,INV-001966,Purchase_Order,2023-01-27 00:00:00,Approved
DOC001967,INV-001967,Stock_Movement,2025-09-10 00:00:00,Posted
DOC001968,INV-001968,Sales_Invoice,2023-07-18 00:00:00,Cancelled
DOC001969,INV-001969,Budget_Entry,2025-02-13 00:00:00,Posted
DOC001970,INV-001970,Payroll,2023-04-02 00:00:00,Posted
DOC001971,INV-001971,Payroll,2025-04-30 00:00:00,Posted
DOC001972,INV-001972,Sales_Invoice,2023-10-27 00:00:00,Posted
DOC001973,INV-001973,Stock_Movement,2023-10-23 00:00:00,Posted
DOC001974,INV-001974,Purchase_Order,2024-10-08 00:00:00,Posted
DOC001975,INV-001975,Stock_Movement,2025-09-27 00:00:00,Posted
DOC001976,INV-001976,Stock_Movement,2025-12-18 00:00:00,Posted
DOC001977,INV-001977,Stock_Movement,2025-06-27 00:00:00,Posted
DOC001978,INV-001978,Sales_Invoice,2025-05-20 00:00:00,Posted
DOC001979,INV-001979,Sales_Invoice,2025-01-22 00:00:00,Posted
DOC001980,INV-001980,Purchase_Order,2023-12-08 00:00:00,Posted
DOC001981,INV-001981,Stock_Movement,2023-03-03 00:00:00,Posted
DOC001982,INV-001982,Sales_Invoice,2025-02-14 00:00:00,Posted
DOC001983,INV-001983,Purchase_Order,2024-09-16 00:00:00,Approved
DOC001984,INV-001984,Purchase_Order,2023-09-13 00:00:00,Approved
DOC001985,INV-001985,Stock_Movement,2025-04-07 00:00:00,Posted
DOC001986,INV-001986,Budget_Entry,2025-10-10 00:00:00,Posted
DOC001987,INV-001987,Stock_Movement,2024-09-06 00:00:00,Posted
DOC001988,INV-001988,Budget_Entry,2023-09-02 00:00:00,Draft
DOC001989,INV-001989,Purchase_Order,2025-01-26 00:00:00,Cancelled
DOC001990,INV-001990,Sales_Invoice,2025-04-03 00:00:00,Posted
DOC001991,INV-001991,Payroll,2025-02-18 00:00:00,Posted
DOC001992,INV-001992,Purchase_Order,2025-01-01 00:00:00,Posted
DOC001993,INV-001993,Sales_Invoice,2025-05-27 00:00:00,Approved
DOC001994,INV-001994,Purchase_Order,2024-05-30 00:00:00,Posted
DOC001995,INV-001995,Stock_Movement,2024-04-18 00:00:00,Posted
DOC001996,INV-001996,Budget_Entry,2023-02-05 00:00:00,Posted
DOC001997,INV-001997,Purchase_Order,2025-11-06 00:00:00,Posted
DOC001998,INV-001998,Sales_Invoice,2025-04-09 00:00:00,Approved
DOC001999,INV-001999,Stock_Movement,2025-12-07 00:00:00,Posted
DOC002000,INV-002000,Payroll,2025-12-21 00:00:00,Posted
DOC002001,INV-002001,Stock_Movement,2025-12-28 00:00:00,Approved
DOC002002,INV-002002,Budget_Entry,2024-01-01 00:00:00,Posted
DOC002003,INV-002003,Stock_Movement,2025-08-02 00:00:00,Posted
DOC002004,INV-002004,Payroll,2025-09-02 00:00:00,Posted
DOC002005,INV-002005,Sales_Invoice,2024-03-06 00:00:00,Posted
DOC002006,INV-002006,Purchase_Order,2025-05-08 00:00:00,Posted
DOC002007,INV-002007,Budget_Entry,2023-08-18 00:00:00,Posted
DOC002008,INV-002008,Payroll,2024-01-05 00:00:00,Posted
DOC002009,INV-002009,Budget_Entry,2023-06-27 00:00:00,Posted
DOC002010,INV-002010,Stock_Movement,2024-07-21 00:00:00,Draft
DOC002011,INV-002011,Budget_Entry,2025-03-03 00:00:00,Posted
DOC002012,INV-002012,Payroll,2025-06-18 00:00:00,Posted
DOC002013,INV-002013,Purchase_Order,2025-09-01 00:00:00,Posted
DOC002014,INV-002014,Purchase_Order,2023-03-23 00:00:00,Posted
DOC002015,INV-002015,Budget_Entry,2025-04-25 00:00:00,Posted
DOC002016,INV-002016,Sales_Invoice,2025-01-31 00:00:00,Draft
DOC002017,INV-002017,Budget_Entry,2024-09-09 00:00:00,Posted
DOC002018,INV-002018,Stock_Movement,2025-10-30 00:00:00,Posted
DOC002019,INV-002019,Purchase_Order,2023-08-04 00:00:00,Posted
DOC002020,INV-002020,Purchase_Order,2023-10-17 00:00:00,Approved
DOC002021,INV-002021,Purchase_Order,2024-03-20 00:00:00,Approved
DOC002022,INV-002022,Sales_Invoice,2025-07-11 00:00:00,Posted
DOC002023,INV-002023,Sales_Invoice,2024-07-05 00:00:00,Posted
DOC002024,INV-002024,Payroll,2023-07-12 00:00:00,Posted
DOC002025,INV-002025,Budget_Entry,2023-10-16 00:00:00,Posted
DOC002026,INV-002026,Budget_Entry,2024-08-05 00:00:00,Posted
DOC002027,INV-002027,Stock_Movement,2025-05-06 00:00:00,Posted
DOC002028,INV-002028,Purchase_Order,2025-02-19 00:00:00,Posted
DOC002029,INV-002029,Sales_Invoice,2025-06-14 00:00:00,Posted
DOC002030,INV-002030,Stock_Movement,2025-07-08 00:00:00,Posted
DOC002031,INV-002031,Stock_Movement,2024-07-17 00:00:00,Posted
DOC002032,INV-002032,Sales_Invoice,2023-01-13 00:00:00,Posted
DOC002033,INV-002033,Budget_Entry,2025-09-13 00:00:00,Posted
DOC002034,INV-002034,Purchase_Order,2023-12-06 00:00:00,Posted
DOC002035,INV-002035,Budget_Entry,2025-05-14 00:00:00,Posted
DOC002036,INV-002036,Stock_Movement,2023-11-08 00:00:00,Posted
DOC002037,INV-002037,Purchase_Order,2025-01-02 00:00:00,Posted
DOC002038,INV-002038,Payroll,2023-12-05 00:00:00,Posted
DOC002039,INV-002039,Stock_Movement,2023-10-27 00:00:00,Posted
DOC002040,INV-002040,Budget_Entry,2023-12-25 00:00:00,Posted
DOC002041,INV-002041,Budget_Entry,2023-06-18 00:00:00,Posted
DOC002042,INV-002042,Budget_Entry,2025-01-30 00:00:00,Posted
DOC002043,INV-002043,Sales_Invoice,2025-02-06 00:00:00,Posted
DOC002044,INV-002044,Stock_Movement,2025-09-08 00:00:00,Posted
DOC002045,INV-002045,Purchase_Order,2023-02-11 00:00:00,Posted
DOC002046,INV-002046,Budget_Entry,2023-07-21 00:00:00,Posted
DOC002047,INV-002047,Budget_Entry,2025-08-27 00:00:00,Posted
DOC002048,INV-002048,Sales_Invoice,2024-04-08 00:00:00,Posted
DOC002049,INV-002049,Purchase_Order,2024-03-24 00:00:00,Posted
DOC002050,INV-002050,Stock_Movement,2025-07-01 00:00:00,Posted
DOC002051,INV-002051,Payroll,2025-03-08 00:00:00,Posted
DOC002052,INV-002052,Sales_Invoice,2025-03-04 00:00:00,Approved
DOC002053,INV-002053,Stock_Movement,2024-03-12 00:00:00,Posted
DOC002054,INV-002054,Payroll,2024-06-14 00:00:00,Posted
DOC002055,INV-002055,Budget_Entry,2024-07-18 00:00:00,Posted
DOC002056,INV-002056,Budget_Entry,2025-05-21 00:00:00,Approved
DOC002057,INV-002057,Purchase_Order,2023-08-01 00:00:00,Draft
DOC002058,INV-002058,Payroll,2025-08-06 00:00:00,Posted
DOC002059,INV-002059,Budget_Entry,2023-07-11 00:00:00,Posted
DOC002060,INV-002060,Budget_Entry,2024-12-05 00:00:00,Posted
DOC002061,INV-002061,Purchase_Order,2024-07-02 00:00:00,Posted
DOC002062,INV-002062,Stock_Movement,2023-06-03 00:00:00,Approved
DOC002063,INV-002063,Budget_Entry,2024-07-24 00:00:00,Posted
DOC002064,INV-002064,Sales_Invoice,2023-08-28 00:00:00,Approved
DOC002065,INV-002065,Sales_Invoice,2024-01-09 00:00:00,Posted
DOC002066,INV-002066,Stock_Movement,2025-03-15 00:00:00,Posted
DOC002067,INV-002067,Payroll,2025-03-09 00:00:00,Posted
DOC002068,INV-002068,Purchase_Order,2024-09-02 00:00:00,Posted
DOC002069,INV-002069,Sales_Invoice,2024-11-18 00:00:00,Cancelled
DOC002070,INV-002070,Sales_Invoice,2025-02-12 00:00:00,Posted
DOC002071,INV-002071,Stock_Movement,2023-05-23 00:00:00,Posted
DOC002072,INV-002072,Payroll,2023-09-29 00:00:00,Posted
DOC002073,INV-002073,Payroll,2024-03-01 00:00:00,Posted
DOC002074,INV-002074,Stock_Movement,2023-02-15 00:00:00,Posted
DOC002075,INV-002075,Sales_Invoice,2023-04-05 00:00:00,Posted
DOC002076,INV-002076,Purchase_Order,2023-03-05 00:00:00,Posted
DOC002077,INV-002077,Sales_Invoice,2024-02-17 00:00:00,Posted
DOC002078,INV-002078,Payroll,2025-10-29 00:00:00,Posted
DOC002079,INV-002079,Sales_Invoice,2024-04-03 00:00:00,Posted
DOC002080,INV-002080,Purchase_Order,2024-04-14 00:00:00,Posted
DOC002081,INV-002081,Budget_Entry,2025-03-20 00:00:00,Posted
DOC002082,INV-002082,Sales_Invoice,2024-05-20 00:00:00,Posted
DOC002083,INV-002083,Stock_Movement,2023-03-25 00:00:00,Posted
DOC002084,INV-002084,Budget_Entry,2023-02-28 00:00:00,Posted
DOC002085,INV-002085,Stock_Movement,2025-11-10 00:00:00,Posted
DOC002086,INV-002086,Stock_Movement,2025-07-06 00:00:00,Cancelled
DOC002087,INV-002087,Stock_Movement,2023-06-06 00:00:00,Posted
DOC002088,INV-002088,Sales_Invoice,2024-07-29 00:00:00,Posted
DOC002089,INV-002089,Payroll,2025-04-16 00:00:00,Posted
DOC002090,INV-002090,Budget_Entry,2024-11-10 00:00:00,Posted
DOC002091,INV-002091,Purchase_Order,2023-07-22 00:00:00,Posted
DOC002092,INV-002092,Payroll,2023-11-14 00:00:00,Posted
DOC002093,INV-002093,Sales_Invoice,2024-02-10 00:00:00,Posted
DOC002094,INV-002094,Stock_Movement,2025-09-12 00:00:00,Posted
DOC002095,INV-002095,Purchase_Order,2025-08-06 00:00:00,Posted
DOC002096,INV-002096,Budget_Entry,2025-12-29 00:00:00,Posted
DOC002097,INV-002097,Payroll,2024-05-09 00:00:00,Approved
DOC002098,INV-002098,Payroll,2024-11-09 00:00:00,Posted
DOC002099,INV-002099,Purchase_Order,2025-04-14 00:00:00,Posted
DOC002100,INV-002100,Sales_Invoice,2023-07-13 00:00:00,Cancelled
DOC002101,INV-002101,Budget_Entry,2023-11-04 00:00:00,Posted
DOC002102,INV-002102,Purchase_Order,2024-05-20 00:00:00,Posted
DOC002103,INV-002103,Stock_Movement,2023-10-08 00:00:00,Draft
DOC002104,INV-002104,Budget_Entry,2024-11-05 00:00:00,Posted
DOC002105,INV-002105,Payroll,2025-07-21 00:00:00,Approved
DOC002106,INV-002106,Purchase_Order,2024-12-15 00:00:00,Posted
DOC002107,INV-002107,Payroll,2024-08-30 00:00:00,Posted
DOC002108,INV-002108,Payroll,2024-04-27 00:00:00,Posted
DOC002109,INV-002109,Payroll,2023-04-27 00:00:00,Posted
DOC002110,INV-002110,Sales_Invoice,2025-08-25 00:00:00,Posted
DOC002111,INV-002111,Payroll,2023-07-11 00:00:00,Posted
DOC002112,INV-002112,Stock_Movement,2025-02-26 00:00:00,Posted
DOC002113,INV-002113,Stock_Movement,2024-09-09 00:00:00,Posted
DOC002114,INV-002114,Budget_Entry,2024-05-30 00:00:00,Posted
DOC002115,INV-002115,Payroll,2023-11-03 00:00:00,Posted
DOC002116,INV-002116,Payroll,2024-06-15 00:00:00,Posted
DOC002117,INV-002117,Purchase_Order,2023-05-02 00:00:00,Approved
DOC002118,INV-002118,Sales_Invoice,2024-10-10 00:00:00,Draft
DOC002119,INV-002119,Budget_Entry,2024-08-14 00:00:00,Posted
DOC002120,INV-002120,Payroll,2025-05-19 00:00:00,Posted
DOC002121,INV-002121,Purchase_Order,2023-02-28 00:00:00,Posted
DOC002122,INV-002122,Sales_Invoice,2023-10-28 00:00:00,Posted
DOC002123,INV-002123,Budget_Entry,2024-07-06 00:00:00,Posted
DOC002124,INV-002124,Budget_Entry,2024-02-03 00:00:00,Posted
DOC002125,INV-002125,Payroll,2024-05-29 00:00:00,Cancelled
DOC002126,INV-002126,Budget_Entry,2025-03-15 00:00:00,Posted
DOC002127,INV-002127,Purchase_Order,2024-05-12 00:00:00,Posted
DOC002128,INV-002128,Budget_Entry,2025-07-30 00:00:00,Posted
DOC002129,INV-002129,Stock_Movement,2024-06-11 00:00:00,Approved
DOC002130,INV-002130,Purchase_Order,2024-02-02 00:00:00,Posted
DOC002131,INV-002131,Sales_Invoice,2024-03-11 00:00:00,Posted
DOC002132,INV-002132,Sales_Invoice,2025-04-19 00:00:00,Posted
DOC002133,INV-002133,Payroll,2023-12-26 00:00:00,Posted
DOC002134,INV-002134,Payroll,2025-05-13 00:00:00,Posted
DOC002135,INV-002135,Stock_Movement,2024-09-25 00:00:00,Draft
DOC002136,INV-002136,Sales_Invoice,2023-08-02 00:00:00,Posted
DOC002137,INV-002137,Sales_Invoice,2025-07-04 00:00:00,Approved
DOC002138,INV-002138,Sales_Invoice,2024-08-14 00:00:00,Posted
DOC002139,INV-002139,Sales_Invoice,2023-05-15 00:00:00,Posted
DOC002140,INV-002140,Budget_Entry,2025-01-23 00:00:00,Posted
DOC002141,INV-002141,Purchase_Order,2024-01-21 00:00:00,Posted
DOC002142,INV-002142,Purchase_Order,2024-01-24 00:00:00,Posted
DOC002143,INV-002143,Stock_Movement,2025-01-13 00:00:00,Posted
DOC002144,INV-002144,Budget_Entry,2024-12-04 00:00:00,Posted
DOC002145,INV-002145,Sales_Invoice,2025-07-13 00:00:00,Posted
DOC002146,INV-002146,Sales_Invoice,2025-02-11 00:00:00,Posted
DOC002147,INV-002147,Payroll,2025-05-13 00:00:00,Posted
DOC002148,INV-002148,Payroll,2025-11-25 00:00:00,Posted
DOC002149,INV-002149,Stock_Movement,2023-03-20 00:00:00,Draft
DOC002150,INV-002150,Sales_Invoice,2024-11-04 00:00:00,Draft
DOC002151,INV-002151,Stock_Movement,2023-11-08 00:00:00,Posted
DOC002152,INV-002152,Budget_Entry,2023-07-23 00:00:00,Posted
DOC002153,INV-002153,Purchase_Order,2025-09-11 00:00:00,Posted
DOC002154,INV-002154,Sales_Invoice,2023-01-17 00:00:00,Posted
DOC002155,INV-002155,Budget_Entry,2024-04-20 00:00:00,Approved
DOC002156,INV-002156,Sales_Invoice,2025-10-13 00:00:00,Posted
DOC002157,INV-002157,Payroll,2023-07-29 00:00:00,Posted
DOC002158,INV-002158,Stock_Movement,2024-05-13 00:00:00,Posted
DOC002159,INV-002159,Payroll,2024-03-04 00:00:00,Posted
DOC002160,INV-002160,Purchase_Order,2023-02-27 00:00:00,Posted
DOC002161,INV-002161,Payroll,2025-09-20 00:00:00,Approved
DOC002162,INV-002162,Sales_Invoice,2024-06-05 00:00:00,Posted
DOC002163,INV-002163,Payroll,2024-08-03 00:00:00,Posted
DOC002164,INV-002164,Sales_Invoice,2025-06-17 00:00:00,Posted
DOC002165,INV-002165,Purchase_Order,2024-09-12 00:00:00,Posted
DOC002166,INV-002166,Payroll,2025-12-03 00:00:00,Posted
DOC002167,INV-002167,Stock_Movement,2025-08-23 00:00:00,Posted
DOC002168,INV-002168,Stock_Movement,2025-06-28 00:00:00,Posted
DOC002169,INV-002169,Stock_Movement,2024-05-07 00:00:00,Approved
DOC002170,INV-002170,Payroll,2024-05-13 00:00:00,Posted
DOC002171,INV-002171,Payroll,2025-11-07 00:00:00,Draft
DOC002172,INV-002172,Payroll,2024-08-27 00:00:00,Posted
DOC002173,INV-002173,Sales_Invoice,2025-08-05 00:00:00,Posted
DOC002174,INV-002174,Purchase_Order,2023-10-21 00:00:00,Posted
DOC002175,INV-002175,Stock_Movement,2023-06-21 00:00:00,Draft
DOC002176,INV-002176,Sales_Invoice,2024-06-14 00:00:00,Posted
DOC002177,INV-002177,Stock_Movement,2023-03-07 00:00:00,Posted
DOC002178,INV-002178,Sales_Invoice,2023-05-21 00:00:00,Approved
DOC002179,INV-002179,Payroll,2024-03-21 00:00:00,Posted
DOC002180,INV-002180,Stock_Movement,2023-07-08 00:00:00,Approved
DOC002181,INV-002181,Payroll,2023-06-07 00:00:00,Posted
DOC002182,INV-002182,Stock_Movement,2024-10-31 00:00:00,Draft
DOC002183,INV-002183,Budget_Entry,2023-09-03 00:00:00,Posted
DOC002184,INV-002184,Sales_Invoice,2025-05-05 00:00:00,Draft
DOC002185,INV-002185,Budget_Entry,2025-08-01 00:00:00,Posted
DOC002186,INV-002186,Sales_Invoice,2025-01-17 00:00:00,Posted
DOC002187,INV-002187,Purchase_Order,2025-11-22 00:00:00,Posted
DOC002188,INV-002188,Stock_Movement,2023-11-26 00:00:00,Posted
DOC002189,INV-002189,Purchase_Order,2024-05-26 00:00:00,Approved
DOC002190,INV-002190,Purchase_Order,2025-04-29 00:00:00,Posted
DOC002191,INV-002191,Sales_Invoice,2025-12-30 00:00:00,Approved
DOC002192,INV-002192,Budget_Entry,2023-03-20 00:00:00,Posted
DOC002193,INV-002193,Payroll,2023-06-18 00:00:00,Approved
DOC002194,INV-002194,Sales_Invoice,2025-03-20 00:00:00,Posted
DOC002195,INV-002195,Payroll,2025-09-09 00:00:00,Posted
DOC002196,INV-002196,Purchase_Order,2023-06-29 00:00:00,Posted
DOC002197,INV-002197,Payroll,2023-09-17 00:00:00,Posted
DOC002198,INV-002198,Budget_Entry,2025-10-25 00:00:00,Posted
DOC002199,INV-002199,Sales_Invoice,2023-10-24 00:00:00,Posted
DOC002200,INV-002200,Budget_Entry,2024-09-11 00:00:00,Posted
DOC002201,INV-002201,Budget_Entry,2025-05-04 00:00:00,Posted
DOC002202,INV-002202,Sales_Invoice,2023-12-26 00:00:00,Posted
DOC002203,INV-002203,Budget_Entry,2023-04-27 00:00:00,Posted
DOC002204,INV-002204,Stock_Movement,2023-12-23 00:00:00,Posted
DOC002205,INV-002205,Stock_Movement,2025-08-14 00:00:00,Posted
DOC002206,INV-002206,Stock_Movement,2024-03-14 00:00:00,Posted
DOC002207,INV-002207,Payroll,2024-06-05 00:00:00,Posted
DOC002208,INV-002208,Budget_Entry,2023-07-18 00:00:00,Posted
DOC002209,INV-002209,Sales_Invoice,2025-12-09 00:00:00,Posted
DOC002210,INV-002210,Sales_Invoice,2024-10-31 00:00:00,Posted
DOC002211,INV-002211,Payroll,2025-11-19 00:00:00,Posted
DOC002212,INV-002212,Sales_Invoice,2023-01-31 00:00:00,Posted
DOC002213,INV-002213,Stock_Movement,2025-10-04 00:00:00,Posted
DOC002214,INV-002214,Budget_Entry,2023-11-29 00:00:00,Posted
DOC002215,INV-002215,Sales_Invoice,2024-10-21 00:00:00,Approved
DOC002216,INV-002216,Sales_Invoice,2023-06-26 00:00:00,Approved
DOC002217,INV-002217,Purchase_Order,2024-01-05 00:00:00,Draft
DOC002218,INV-002218,Purchase_Order,2024-06-30 00:00:00,Posted
DOC002219,INV-002219,Purchase_Order,2024-06-18 00:00:00,Posted
DOC002220,INV-002220,Budget_Entry,2023-04-07 00:00:00,Posted
DOC002221,INV-002221,Stock_Movement,2023-08-18 00:00:00,Posted
DOC002222,INV-002222,Stock_Movement,2023-08-15 00:00:00,Posted
DOC002223,INV-002223,Stock_Movement,2024-01-06 00:00:00,Posted
DOC002224,INV-002224,Budget_Entry,2023-02-24 00:00:00,Posted
DOC002225,INV-002225,Budget_Entry,2024-02-28 00:00:00,Posted
DOC002226,INV-002226,Purchase_Order,2023-11-11 00:00:00,Approved
DOC002227,INV-002227,Sales_Invoice,2023-02-01 00:00:00,Draft
DOC002228,INV-002228,Payroll,2023-04-03 00:00:00,Approved
DOC002229,INV-002229,Payroll,2024-06-02 00:00:00,Posted
DOC002230,INV-002230,Sales_Invoice,2025-05-02 00:00:00,Posted
DOC002231,INV-002231,Purchase_Order,2025-01-21 00:00:00,Approved
DOC002232,INV-002232,Sales_Invoice,2024-02-20 00:00:00,Approved
DOC002233,INV-002233,Sales_Invoice,2024-07-10 00:00:00,Posted
DOC002234,INV-002234,Payroll,2024-01-01 00:00:00,Posted
DOC002235,INV-002235,Purchase_Order,2024-08-21 00:00:00,Posted
DOC002236,INV-002236,Budget_Entry,2023-11-27 00:00:00,Posted
DOC002237,INV-002237,Payroll,2024-11-19 00:00:00,Posted
DOC002238,INV-002238,Budget_Entry,2023-01-11 00:00:00,Posted
DOC002239,INV-002239,Purchase_Order,2025-03-28 00:00:00,Approved
DOC002240,INV-002240,Sales_Invoice,2024-02-23 00:00:00,Posted
DOC002241,INV-002241,Stock_Movement,2025-06-29 00:00:00,Posted
DOC002242,INV-002242,Stock_Movement,2023-12-14 00:00:00,Cancelled
DOC002243,INV-002243,Purchase_Order,2025-08-15 00:00:00,Posted
DOC002244,INV-002244,Stock_Movement,2024-02-16 00:00:00,Posted
DOC002245,INV-002245,Budget_Entry,2023-06-02 00:00:00,Posted
DOC002246,INV-002246,Stock_Movement,2023-04-02 00:00:00,Draft
DOC002247,INV-002247,Purchase_Order,2023-11-27 00:00:00,Cancelled
DOC002248,INV-002248,Purchase_Order,2025-08-12 00:00:00,Approved
DOC002249,INV-002249,Budget_Entry,2025-08-27 00:00:00,Posted
DOC002250,INV-002250,Stock_Movement,2024-07-07 00:00:00,Posted
DOC002251,INV-002251,Stock_Movement,2025-07-18 00:00:00,Posted
DOC002252,INV-002252,Sales_Invoice,2023-07-13 00:00:00,Posted
DOC002253,INV-002253,Payroll,2024-06-13 00:00:00,Posted
DOC002254,INV-002254,Purchase_Order,2025-04-24 00:00:00,Posted
DOC002255,INV-002255,Sales_Invoice,2024-09-30 00:00:00,Posted
DOC002256,INV-002256,Purchase_Order,2024-04-22 00:00:00,Posted
DOC002257,INV-002257,Sales_Invoice,2024-04-24 00:00:00,Cancelled
DOC002258,INV-002258,Payroll,2023-10-15 00:00:00,Posted
DOC002259,INV-002259,Sales_Invoice,2024-11-28 00:00:00,Posted
DOC002260,INV-002260,Purchase_Order,2024-11-25 00:00:00,Posted
DOC002261,INV-002261,Stock_Movement,2024-06-23 00:00:00,Posted
DOC002262,INV-002262,Purchase_Order,2023-11-26 00:00:00,Posted
DOC002263,INV-002263,Budget_Entry,2024-04-14 00:00:00,Posted
DOC002264,INV-002264,Budget_Entry,2025-04-28 00:00:00,Posted
DOC002265,INV-002265,Budget_Entry,2024-06-17 00:00:00,Posted
DOC002266,INV-002266,Budget_Entry,2024-04-11 00:00:00,Approved
DOC002267,INV-002267,Payroll,2025-09-03 00:00:00,Approved
DOC002268,INV-002268,Stock_Movement,2024-02-24 00:00:00,Posted
DOC002269,INV-002269,Stock_Movement,2025-01-31 00:00:00,Posted
DOC002270,INV-002270,Purchase_Order,2025-10-02 00:00:00,Posted
DOC002271,INV-002271,Sales_Invoice,2025-06-09 00:00:00,Posted
DOC002272,INV-002272,Purchase_Order,2023-11-04 00:00:00,Posted
DOC002273,INV-002273,Purchase_Order,2025-07-12 00:00:00,Approved
DOC002274,INV-002274,Purchase_Order,2023-11-30 00:00:00,Approved
DOC002275,INV-002275,Purchase_Order,2025-08-11 00:00:00,Posted
DOC002276,INV-002276,Stock_Movement,2025-10-18 00:00:00,Posted
DOC002277,INV-002277,Sales_Invoice,2025-02-27 00:00:00,Posted
DOC002278,INV-002278,Purchase_Order,2025-04-11 00:00:00,Approved
DOC002279,INV-002279,Stock_Movement,2025-04-23 00:00:00,Approved
DOC002280,INV-002280,Purchase_Order,2023-09-07 00:00:00,Posted
DOC002281,INV-002281,Budget_Entry,2023-07-03 00:00:00,Posted
DOC002282,INV-002282,Purchase_Order,2025-03-09 00:00:00,Posted
DOC002283,INV-002283,Purchase_Order,2023-07-05 00:00:00,Posted
DOC002284,INV-002284,Payroll,2025-12-28 00:00:00,Posted
DOC002285,INV-002285,Budget_Entry,2025-04-17 00:00:00,Posted
DOC002286,INV-002286,Sales_Invoice,2024-09-18 00:00:00,Approved
DOC002287,INV-002287,Purchase_Order,2025-05-08 00:00:00,Posted
DOC002288,INV-002288,Sales_Invoice,2023-01-08 00:00:00,Approved
DOC002289,INV-002289,Budget_Entry,2025-02-21 00:00:00,Posted
DOC002290,INV-002290,Purchase_Order,2025-02-13 00:00:00,Posted
DOC002291,INV-002291,Payroll,2025-10-03 00:00:00,Posted
DOC002292,INV-002292,Stock_Movement,2024-11-07 00:00:00,Approved
DOC002293,INV-002293,Payroll,2023-07-30 00:00:00,Posted
DOC002294,INV-002294,Payroll,2024-05-04 00:00:00,Posted
DOC002295,INV-002295,Stock_Movement,2024-09-30 00:00:00,Posted
DOC002296,INV-002296,Stock_Movement,2023-07-10 00:00:00,Posted
DOC002297,INV-002297,Stock_Movement,2024-11-01 00:00:00,Approved
DOC002298,INV-002298,Purchase_Order,2025-04-22 00:00:00,Posted
DOC002299,INV-002299,Sales_Invoice,2023-12-01 00:00:00,Posted
DOC002300,INV-002300,Sales_Invoice,2024-08-01 00:00:00,Posted
DOC002301,INV-002301,Stock_Movement,2023-03-03 00:00:00,Approved
DOC002302,INV-002302,Payroll,2024-01-22 00:00:00,Posted
DOC002303,INV-002303,Budget_Entry,2023-06-02 00:00:00,Posted
DOC002304,INV-002304,Stock_Movement,2024-09-10 00:00:00,Posted
DOC002305,INV-002305,Payroll,2024-11-28 00:00:00,Posted
DOC002306,INV-002306,Payroll,2023-06-27 00:00:00,Posted
DOC002307,INV-002307,Purchase_Order,2025-04-26 00:00:00,Posted
DOC002308,INV-002308,Purchase_Order,2024-05-01 00:00:00,Posted
DOC002309,INV-002309,Sales_Invoice,2024-05-14 00:00:00,Posted
DOC002310,INV-002310,Sales_Invoice,2024-06-24 00:00:00,Posted
DOC002311,INV-002311,Budget_Entry,2023-01-13 00:00:00,Posted
DOC002312,INV-002312,Budget_Entry,2023-05-31 00:00:00,Draft
DOC002313,INV-002313,Budget_Entry,2025-12-09 00:00:00,Posted
DOC002314,INV-002314,Budget_Entry,2025-09-17 00:00:00,Posted
DOC002315,INV-002315,Payroll,2024-10-05 00:00:00,Posted
DOC002316,INV-002316,Payroll,2024-01-07 00:00:00,Approved
DOC002317,INV-002317,Sales_Invoice,2023-09-09 00:00:00,Posted
DOC002318,INV-002318,Purchase_Order,2023-02-22 00:00:00,Posted
DOC002319,INV-002319,Purchase_Order,2023-07-12 00:00:00,Posted
DOC002320,INV-002320,Stock_Movement,2024-08-13 00:00:00,Posted
DOC002321,INV-002321,Payroll,2025-12-16 00:00:00,Posted
DOC002322,INV-002322,Budget_Entry,2023-04-07 00:00:00,Posted
DOC002323,INV-002323,Budget_Entry,2023-07-17 00:00:00,Posted
DOC002324,INV-002324,Stock_Movement,2023-05-27 00:00:00,Posted
DOC002325,INV-002325,Purchase_Order,2024-12-23 00:00:00,Posted
DOC002326,INV-002326,Budget_Entry,2024-11-14 00:00:00,Draft
DOC002327,INV-002327,Purchase_Order,2025-11-01 00:00:00,Posted
DOC002328,INV-002328,Stock_Movement,2023-11-29 00:00:00,Approved
DOC002329,INV-002329,Purchase_Order,2024-05-26 00:00:00,Cancelled
DOC002330,INV-002330,Purchase_Order,2023-06-21 00:00:00,Posted
DOC002331,INV-002331,Purchase_Order,2024-07-17 00:00:00,Posted
DOC002332,INV-002332,Budget_Entry,2024-05-26 00:00:00,Posted
DOC002333,INV-002333,Sales_Invoice,2023-04-15 00:00:00,Approved
DOC002334,INV-002334,Payroll,2024-11-04 00:00:00,Posted
DOC002335,INV-002335,Purchase_Order,2025-03-17 00:00:00,Posted
DOC002336,INV-002336,Purchase_Order,2025-11-30 00:00:00,Posted
DOC002337,INV-002337,Purchase_Order,2025-06-07 00:00:00,Posted
DOC002338,INV-002338,Sales_Invoice,2025-05-25 00:00:00,Posted
DOC002339,INV-002339,Stock_Movement,2024-11-07 00:00:00,Draft
DOC002340,INV-002340,Budget_Entry,2023-11-17 00:00:00,Posted
DOC002341,INV-002341,Sales_Invoice,2023-12-01 00:00:00,Posted
DOC002342,INV-002342,Purchase_Order,2023-09-21 00:00:00,Posted
DOC002343,INV-002343,Sales_Invoice,2025-05-14 00:00:00,Posted
DOC002344,INV-002344,Sales_Invoice,2023-12-18 00:00:00,Posted
DOC002345,INV-002345,Sales_Invoice,2024-11-06 00:00:00,Draft
DOC002346,INV-002346,Stock_Movement,2025-07-07 00:00:00,Approved
DOC002347,INV-002347,Payroll,2023-01-05 00:00:00,Posted
DOC002348,INV-002348,Budget_Entry,2023-02-03 00:00:00,Draft
DOC002349,INV-002349,Stock_Movement,2023-12-17 00:00:00,Posted
DOC002350,INV-002350,Stock_Movement,2024-08-05 00:00:00,Posted
DOC002351,INV-002351,Payroll,2024-04-09 00:00:00,Posted
DOC002352,INV-002352,Stock_Movement,2023-12-14 00:00:00,Posted
DOC002353,INV-002353,Sales_Invoice,2023-05-05 00:00:00,Posted
DOC002354,INV-002354,Sales_Invoice,2023-12-23 00:00:00,Posted
DOC002355,INV-002355,Purchase_Order,2024-06-10 00:00:00,Posted
DOC002356,INV-002356,Stock_Movement,2024-05-12 00:00:00,Posted
DOC002357,INV-002357,Purchase_Order,2023-02-22 00:00:00,Posted
DOC002358,INV-002358,Budget_Entry,2023-05-29 00:00:00,Draft
DOC002359,INV-002359,Sales_Invoice,2024-05-17 00:00:00,Posted
DOC002360,INV-002360,Budget_Entry,2025-05-19 00:00:00,Posted
DOC002361,INV-002361,Payroll,2023-08-07 00:00:00,Posted
DOC002362,INV-002362,Sales_Invoice,2024-03-27 00:00:00,Posted
DOC002363,INV-002363,Budget_Entry,2023-03-24 00:00:00,Posted
DOC002364,INV-002364,Payroll,2025-01-07 00:00:00,Posted
DOC002365,INV-002365,Budget_Entry,2024-06-10 00:00:00,Posted
DOC002366,INV-002366,Payroll,2024-02-08 00:00:00,Draft
DOC002367,INV-002367,Payroll,2023-10-17 00:00:00,Approved
DOC002368,INV-002368,Sales_Invoice,2024-02-24 00:00:00,Posted
DOC002369,INV-002369,Purchase_Order,2023-12-05 00:00:00,Posted
DOC002370,INV-002370,Payroll,2025-02-15 00:00:00,Posted
DOC002371,INV-002371,Payroll,2024-12-11 00:00:00,Posted
DOC002372,INV-002372,Sales_Invoice,2025-09-13 00:00:00,Posted
DOC002373,INV-002373,Purchase_Order,2025-08-16 00:00:00,Approved
DOC002374,INV-002374,Stock_Movement,2024-11-16 00:00:00,Posted
DOC002375,INV-002375,Stock_Movement,2025-11-25 00:00:00,Approved
DOC002376,INV-002376,Purchase_Order,2024-01-08 00:00:00,Posted
DOC002377,INV-002377,Budget_Entry,2025-09-20 00:00:00,Posted
DOC002378,INV-002378,Sales_Invoice,2024-06-14 00:00:00,Posted
DOC002379,INV-002379,Purchase_Order,2025-07-12 00:00:00,Posted
DOC002380,INV-002380,Stock_Movement,2023-01-23 00:00:00,Posted
DOC002381,INV-002381,Payroll,2023-04-14 00:00:00,Approved
DOC002382,INV-002382,Stock_Movement,2023-08-29 00:00:00,Posted
DOC002383,INV-002383,Payroll,2025-10-01 00:00:00,Posted
DOC002384,INV-002384,Sales_Invoice,2025-06-21 00:00:00,Posted
DOC002385,INV-002385,Payroll,2025-03-24 00:00:00,Posted
DOC002386,INV-002386,Purchase_Order,2024-10-16 00:00:00,Posted
DOC002387,INV-002387,Payroll,2025-02-21 00:00:00,Posted
DOC002388,INV-002388,Budget_Entry,2023-11-03 00:00:00,Posted
DOC002389,INV-002389,Purchase_Order,2023-01-08 00:00:00,Posted
DOC002390,INV-002390,Sales_Invoice,2025-12-28 00:00:00,Posted
DOC002391,INV-002391,Purchase_Order,2024-07-28 00:00:00,Posted
DOC002392,INV-002392,Budget_Entry,2025-12-27 00:00:00,Draft
DOC002393,INV-002393,Sales_Invoice,2025-06-30 00:00:00,Posted
DOC002394,INV-002394,Stock_Movement,2024-06-01 00:00:00,Posted
DOC002395,INV-002395,Budget_Entry,2025-11-20 00:00:00,Posted
DOC002396,INV-002396,Sales_Invoice,2024-04-27 00:00:00,Posted
DOC002397,INV-002397,Payroll,2023-07-26 00:00:00,Posted
DOC002398,INV-002398,Purchase_Order,2024-10-30 00:00:00,Draft
DOC002399,INV-002399,Sales_Invoice,2024-08-01 00:00:00,Posted
DOC002400,INV-002400,Purchase_Order,2024-01-22 00:00:00,Posted
DOC002401,INV-002401,Payroll,2024-02-16 00:00:00,Draft
DOC002402,INV-002402,Sales_Invoice,2025-06-09 00:00:00,Posted
DOC002403,INV-002403,Stock_Movement,2025-06-24 00:00:00,Draft
DOC002404,INV-002404,Budget_Entry,2025-08-20 00:00:00,Posted
DOC002405,INV-002405,Sales_Invoice,2025-08-22 00:00:00,Posted
DOC002406,INV-002406,Payroll,2023-05-20 00:00:00,Posted
DOC002407,INV-002407,Sales_Invoice,2023-10-27 00:00:00,Posted
DOC002408,INV-002408,Purchase_Order,2025-11-02 00:00:00,Posted
DOC002409,INV-002409,Sales_Invoice,2024-10-25 00:00:00,Posted
DOC002410,INV-002410,Stock_Movement,2025-04-04 00:00:00,Posted
DOC002411,INV-002411,Sales_Invoice,2024-02-04 00:00:00,Approved
DOC002412,INV-002412,Budget_Entry,2025-09-18 00:00:00,Posted
DOC002413,INV-002413,Sales_Invoice,2023-05-29 00:00:00,Posted
DOC002414,INV-002414,Purchase_Order,2023-11-03 00:00:00,Posted
DOC002415,INV-002415,Sales_Invoice,2025-12-19 00:00:00,Posted
DOC002416,INV-002416,Stock_Movement,2024-03-10 00:00:00,Posted
DOC002417,INV-002417,Payroll,2023-01-21 00:00:00,Posted
DOC002418,INV-002418,Sales_Invoice,2025-05-24 00:00:00,Posted
DOC002419,INV-002419,Sales_Invoice,2024-01-17 00:00:00,Approved
DOC002420,INV-002420,Budget_Entry,2023-09-02 00:00:00,Posted
DOC002421,INV-002421,Stock_Movement,2024-11-28 00:00:00,Posted
DOC002422,INV-002422,Payroll,2024-08-12 00:00:00,Posted
DOC002423,INV-002423,Purchase_Order,2024-01-25 00:00:00,Posted
DOC002424,INV-002424,Sales_Invoice,2024-07-21 00:00:00,Posted
DOC002425,INV-002425,Payroll,2023-09-16 00:00:00,Posted
DOC002426,INV-002426,Purchase_Order,2024-03-01 00:00:00,Posted
DOC002427,INV-002427,Stock_Movement,2025-10-26 00:00:00,Approved
DOC002428,INV-002428,Stock_Movement,2023-01-06 00:00:00,Posted
DOC002429,INV-002429,Payroll,2023-07-10 00:00:00,Posted
DOC002430,INV-002430,Purchase_Order,2023-05-28 00:00:00,Posted
DOC002431,INV-002431,Stock_Movement,2024-02-09 00:00:00,Posted
DOC002432,INV-002432,Payroll,2023-09-15 00:00:00,Posted
DOC002433,INV-002433,Stock_Movement,2024-12-30 00:00:00,Posted
DOC002434,INV-002434,Stock_Movement,2023-03-31 00:00:00,Posted
DOC002435,INV-002435,Stock_Movement,2025-04-03 00:00:00,Posted
DOC002436,INV-002436,Budget_Entry,2023-01-10 00:00:00,Posted
DOC002437,INV-002437,Purchase_Order,2025-04-17 00:00:00,Posted
DOC002438,INV-002438,Payroll,2025-09-14 00:00:00,Posted
DOC002439,INV-002439,Payroll,2024-09-16 00:00:00,Draft
DOC002440,INV-002440,Purchase_Order,2023-01-30 00:00:00,Posted
DOC002441,INV-002441,Purchase_Order,2023-05-08 00:00:00,Posted
DOC002442,INV-002442,Purchase_Order,2024-02-25 00:00:00,Posted
DOC002443,INV-002443,Purchase_Order,2025-12-14 00:00:00,Posted
DOC002444,INV-002444,Sales_Invoice,2023-11-01 00:00:00,Posted
DOC002445,INV-002445,Payroll,2024-06-29 00:00:00,Posted
DOC002446,INV-002446,Sales_Invoice,2023-01-22 00:00:00,Posted
DOC002447,INV-002447,Stock_Movement,2024-01-26 00:00:00,Posted
DOC002448,INV-002448,Stock_Movement,2024-09-08 00:00:00,Posted
DOC002449,INV-002449,Payroll,2023-05-29 00:00:00,Posted
DOC002450,INV-002450,Stock_Movement,2023-10-26 00:00:00,Posted
DOC002451,INV-002451,Purchase_Order,2023-06-21 00:00:00,Posted
DOC002452,INV-002452,Sales_Invoice,2023-02-16 00:00:00,Posted
DOC002453,INV-002453,Purchase_Order,2024-09-17 00:00:00,Posted
DOC002454,INV-002454,Stock_Movement,2023-07-26 00:00:00,Cancelled
DOC002455,INV-002455,Sales_Invoice,2024-03-28 00:00:00,Posted
DOC002456,INV-002456,Purchase_Order,2025-07-13 00:00:00,Posted
DOC002457,INV-002457,Payroll,2025-01-23 00:00:00,Posted
DOC002458,INV-002458,Purchase_Order,2024-12-08 00:00:00,Posted
DOC002459,INV-002459,Stock_Movement,2025-10-05 00:00:00,Posted
DOC002460,INV-002460,Sales_Invoice,2024-11-06 00:00:00,Cancelled
DOC002461,INV-002461,Payroll,2025-05-04 00:00:00,Posted
DOC002462,INV-002462,Sales_Invoice,2025-02-21 00:00:00,Posted
DOC002463,INV-002463,Payroll,2024-11-14 00:00:00,Draft
DOC002464,INV-002464,Sales_Invoice,2025-08-20 00:00:00,Posted
DOC002465,INV-002465,Stock_Movement,2025-05-13 00:00:00,Posted
DOC002466,INV-002466,Payroll,2023-06-17 00:00:00,Posted
DOC002467,INV-002467,Budget_Entry,2023-03-27 00:00:00,Posted
DOC002468,INV-002468,Sales_Invoice,2025-04-28 00:00:00,Draft
DOC002469,INV-002469,Sales_Invoice,2025-12-10 00:00:00,Draft
DOC002470,INV-002470,Purchase_Order,2024-03-17 00:00:00,Posted
DOC002471,INV-002471,Payroll,2023-09-28 00:00:00,Draft
DOC002472,INV-002472,Budget_Entry,2023-12-10 00:00:00,Cancelled
DOC002473,INV-002473,Stock_Movement,2024-05-17 00:00:00,Posted
DOC002474,INV-002474,Purchase_Order,2025-10-30 00:00:00,Posted
DOC002475,INV-002475,Budget_Entry,2024-05-08 00:00:00,Approved
DOC002476,INV-002476,Payroll,2023-09-01 00:00:00,Posted
DOC002477,INV-002477,Budget_Entry,2023-09-24 00:00:00,Posted
DOC002478,INV-002478,Sales_Invoice,2025-06-11 00:00:00,Draft
DOC002479,INV-002479,Sales_Invoice,2023-07-20 00:00:00,Posted
DOC002480,INV-002480,Purchase_Order,2023-08-27 00:00:00,Posted
DOC002481,INV-002481,Payroll,2025-07-03 00:00:00,Cancelled
DOC002482,INV-002482,Payroll,2025-08-26 00:00:00,Posted
DOC002483,INV-002483,Budget_Entry,2024-04-28 00:00:00,Posted
DOC002484,INV-002484,Purchase_Order,2023-09-03 00:00:00,Cancelled
DOC002485,INV-002485,Payroll,2025-10-28 00:00:00,Posted
DOC002486,INV-002486,Sales_Invoice,2023-06-01 00:00:00,Cancelled
DOC002487,INV-002487,Budget_Entry,2023-07-30 00:00:00,Cancelled
DOC002488,INV-002488,Stock_Movement,2024-01-02 00:00:00,Posted
DOC002489,INV-002489,Sales_Invoice,2025-08-01 00:00:00,Posted
DOC002490,INV-002490,Purchase_Order,2023-03-27 00:00:00,Approved
DOC002491,INV-002491,Payroll,2025-12-14 00:00:00,Posted
DOC002492,INV-002492,Sales_Invoice,2024-03-21 00:00:00,Posted
DOC002493,INV-002493,Stock_Movement,2024-09-11 00:00:00,Posted
DOC002494,INV-002494,Stock_Movement,2023-10-31 00:00:00,Posted
DOC002495,INV-002495,Purchase_Order,2023-05-12 00:00:00,Posted
DOC002496,INV-002496,Sales_Invoice,2025-06-22 00:00:00,Posted
DOC002497,INV-002497,Budget_Entry,2025-09-14 00:00:00,Posted
DOC002498,INV-002498,Sales_Invoice,2023-02-16 00:00:00,Posted
DOC002499,INV-002499,Stock_Movement,2025-01-26 00:00:00,Posted
DOC002500,INV-002500,Purchase_Order,2024-11-20 00:00:00,Posted
DOC002501,INV-002501,Purchase_Order,2025-11-13 00:00:00,Posted
DOC002502,INV-002502,Budget_Entry,2024-11-17 00:00:00,Posted
DOC002503,INV-002503,Purchase_Order,2025-02-24 00:00:00,Posted
DOC002504,INV-002504,Purchase_Order,2023-12-06 00:00:00,Posted
DOC002505,INV-002505,Purchase_Order,2024-02-16 00:00:00,Posted
DOC002506,INV-002506,Purchase_Order,2023-10-13 00:00:00,Posted
DOC002507,INV-002507,Purchase_Order,2025-04-29 00:00:00,Posted
DOC002508,INV-002508,Stock_Movement,2024-03-05 00:00:00,Approved
DOC002509,INV-002509,Sales_Invoice,2023-01-31 00:00:00,Posted
DOC002510,INV-002510,Payroll,2024-08-25 00:00:00,Draft
DOC002511,INV-002511,Purchase_Order,2024-03-15 00:00:00,Posted
DOC002512,INV-002512,Payroll,2025-09-11 00:00:00,Posted
DOC002513,INV-002513,Payroll,2024-02-16 00:00:00,Posted
DOC002514,INV-002514,Stock_Movement,2024-06-11 00:00:00,Posted
DOC002515,INV-002515,Purchase_Order,2023-11-06 00:00:00,Posted
DOC002516,INV-002516,Payroll,2025-08-06 00:00:00,Posted
DOC002517,INV-002517,Purchase_Order,2024-11-04 00:00:00,Posted
DOC002518,INV-002518,Budget_Entry,2024-03-12 00:00:00,Posted
DOC002519,INV-002519,Budget_Entry,2024-12-04 00:00:00,Posted
DOC002520,INV-002520,Budget_Entry,2024-10-24 00:00:00,Posted
DOC002521,INV-002521,Payroll,2023-12-31 00:00:00,Posted
DOC002522,INV-002522,Budget_Entry,2025-07-11 00:00:00,Posted
DOC002523,INV-002523,Stock_Movement,2023-04-23 00:00:00,Posted
DOC002524,INV-002524,Stock_Movement,2023-06-25 00:00:00,Posted
DOC002525,INV-002525,Payroll,2025-07-24 00:00:00,Cancelled
DOC002526,INV-002526,Purchase_Order,2024-01-17 00:00:00,Posted
DOC002527,INV-002527,Sales_Invoice,2023-11-02 00:00:00,Draft
DOC002528,INV-002528,Purchase_Order,2024-08-24 00:00:00,Posted
DOC002529,INV-002529,Purchase_Order,2023-12-09 00:00:00,Approved
DOC002530,INV-002530,Purchase_Order,2023-06-05 00:00:00,Approved
DOC002531,INV-002531,Purchase_Order,2024-12-12 00:00:00,Posted
DOC002532,INV-002532,Sales_Invoice,2025-12-14 00:00:00,Approved
DOC002533,INV-002533,Budget_Entry,2024-02-07 00:00:00,Posted
DOC002534,INV-002534,Purchase_Order,2024-09-05 00:00:00,Approved
DOC002535,INV-002535,Stock_Movement,2025-03-07 00:00:00,Posted
DOC002536,INV-002536,Payroll,2024-09-14 00:00:00,Approved
DOC002537,INV-002537,Payroll,2024-08-25 00:00:00,Approved
DOC002538,INV-002538,Stock_Movement,2023-06-26 00:00:00,Posted
DOC002539,INV-002539,Purchase_Order,2024-03-24 00:00:00,Posted
DOC002540,INV-002540,Sales_Invoice,2025-01-12 00:00:00,Cancelled
DOC002541,INV-002541,Budget_Entry,2023-10-28 00:00:00,Posted
DOC002542,INV-002542,Payroll,2024-12-07 00:00:00,Posted
DOC002543,INV-002543,Budget_Entry,2023-11-03 00:00:00,Posted
DOC002544,INV-002544,Sales_Invoice,2025-01-20 00:00:00,Posted
DOC002545,INV-002545,Payroll,2025-05-18 00:00:00,Approved
DOC002546,INV-002546,Budget_Entry,2023-08-02 00:00:00,Posted
DOC002547,INV-002547,Sales_Invoice,2024-04-27 00:00:00,Approved
DOC002548,INV-002548,Budget_Entry,2025-12-26 00:00:00,Posted
DOC002549,INV-002549,Purchase_Order,2023-05-13 00:00:00,Posted
DOC002550,INV-002550,Sales_Invoice,2024-05-26 00:00:00,Posted
DOC002551,INV-002551,Budget_Entry,2023-07-30 00:00:00,Cancelled
DOC002552,INV-002552,Purchase_Order,2025-09-14 00:00:00,Posted
DOC002553,INV-002553,Purchase_Order,2025-09-13 00:00:00,Posted
DOC002554,INV-002554,Sales_Invoice,2024-12-17 00:00:00,Posted
DOC002555,INV-002555,Stock_Movement,2023-09-10 00:00:00,Posted
DOC002556,INV-002556,Payroll,2023-02-07 00:00:00,Posted
DOC002557,INV-002557,Sales_Invoice,2025-12-02 00:00:00,Posted
DOC002558,INV-002558,Purchase_Order,2024-09-20 00:00:00,Posted
DOC002559,INV-002559,Purchase_Order,2025-09-13 00:00:00,Posted
DOC002560,INV-002560,Sales_Invoice,2023-02-15 00:00:00,Posted
DOC002561,INV-002561,Stock_Movement,2023-11-01 00:00:00,Posted
DOC002562,INV-002562,Payroll,2023-08-21 00:00:00,Posted
DOC002563,INV-002563,Budget_Entry,2023-09-02 00:00:00,Cancelled
DOC002564,INV-002564,Sales_Invoice,2025-01-29 00:00:00,Posted
DOC002565,INV-002565,Payroll,2025-04-18 00:00:00,Posted
DOC002566,INV-002566,Payroll,2023-06-07 00:00:00,Posted
DOC002567,INV-002567,Purchase_Order,2025-10-21 00:00:00,Posted
DOC002568,INV-002568,Budget_Entry,2023-08-05 00:00:00,Posted
DOC002569,INV-002569,Sales_Invoice,2025-07-16 00:00:00,Draft
DOC002570,INV-002570,Purchase_Order,2024-05-21 00:00:00,Posted
DOC002571,INV-002571,Purchase_Order,2025-01-30 00:00:00,Draft
DOC002572,INV-002572,Stock_Movement,2025-06-22 00:00:00,Posted
DOC002573,INV-002573,Payroll,2024-08-03 00:00:00,Posted
DOC002574,INV-002574,Sales_Invoice,2025-11-19 00:00:00,Posted
DOC002575,INV-002575,Sales_Invoice,2024-09-18 00:00:00,Posted
DOC002576,INV-002576,Sales_Invoice,2024-06-03 00:00:00,Draft
DOC002577,INV-002577,Purchase_Order,2023-10-02 00:00:00,Posted
DOC002578,INV-002578,Stock_Movement,2024-05-06 00:00:00,Posted
DOC002579,INV-002579,Budget_Entry,2025-04-06 00:00:00,Posted
DOC002580,INV-002580,Purchase_Order,2025-08-08 00:00:00,Posted
DOC002581,INV-002581,Budget_Entry,2025-07-14 00:00:00,Cancelled
DOC002582,INV-002582,Stock_Movement,2025-04-26 00:00:00,Posted
DOC002583,INV-002583,Payroll,2025-11-25 00:00:00,Posted
DOC002584,INV-002584,Sales_Invoice,2025-12-03 00:00:00,Posted
DOC002585,INV-002585,Budget_Entry,2023-02-08 00:00:00,Posted
DOC002586,INV-002586,Purchase_Order,2023-08-27 00:00:00,Posted
DOC002587,INV-002587,Budget_Entry,2025-11-02 00:00:00,Posted
DOC002588,INV-002588,Payroll,2023-05-02 00:00:00,Posted
DOC002589,INV-002589,Sales_Invoice,2023-05-24 00:00:00,Posted
DOC002590,INV-002590,Budget_Entry,2024-11-14 00:00:00,Posted
DOC002591,INV-002591,Payroll,2024-03-30 00:00:00,Posted
DOC002592,INV-002592,Purchase_Order,2024-01-03 00:00:00,Posted
DOC002593,INV-002593,Stock_Movement,2025-01-28 00:00:00,Posted
DOC002594,INV-002594,Purchase_Order,2023-09-04 00:00:00,Posted
DOC002595,INV-002595,Sales_Invoice,2025-07-11 00:00:00,Posted
DOC002596,INV-002596,Purchase_Order,2025-12-04 00:00:00,Posted
DOC002597,INV-002597,Purchase_Order,2025-02-03 00:00:00,Posted
DOC002598,INV-002598,Purchase_Order,2024-01-10 00:00:00,Posted
DOC002599,INV-002599,Purchase_Order,2023-07-26 00:00:00,Posted
DOC002600,INV-002600,Sales_Invoice,2024-06-02 00:00:00,Posted
DOC002601,INV-002601,Payroll,2023-08-30 00:00:00,Approved
DOC002602,INV-002602,Budget_Entry,2025-03-29 00:00:00,Posted
DOC002603,INV-002603,Stock_Movement,2023-10-29 00:00:00,Posted
DOC002604,INV-002604,Budget_Entry,2024-12-01 00:00:00,Posted
DOC002605,INV-002605,Budget_Entry,2023-10-15 00:00:00,Posted
DOC002606,INV-002606,Stock_Movement,2023-06-03 00:00:00,Posted
DOC002607,INV-002607,Sales_Invoice,2024-02-27 00:00:00,Approved
DOC002608,INV-002608,Stock_Movement,2025-04-29 00:00:00,Posted
DOC002609,INV-002609,Sales_Invoice,2023-02-19 00:00:00,Posted
DOC002610,INV-002610,Budget_Entry,2024-07-17 00:00:00,Posted
DOC002611,INV-002611,Sales_Invoice,2025-05-03 00:00:00,Cancelled
DOC002612,INV-002612,Payroll,2025-06-01 00:00:00,Posted
DOC002613,INV-002613,Stock_Movement,2024-10-23 00:00:00,Approved
DOC002614,INV-002614,Payroll,2024-07-18 00:00:00,Posted
DOC002615,INV-002615,Budget_Entry,2023-08-01 00:00:00,Posted
DOC002616,INV-002616,Stock_Movement,2025-12-25 00:00:00,Posted
DOC002617,INV-002617,Budget_Entry,2025-03-21 00:00:00,Posted
DOC002618,INV-002618,Payroll,2025-04-29 00:00:00,Cancelled
DOC002619,INV-002619,Budget_Entry,2025-05-30 00:00:00,Posted
DOC002620,INV-002620,Stock_Movement,2025-12-24 00:00:00,Posted
DOC002621,INV-002621,Stock_Movement,2023-11-30 00:00:00,Posted
DOC002622,INV-002622,Budget_Entry,2023-02-01 00:00:00,Posted
DOC002623,INV-002623,Stock_Movement,2025-05-17 00:00:00,Posted
DOC002624,INV-002624,Stock_Movement,2025-06-16 00:00:00,Posted
DOC002625,INV-002625,Budget_Entry,2024-08-23 00:00:00,Approved
DOC002626,INV-002626,Payroll,2025-09-14 00:00:00,Posted
DOC002627,INV-002627,Stock_Movement,2024-08-21 00:00:00,Posted
DOC002628,INV-002628,Stock_Movement,2024-06-03 00:00:00,Posted
DOC002629,INV-002629,Stock_Movement,2025-05-18 00:00:00,Posted
DOC002630,INV-002630,Stock_Movement,2023-01-16 00:00:00,Posted
DOC002631,INV-002631,Budget_Entry,2023-10-10 00:00:00,Posted
DOC002632,INV-002632,Payroll,2023-12-27 00:00:00,Posted
DOC002633,INV-002633,Payroll,2025-11-24 00:00:00,Posted
DOC002634,INV-002634,Sales_Invoice,2023-04-23 00:00:00,Posted
DOC002635,INV-002635,Stock_Movement,2023-11-04 00:00:00,Cancelled
DOC002636,INV-002636,Stock_Movement,2025-08-16 00:00:00,Posted
DOC002637,INV-002637,Sales_Invoice,2025-12-12 00:00:00,Posted
DOC002638,INV-002638,Payroll,2025-04-13 00:00:00,Approved
DOC002639,INV-002639,Purchase_Order,2023-08-30 00:00:00,Posted
DOC002640,INV-002640,Purchase_Order,2023-01-31 00:00:00,Posted
DOC002641,INV-002641,Payroll,2024-12-04 00:00:00,Posted
DOC002642,INV-002642,Stock_Movement,2025-05-18 00:00:00,Cancelled
DOC002643,INV-002643,Purchase_Order,2023-08-21 00:00:00,Posted
DOC002644,INV-002644,Budget_Entry,2025-11-23 00:00:00,Posted
DOC002645,INV-002645,Budget_Entry,2025-08-08 00:00:00,Posted
DOC002646,INV-002646,Sales_Invoice,2023-02-28 00:00:00,Posted
DOC002647,INV-002647,Payroll,2025-02-09 00:00:00,Posted
DOC002648,INV-002648,Payroll,2024-12-18 00:00:00,Posted
DOC002649,INV-002649,Purchase_Order,2023-10-29 00:00:00,Posted
DOC002650,INV-002650,Stock_Movement,2025-03-13 00:00:00,Posted
DOC002651,INV-002651,Payroll,2025-06-15 00:00:00,Posted
DOC002652,INV-002652,Purchase_Order,2023-04-22 00:00:00,Approved
DOC002653,INV-002653,Purchase_Order,2023-11-13 00:00:00,Posted
DOC002654,INV-002654,Payroll,2024-10-29 00:00:00,Posted
DOC002655,INV-002655,Purchase_Order,2024-11-20 00:00:00,Posted
DOC002656,INV-002656,Sales_Invoice,2023-01-18 00:00:00,Posted
DOC002657,INV-002657,Sales_Invoice,2025-02-16 00:00:00,Posted
DOC002658,INV-002658,Payroll,2023-12-26 00:00:00,Posted
DOC002659,INV-002659,Stock_Movement,2023-11-28 00:00:00,Draft
DOC002660,INV-002660,Sales_Invoice,2024-06-11 00:00:00,Posted
DOC002661,INV-002661,Sales_Invoice,2023-01-12 00:00:00,Posted
DOC002662,INV-002662,Payroll,2023-07-31 00:00:00,Cancelled
DOC002663,INV-002663,Budget_Entry,2024-10-02 00:00:00,Posted
DOC002664,INV-002664,Purchase_Order,2023-10-10 00:00:00,Posted
DOC002665,INV-002665,Sales_Invoice,2025-02-18 00:00:00,Approved
DOC002666,INV-002666,Budget_Entry,2025-11-19 00:00:00,Posted
DOC002667,INV-002667,Stock_Movement,2025-10-29 00:00:00,Posted
DOC002668,INV-002668,Budget_Entry,2024-11-07 00:00:00,Posted
DOC002669,INV-002669,Payroll,2024-12-05 00:00:00,Posted
DOC002670,INV-002670,Stock_Movement,2024-03-01 00:00:00,Posted
DOC002671,INV-002671,Stock_Movement,2024-08-13 00:00:00,Cancelled
DOC002672,INV-002672,Budget_Entry,2023-04-01 00:00:00,Cancelled
DOC002673,INV-002673,Payroll,2024-03-31 00:00:00,Approved
DOC002674,INV-002674,Sales_Invoice,2024-03-19 00:00:00,Posted
DOC002675,INV-002675,Budget_Entry,2023-03-20 00:00:00,Posted
DOC002676,INV-002676,Sales_Invoice,2025-07-15 00:00:00,Posted
DOC002677,INV-002677,Budget_Entry,2023-04-13 00:00:00,Posted
DOC002678,INV-002678,Sales_Invoice,2024-09-14 00:00:00,Cancelled
DOC002679,INV-002679,Budget_Entry,2025-09-16 00:00:00,Approved
DOC002680,INV-002680,Stock_Movement,2023-08-22 00:00:00,Posted
DOC002681,INV-002681,Purchase_Order,2024-10-05 00:00:00,Posted
DOC002682,INV-002682,Stock_Movement,2025-02-28 00:00:00,Posted
DOC002683,INV-002683,Sales_Invoice,2024-01-22 00:00:00,Posted
DOC002684,INV-002684,Payroll,2025-04-26 00:00:00,Approved
DOC002685,INV-002685,Stock_Movement,2023-02-07 00:00:00,Posted
DOC002686,INV-002686,Purchase_Order,2023-08-29 00:00:00,Cancelled
DOC002687,INV-002687,Sales_Invoice,2025-11-15 00:00:00,Posted
DOC002688,INV-002688,Stock_Movement,2024-07-15 00:00:00,Posted
DOC002689,INV-002689,Budget_Entry,2025-03-16 00:00:00,Posted
DOC002690,INV-002690,Payroll,2023-10-25 00:00:00,Posted
DOC002691,INV-002691,Sales_Invoice,2025-03-15 00:00:00,Posted
DOC002692,INV-002692,Stock_Movement,2023-06-03 00:00:00,Draft
DOC002693,INV-002693,Sales_Invoice,2025-01-01 00:00:00,Posted
DOC002694,INV-002694,Budget_Entry,2024-04-12 00:00:00,Approved
DOC002695,INV-002695,Purchase_Order,2023-02-18 00:00:00,Posted
DOC002696,INV-002696,Stock_Movement,2023-02-15 00:00:00,Approved
DOC002697,INV-002697,Sales_Invoice,2025-02-18 00:00:00,Posted
DOC002698,INV-002698,Sales_Invoice,2023-03-23 00:00:00,Posted
DOC002699,INV-002699,Sales_Invoice,2025-12-03 00:00:00,Draft
DOC002700,INV-002700,Purchase_Order,2025-08-12 00:00:00,Posted
DOC002701,INV-002701,Sales_Invoice,2023-09-30 00:00:00,Posted
DOC002702,INV-002702,Payroll,2024-01-29 00:00:00,Posted
DOC002703,INV-002703,Payroll,2025-02-28 00:00:00,Posted
DOC002704,INV-002704,Sales_Invoice,2024-08-17 00:00:00,Approved
DOC002705,INV-002705,Payroll,2023-02-27 00:00:00,Posted
DOC002706,INV-002706,Stock_Movement,2024-07-18 00:00:00,Posted
DOC002707,INV-002707,Payroll,2023-01-01 00:00:00,Posted
DOC002708,INV-002708,Sales_Invoice,2023-08-04 00:00:00,Posted
DOC002709,INV-002709,Budget_Entry,2025-02-04 00:00:00,Posted
DOC002710,INV-002710,Stock_Movement,2024-11-01 00:00:00,Posted
DOC002711,INV-002711,Purchase_Order,2024-05-25 00:00:00,Posted
DOC002712,INV-002712,Sales_Invoice,2025-07-03 00:00:00,Posted
DOC002713,INV-002713,Purchase_Order,2023-04-05 00:00:00,Posted
DOC002714,INV-002714,Budget_Entry,2024-05-07 00:00:00,Posted
DOC002715,INV-002715,Purchase_Order,2025-02-03 00:00:00,Posted
DOC002716,INV-002716,Sales_Invoice,2025-10-18 00:00:00,Posted
DOC002717,INV-002717,Sales_Invoice,2023-05-30 00:00:00,Draft
DOC002718,INV-002718,Budget_Entry,2025-11-12 00:00:00,Posted
DOC002719,INV-002719,Sales_Invoice,2025-01-25 00:00:00,Posted
DOC002720,INV-002720,Budget_Entry,2024-02-03 00:00:00,Approved
DOC002721,INV-002721,Budget_Entry,2024-02-14 00:00:00,Posted
DOC002722,INV-002722,Sales_Invoice,2023-05-11 00:00:00,Approved
DOC002723,INV-002723,Payroll,2025-05-04 00:00:00,Cancelled
DOC002724,INV-002724,Budget_Entry,2023-05-28 00:00:00,Posted
DOC002725,INV-002725,Sales_Invoice,2024-01-16 00:00:00,Approved
DOC002726,INV-002726,Payroll,2024-07-05 00:00:00,Draft
DOC002727,INV-002727,Budget_Entry,2023-10-22 00:00:00,Posted
DOC002728,INV-002728,Payroll,2024-03-31 00:00:00,Posted
DOC002729,INV-002729,Stock_Movement,2023-06-18 00:00:00,Posted
DOC002730,INV-002730,Stock_Movement,2024-12-10 00:00:00,Posted
DOC002731,INV-002731,Payroll,2023-02-06 00:00:00,Posted
DOC002732,INV-002732,Budget_Entry,2023-08-19 00:00:00,Posted
DOC002733,INV-002733,Sales_Invoice,2023-09-11 00:00:00,Posted
DOC002734,INV-002734,Purchase_Order,2023-11-25 00:00:00,Cancelled
DOC002735,INV-002735,Sales_Invoice,2025-09-06 00:00:00,Posted
DOC002736,INV-002736,Purchase_Order,2023-01-10 00:00:00,Posted
DOC002737,INV-002737,Purchase_Order,2024-03-21 00:00:00,Posted
DOC002738,INV-002738,Budget_Entry,2025-07-10 00:00:00,Posted
DOC002739,INV-002739,Payroll,2025-04-15 00:00:00,Posted
DOC002740,INV-002740,Sales_Invoice,2023-03-19 00:00:00,Posted
DOC002741,INV-002741,Payroll,2023-07-12 00:00:00,Posted
DOC002742,INV-002742,Stock_Movement,2024-02-05 00:00:00,Posted
DOC002743,INV-002743,Budget_Entry,2023-04-19 00:00:00,Posted
DOC002744,INV-002744,Budget_Entry,2025-03-02 00:00:00,Posted
DOC002745,INV-002745,Stock_Movement,2023-09-20 00:00:00,Posted
DOC002746,INV-002746,Sales_Invoice,2023-11-25 00:00:00,Posted
DOC002747,INV-002747,Stock_Movement,2023-12-29 00:00:00,Posted
DOC002748,INV-002748,Sales_Invoice,2023-09-16 00:00:00,Posted
DOC002749,INV-002749,Purchase_Order,2023-03-26 00:00:00,Posted
DOC002750,INV-002750,Budget_Entry,2023-11-04 00:00:00,Posted
DOC002751,INV-002751,Sales_Invoice,2023-09-19 00:00:00,Posted
DOC002752,INV-002752,Payroll,2025-03-07 00:00:00,Posted
DOC002753,INV-002753,Payroll,2024-09-22 00:00:00,Posted
DOC002754,INV-002754,Budget_Entry,2024-11-10 00:00:00,Cancelled
DOC002755,INV-002755,Stock_Movement,2025-05-14 00:00:00,Posted
DOC002756,INV-002756,Stock_Movement,2023-11-20 00:00:00,Draft
DOC002757,INV-002757,Sales_Invoice,2025-07-13 00:00:00,Draft
DOC002758,INV-002758,Stock_Movement,2024-12-27 00:00:00,Posted
DOC002759,INV-002759,Budget_Entry,2025-09-04 00:00:00,Posted
DOC002760,INV-002760,Sales_Invoice,2023-08-05 00:00:00,Posted
DOC002761,INV-002761,Purchase_Order,2024-03-23 00:00:00,Posted
DOC002762,INV-002762,Stock_Movement,2023-11-15 00:00:00,Posted
DOC002763,INV-002763,Stock_Movement,2025-09-20 00:00:00,Posted
DOC002764,INV-002764,Sales_Invoice,2023-02-06 00:00:00,Posted
DOC002765,INV-002765,Payroll,2024-12-31 00:00:00,Posted
DOC002766,INV-002766,Stock_Movement,2025-10-07 00:00:00,Posted
DOC002767,INV-002767,Budget_Entry,2025-11-23 00:00:00,Posted
DOC002768,INV-002768,Stock_Movement,2023-02-08 00:00:00,Posted
DOC002769,INV-002769,Purchase_Order,2023-07-28 00:00:00,Posted
DOC002770,INV-002770,Stock_Movement,2025-04-09 00:00:00,Posted
DOC002771,INV-002771,Payroll,2025-05-05 00:00:00,Posted
DOC002772,INV-002772,Stock_Movement,2025-06-17 00:00:00,Posted
DOC002773,INV-002773,Sales_Invoice,2024-08-23 00:00:00,Posted
DOC002774,INV-002774,Stock_Movement,2025-01-29 00:00:00,Posted
DOC002775,INV-002775,Payroll,2024-03-09 00:00:00,Approved
DOC002776,INV-002776,Sales_Invoice,2025-04-21 00:00:00,Posted
DOC002777,INV-002777,Budget_Entry,2023-02-01 00:00:00,Posted
DOC002778,INV-002778,Sales_Invoice,2024-01-28 00:00:00,Posted
DOC002779,INV-002779,Purchase_Order,2025-06-28 00:00:00,Posted
DOC002780,INV-002780,Sales_Invoice,2023-07-11 00:00:00,Draft
DOC002781,INV-002781,Budget_Entry,2023-09-27 00:00:00,Posted
DOC002782,INV-002782,Stock_Movement,2025-01-07 00:00:00,Posted
DOC002783,INV-002783,Sales_Invoice,2023-03-18 00:00:00,Posted
DOC002784,INV-002784,Sales_Invoice,2025-01-04 00:00:00,Posted
DOC002785,INV-002785,Sales_Invoice,2025-06-02 00:00:00,Posted
DOC002786,INV-002786,Sales_Invoice,2023-10-11 00:00:00,Posted
DOC002787,INV-002787,Budget_Entry,2024-06-27 00:00:00,Posted
DOC002788,INV-002788,Payroll,2024-10-10 00:00:00,Posted
DOC002789,INV-002789,Payroll,2023-09-07 00:00:00,Posted
DOC002790,INV-002790,Sales_Invoice,2023-04-05 00:00:00,Cancelled
DOC002791,INV-002791,Budget_Entry,2023-01-17 00:00:00,Posted
DOC002792,INV-002792,Budget_Entry,2023-04-27 00:00:00,Posted
DOC002793,INV-002793,Sales_Invoice,2025-09-09 00:00:00,Posted
DOC002794,INV-002794,Purchase_Order,2023-11-29 00:00:00,Posted
DOC002795,INV-002795,Sales_Invoice,2024-10-07 00:00:00,Draft
DOC002796,INV-002796,Purchase_Order,2023-04-26 00:00:00,Posted
DOC002797,INV-002797,Sales_Invoice,2025-08-20 00:00:00,Posted
DOC002798,INV-002798,Purchase_Order,2025-04-26 00:00:00,Posted
DOC002799,INV-002799,Purchase_Order,2023-11-12 00:00:00,Posted
DOC002800,INV-002800,Sales_Invoice,2025-03-20 00:00:00,Posted
DOC002801,INV-002801,Purchase_Order,2024-01-07 00:00:00,Posted
DOC002802,INV-002802,Stock_Movement,2025-01-29 00:00:00,Posted
DOC002803,INV-002803,Payroll,2025-05-26 00:00:00,Cancelled
DOC002804,INV-002804,Budget_Entry,2025-09-03 00:00:00,Posted
DOC002805,INV-002805,Purchase_Order,2023-06-05 00:00:00,Posted
DOC002806,INV-002806,Purchase_Order,2024-09-05 00:00:00,Posted
DOC002807,INV-002807,Budget_Entry,2025-11-02 00:00:00,Posted
DOC002808,INV-002808,Purchase_Order,2024-05-22 00:00:00,Draft
DOC002809,INV-002809,Budget_Entry,2024-04-09 00:00:00,Posted
DOC002810,INV-002810,Sales_Invoice,2025-02-21 00:00:00,Posted
DOC002811,INV-002811,Stock_Movement,2025-03-14 00:00:00,Posted
DOC002812,INV-002812,Stock_Movement,2023-08-08 00:00:00,Posted
DOC002813,INV-002813,Payroll,2023-01-15 00:00:00,Posted
DOC002814,INV-002814,Purchase_Order,2023-04-27 00:00:00,Posted
DOC002815,INV-002815,Payroll,2023-11-27 00:00:00,Draft
DOC002816,INV-002816,Sales_Invoice,2023-02-25 00:00:00,Posted
DOC002817,INV-002817,Stock_Movement,2023-11-04 00:00:00,Approved
DOC002818,INV-002818,Sales_Invoice,2023-08-10 00:00:00,Approved
DOC002819,INV-002819,Sales_Invoice,2025-03-07 00:00:00,Posted
DOC002820,INV-002820,Purchase_Order,2023-05-31 00:00:00,Draft
DOC002821,INV-002821,Sales_Invoice,2023-04-22 00:00:00,Cancelled
DOC002822,INV-002822,Stock_Movement,2024-11-13 00:00:00,Posted
DOC002823,INV-002823,Payroll,2023-11-28 00:00:00,Cancelled
DOC002824,INV-002824,Stock_Movement,2025-06-11 00:00:00,Approved
DOC002825,INV-002825,Purchase_Order,2023-06-10 00:00:00,Posted
DOC002826,INV-002826,Stock_Movement,2023-10-05 00:00:00,Posted
DOC002827,INV-002827,Budget_Entry,2025-06-15 00:00:00,Posted
DOC002828,INV-002828,Payroll,2024-05-11 00:00:00,Posted
DOC002829,INV-002829,Budget_Entry,2024-10-16 00:00:00,Posted
DOC002830,INV-002830,Budget_Entry,2025-11-25 00:00:00,Posted
DOC002831,INV-002831,Purchase_Order,2023-10-30 00:00:00,Posted
DOC002832,INV-002832,Sales_Invoice,2024-03-13 00:00:00,Draft
DOC002833,INV-002833,Budget_Entry,2024-12-26 00:00:00,Posted
DOC002834,INV-002834,Stock_Movement,2025-11-21 00:00:00,Posted
DOC002835,INV-002835,Sales_Invoice,2023-07-05 00:00:00,Posted
DOC002836,INV-002836,Stock_Movement,2024-11-03 00:00:00,Posted
DOC002837,INV-002837,Stock_Movement,2025-09-27 00:00:00,Approved
DOC002838,INV-002838,Sales_Invoice,2023-10-06 00:00:00,Posted
DOC002839,INV-002839,Sales_Invoice,2024-11-13 00:00:00,Posted
DOC002840,INV-002840,Stock_Movement,2025-10-22 00:00:00,Posted
DOC002841,INV-002841,Purchase_Order,2025-10-07 00:00:00,Posted
DOC002842,INV-002842,Payroll,2025-07-13 00:00:00,Approved
DOC002843,INV-002843,Payroll,2024-01-15 00:00:00,Posted
DOC002844,INV-002844,Purchase_Order,2025-04-14 00:00:00,Posted
DOC002845,INV-002845,Sales_Invoice,2025-09-25 00:00:00,Posted
DOC002846,INV-002846,Stock_Movement,2023-10-12 00:00:00,Posted
DOC002847,INV-002847,Payroll,2024-02-25 00:00:00,Posted
DOC002848,INV-002848,Stock_Movement,2023-04-23 00:00:00,Approved
DOC002849,INV-002849,Purchase_Order,2025-10-14 00:00:00,Posted
DOC002850,INV-002850,Stock_Movement,2023-08-16 00:00:00,Posted
DOC002851,INV-002851,Purchase_Order,2024-06-11 00:00:00,Posted
DOC002852,INV-002852,Sales_Invoice,2024-05-10 00:00:00,Posted
DOC002853,INV-002853,Purchase_Order,2023-01-31 00:00:00,Posted
DOC002854,INV-002854,Purchase_Order,2023-06-11 00:00:00,Draft
DOC002855,INV-002855,Payroll,2024-12-05 00:00:00,Posted
DOC002856,INV-002856,Stock_Movement,2024-12-22 00:00:00,Posted
DOC002857,INV-002857,Payroll,2024-03-21 00:00:00,Draft
DOC002858,INV-002858,Budget_Entry,2025-01-13 00:00:00,Posted
DOC002859,INV-002859,Purchase_Order,2024-03-02 00:00:00,Posted
DOC002860,INV-002860,Budget_Entry,2024-05-18 00:00:00,Posted
DOC002861,INV-002861,Payroll,2024-12-21 00:00:00,Posted
DOC002862,INV-002862,Stock_Movement,2024-11-14 00:00:00,Posted
DOC002863,INV-002863,Payroll,2024-08-04 00:00:00,Posted
DOC002864,INV-002864,Stock_Movement,2025-11-23 00:00:00,Posted
DOC002865,INV-002865,Stock_Movement,2025-01-05 00:00:00,Cancelled
DOC002866,INV-002866,Sales_Invoice,2024-11-21 00:00:00,Draft
DOC002867,INV-002867,Purchase_Order,2025-01-27 00:00:00,Cancelled
DOC002868,INV-002868,Payroll,2025-01-23 00:00:00,Posted
DOC002869,INV-002869,Stock_Movement,2023-01-24 00:00:00,Posted
DOC002870,INV-002870,Payroll,2023-02-24 00:00:00,Posted
DOC002871,INV-002871,Payroll,2025-11-15 00:00:00,Posted
DOC002872,INV-002872,Stock_Movement,2025-03-14 00:00:00,Posted
DOC002873,INV-002873,Budget_Entry,2023-11-23 00:00:00,Posted
DOC002874,INV-002874,Purchase_Order,2025-08-27 00:00:00,Posted
DOC002875,INV-002875,Purchase_Order,2023-07-05 00:00:00,Posted
DOC002876,INV-002876,Sales_Invoice,2024-05-09 00:00:00,Posted
DOC002877,INV-002877,Sales_Invoice,2025-11-01 00:00:00,Posted
DOC002878,INV-002878,Sales_Invoice,2024-03-09 00:00:00,Posted
DOC002879,INV-002879,Purchase_Order,2023-07-27 00:00:00,Posted
DOC002880,INV-002880,Budget_Entry,2023-05-13 00:00:00,Posted
DOC002881,INV-002881,Purchase_Order,2024-01-04 00:00:00,Posted
DOC002882,INV-002882,Purchase_Order,2024-02-27 00:00:00,Posted
DOC002883,INV-002883,Purchase_Order,2025-10-29 00:00:00,Posted
DOC002884,INV-002884,Purchase_Order,2023-09-01 00:00:00,Cancelled
DOC002885,INV-002885,Budget_Entry,2025-02-20 00:00:00,Posted
DOC002886,INV-002886,Sales_Invoice,2024-09-15 00:00:00,Posted
DOC002887,INV-002887,Payroll,2024-07-20 00:00:00,Posted
DOC002888,INV-002888,Sales_Invoice,2024-06-10 00:00:00,Posted
DOC002889,INV-002889,Sales_Invoice,2023-02-06 00:00:00,Posted
DOC002890,INV-002890,Payroll,2023-06-27 00:00:00,Posted
DOC002891,INV-002891,Purchase_Order,2024-09-30 00:00:00,Posted
DOC002892,INV-002892,Budget_Entry,2025-05-01 00:00:00,Posted
DOC002893,INV-002893,Budget_Entry,2023-03-13 00:00:00,Posted
DOC002894,INV-002894,Sales_Invoice,2023-12-18 00:00:00,Posted
DOC002895,INV-002895,Payroll,2024-09-14 00:00:00,Posted
DOC002896,INV-002896,Stock_Movement,2023-04-15 00:00:00,Posted
DOC002897,INV-002897,Purchase_Order,2023-08-09 00:00:00,Posted
DOC002898,INV-002898,Sales_Invoice,2025-05-12 00:00:00,Posted
DOC002899,INV-002899,Budget_Entry,2024-06-01 00:00:00,Posted
DOC002900,INV-002900,Payroll,2023-10-26 00:00:00,Posted
DOC002901,INV-002901,Payroll,2025-05-10 00:00:00,Posted
DOC002902,INV-002902,Sales_Invoice,2023-02-11 00:00:00,Posted
DOC002903,INV-002903,Stock_Movement,2025-02-09 00:00:00,Posted
DOC002904,INV-002904,Budget_Entry,2025-06-15 00:00:00,Posted
DOC002905,INV-002905,Sales_Invoice,2024-05-06 00:00:00,Posted
DOC002906,INV-002906,Stock_Movement,2025-12-06 00:00:00,Posted
DOC002907,INV-002907,Payroll,2023-03-26 00:00:00,Posted
DOC002908,INV-002908,Purchase_Order,2025-12-17 00:00:00,Posted
DOC002909,INV-002909,Budget_Entry,2025-09-17 00:00:00,Posted
DOC002910,INV-002910,Budget_Entry,2024-12-11 00:00:00,Posted
DOC002911,INV-002911,Stock_Movement,2023-07-28 00:00:00,Posted
DOC002912,INV-002912,Sales_Invoice,2023-02-08 00:00:00,Approved
DOC002913,INV-002913,Payroll,2025-07-14 00:00:00,Posted
DOC002914,INV-002914,Stock_Movement,2025-01-31 00:00:00,Posted
DOC002915,INV-002915,Purchase_Order,2025-08-03 00:00:00,Posted
DOC002916,INV-002916,Purchase_Order,2023-02-21 00:00:00,Posted
DOC002917,INV-002917,Purchase_Order,2024-01-09 00:00:00,Posted
DOC002918,INV-002918,Stock_Movement,2025-07-19 00:00:00,Posted
DOC002919,INV-002919,Payroll,2023-06-05 00:00:00,Posted
DOC002920,INV-002920,Budget_Entry,2024-11-09 00:00:00,Draft
DOC002921,INV-002921,Sales_Invoice,2023-12-17 00:00:00,Posted
DOC002922,INV-002922,Budget_Entry,2023-03-10 00:00:00,Approved
DOC002923,INV-002923,Payroll,2025-12-11 00:00:00,Cancelled
DOC002924,INV-002924,Budget_Entry,2024-10-15 00:00:00,Posted
DOC002925,INV-002925,Stock_Movement,2023-03-04 00:00:00,Posted
DOC002926,INV-002926,Purchase_Order,2024-05-23 00:00:00,Posted
DOC002927,INV-002927,Payroll,2023-10-19 00:00:00,Posted
DOC002928,INV-002928,Payroll,2025-03-31 00:00:00,Draft
DOC002929,INV-002929,Budget_Entry,2023-05-30 00:00:00,Posted
DOC002930,INV-002930,Stock_Movement,2025-05-30 00:00:00,Posted
DOC002931,INV-002931,Budget_Entry,2024-12-04 00:00:00,Posted
DOC002932,INV-002932,Budget_Entry,2024-05-30 00:00:00,Posted
DOC002933,INV-002933,Payroll,2023-01-30 00:00:00,Approved
DOC002934,INV-002934,Budget_Entry,2023-11-22 00:00:00,Posted
DOC002935,INV-002935,Purchase_Order,2025-08-06 00:00:00,Posted
DOC002936,INV-002936,Budget_Entry,2023-01-16 00:00:00,Posted
DOC002937,INV-002937,Purchase_Order,2023-04-21 00:00:00,Posted
DOC002938,INV-002938,Payroll,2025-05-21 00:00:00,Posted
DOC002939,INV-002939,Stock_Movement,2024-12-13 00:00:00,Posted
DOC002940,INV-002940,Purchase_Order,2023-04-17 00:00:00,Posted
DOC002941,INV-002941,Stock_Movement,2024-01-14 00:00:00,Posted
DOC002942,INV-002942,Stock_Movement,2023-06-11 00:00:00,Posted
DOC002943,INV-002943,Purchase_Order,2023-10-10 00:00:00,Posted
DOC002944,INV-002944,Payroll,2023-09-26 00:00:00,Approved
DOC002945,INV-002945,Sales_Invoice,2024-04-28 00:00:00,Posted
DOC002946,INV-002946,Stock_Movement,2024-10-28 00:00:00,Posted
DOC002947,INV-002947,Stock_Movement,2024-08-20 00:00:00,Posted
DOC002948,INV-002948,Payroll,2025-03-09 00:00:00,Posted
DOC002949,INV-002949,Payroll,2025-03-08 00:00:00,Posted
DOC002950,INV-002950,Budget_Entry,2024-01-25 00:00:00,Draft
DOC002951,INV-002951,Payroll,2024-02-20 00:00:00,Posted
DOC002952,INV-002952,Stock_Movement,2024-03-01 00:00:00,Posted
DOC002953,INV-002953,Purchase_Order,2025-09-23 00:00:00,Posted
DOC002954,INV-002954,Sales_Invoice,2025-05-16 00:00:00,Cancelled
DOC002955,INV-002955,Budget_Entry,2023-03-27 00:00:00,Posted
DOC002956,INV-002956,Purchase_Order,2024-02-27 00:00:00,Cancelled
DOC002957,INV-002957,Sales_Invoice,2023-04-28 00:00:00,Posted
DOC002958,INV-002958,Sales_Invoice,2025-08-16 00:00:00,Draft
DOC002959,INV-002959,Sales_Invoice,2025-05-31 00:00:00,Posted
DOC002960,INV-002960,Purchase_Order,2025-09-18 00:00:00,Posted
DOC002961,INV-002961,Budget_Entry,2024-02-19 00:00:00,Posted
DOC002962,INV-002962,Budget_Entry,2024-08-21 00:00:00,Approved
DOC002963,INV-002963,Sales_Invoice,2023-02-09 00:00:00,Posted
DOC002964,INV-002964,Purchase_Order,2024-12-03 00:00:00,Posted
DOC002965,INV-002965,Sales_Invoice,2024-06-20 00:00:00,Approved
DOC002966,INV-002966,Payroll,2024-02-24 00:00:00,Posted
DOC002967,INV-002967,Budget_Entry,2024-10-25 00:00:00,Posted
DOC002968,INV-002968,Stock_Movement,2023-04-05 00:00:00,Posted
DOC002969,INV-002969,Sales_Invoice,2025-08-30 00:00:00,Posted
DOC002970,INV-002970,Payroll,2024-10-11 00:00:00,Posted
DOC002971,INV-002971,Budget_Entry,2023-10-15 00:00:00,Posted
DOC002972,INV-002972,Purchase_Order,2024-02-16 00:00:00,Posted
DOC002973,INV-002973,Budget_Entry,2024-02-04 00:00:00,Posted
DOC002974,INV-002974,Purchase_Order,2024-06-11 00:00:00,Posted
DOC002975,INV-002975,Purchase_Order,2025-11-07 00:00:00,Posted
DOC002976,INV-002976,Sales_Invoice,2023-05-16 00:00:00,Posted
DOC002977,INV-002977,Sales_Invoice,2025-01-28 00:00:00,Approved
DOC002978,INV-002978,Budget_Entry,2025-04-22 00:00:00,Posted
DOC002979,INV-002979,Payroll,2024-12-10 00:00:00,Posted
DOC002980,INV-002980,Budget_Entry,2025-10-21 00:00:00,Posted
DOC002981,INV-002981,Stock_Movement,2024-01-16 00:00:00,Posted
DOC002982,INV-002982,Purchase_Order,2024-05-23 00:00:00,Posted
DOC002983,INV-002983,Purchase_Order,2025-03-16 00:00:00,Posted
DOC002984,INV-002984,Sales_Invoice,2024-04-20 00:00:00,Posted
DOC002985,INV-002985,Payroll,2025-08-11 00:00:00,Posted
DOC002986,INV-002986,Sales_Invoice,2025-04-28 00:00:00,Posted
DOC002987,INV-002987,Stock_Movement,2025-06-15 00:00:00,Approved
DOC002988,INV-002988,Budget_Entry,2023-02-01 00:00:00,Posted
DOC002989,INV-002989,Budget_Entry,2023-04-28 00:00:00,Posted
DOC002990,INV-002990,Payroll,2023-07-10 00:00:00,Posted
DOC002991,INV-002991,Sales_Invoice,2023-03-15 00:00:00,Posted
DOC002992,INV-002992,Sales_Invoice,2024-09-14 00:00:00,Posted
DOC002993,INV-002993,Stock_Movement,2025-05-20 00:00:00,Posted
DOC002994,INV-002994,Budget_Entry,2024-08-08 00:00:00,Posted
DOC002995,INV-002995,Sales_Invoice,2024-02-24 00:00:00,Posted
DOC002996,INV-002996,Payroll,2024-04-17 00:00:00,Approved
DOC002997,INV-002997,Budget_Entry,2023-04-24 00:00:00,Cancelled
DOC002998,INV-002998,Stock_Movement,2023-11-26 00:00:00,Posted
DOC002999,INV-002999,Payroll,2023-12-05 00:00:00,Posted
DOC003000,INV-003000,Purchase_Order,2023-08-26 00:00:00,Posted
DOC003001,INV-003001,Stock_Movement,2023-03-20 00:00:00,Posted
DOC003002,INV-003002,Payroll,2024-04-08 00:00:00,Posted
DOC003003,INV-003003,Sales_Invoice,2024-08-27 00:00:00,Posted
DOC003004,INV-003004,Purchase_Order,2024-07-15 00:00:00,Posted
DOC003005,INV-003005,Stock_Movement,2023-10-12 00:00:00,Posted
DOC003006,INV-003006,Sales_Invoice,2023-08-11 00:00:00,Posted
DOC003007,INV-003007,Purchase_Order,2024-08-15 00:00:00,Posted
DOC003008,INV-003008,Budget_Entry,2024-01-08 00:00:00,Draft
DOC003009,INV-003009,Sales_Invoice,2025-06-29 00:00:00,Posted
DOC003010,INV-003010,Payroll,2025-04-07 00:00:00,Posted
DOC003011,INV-003011,Stock_Movement,2023-08-24 00:00:00,Posted
DOC003012,INV-003012,Purchase_Order,2024-11-01 00:00:00,Posted
DOC003013,INV-003013,Sales_Invoice,2025-04-07 00:00:00,Posted
DOC003014,INV-003014,Budget_Entry,2025-02-01 00:00:00,Cancelled
DOC003015,INV-003015,Stock_Movement,2024-01-15 00:00:00,Approved
DOC003016,INV-003016,Stock_Movement,2025-03-04 00:00:00,Posted
DOC003017,INV-003017,Sales_Invoice,2024-09-05 00:00:00,Approved
DOC003018,INV-003018,Budget_Entry,2024-07-16 00:00:00,Posted
DOC003019,INV-003019,Purchase_Order,2024-02-24 00:00:00,Posted
DOC003020,INV-003020,Sales_Invoice,2023-02-21 00:00:00,Posted
DOC003021,INV-003021,Purchase_Order,2025-03-29 00:00:00,Cancelled
DOC003022,INV-003022,Stock_Movement,2023-07-24 00:00:00,Posted
DOC003023,INV-003023,Purchase_Order,2025-09-27 00:00:00,Posted
DOC003024,INV-003024,Budget_Entry,2024-12-31 00:00:00,Posted
DOC003025,INV-003025,Payroll,2023-09-14 00:00:00,Posted
DOC003026,INV-003026,Budget_Entry,2023-07-04 00:00:00,Posted
DOC003027,INV-003027,Purchase_Order,2023-05-25 00:00:00,Posted
DOC003028,INV-003028,Sales_Invoice,2025-11-03 00:00:00,Draft
DOC003029,INV-003029,Stock_Movement,2023-09-03 00:00:00,Posted
DOC003030,INV-003030,Payroll,2023-07-06 00:00:00,Posted
DOC003031,INV-003031,Sales_Invoice,2025-05-15 00:00:00,Posted
DOC003032,INV-003032,Sales_Invoice,2023-02-09 00:00:00,Posted
DOC003033,INV-003033,Budget_Entry,2024-08-23 00:00:00,Posted
DOC003034,INV-003034,Purchase_Order,2025-08-19 00:00:00,Posted
DOC003035,INV-003035,Budget_Entry,2025-09-12 00:00:00,Posted
DOC003036,INV-003036,Purchase_Order,2023-01-09 00:00:00,Cancelled
DOC003037,INV-003037,Budget_Entry,2023-12-16 00:00:00,Posted
DOC003038,INV-003038,Sales_Invoice,2023-03-25 00:00:00,Posted
DOC003039,INV-003039,Stock_Movement,2024-06-16 00:00:00,Posted
DOC003040,INV-003040,Purchase_Order,2025-09-15 00:00:00,Posted
DOC003041,INV-003041,Payroll,2023-12-24 00:00:00,Posted
DOC003042,INV-003042,Payroll,2024-01-13 00:00:00,Approved
DOC003043,INV-003043,Sales_Invoice,2023-06-21 00:00:00,Cancelled
DOC003044,INV-003044,Budget_Entry,2025-11-14 00:00:00,Posted
DOC003045,INV-003045,Budget_Entry,2024-01-28 00:00:00,Posted
DOC003046,INV-003046,Sales_Invoice,2024-12-02 00:00:00,Draft
DOC003047,INV-003047,Payroll,2024-07-02 00:00:00,Posted
DOC003048,INV-003048,Payroll,2025-02-22 00:00:00,Posted
DOC003049,INV-003049,Budget_Entry,2023-11-28 00:00:00,Posted
DOC003050,INV-003050,Purchase_Order,2025-03-04 00:00:00,Posted
DOC003051,INV-003051,Stock_Movement,2024-10-10 00:00:00,Posted
DOC003052,INV-003052,Purchase_Order,2025-09-09 00:00:00,Posted
DOC003053,INV-003053,Payroll,2025-11-18 00:00:00,Posted
DOC003054,INV-003054,Purchase_Order,2024-06-26 00:00:00,Posted
DOC003055,INV-003055,Stock_Movement,2025-11-08 00:00:00,Posted
DOC003056,INV-003056,Purchase_Order,2024-05-05 00:00:00,Draft
DOC003057,INV-003057,Purchase_Order,2023-10-10 00:00:00,Posted
DOC003058,INV-003058,Purchase_Order,2025-05-11 00:00:00,Posted
DOC003059,INV-003059,Purchase_Order,2023-04-23 00:00:00,Posted
DOC003060,INV-003060,Sales_Invoice,2025-05-11 00:00:00,Posted
DOC003061,INV-003061,Payroll,2024-09-01 00:00:00,Posted
DOC003062,INV-003062,Stock_Movement,2024-05-22 00:00:00,Posted
DOC003063,INV-003063,Payroll,2024-04-10 00:00:00,Approved
DOC003064,INV-003064,Sales_Invoice,2025-04-03 00:00:00,Posted
DOC003065,INV-003065,Sales_Invoice,2024-08-31 00:00:00,Posted
DOC003066,INV-003066,Sales_Invoice,2023-10-17 00:00:00,Posted
DOC003067,INV-003067,Sales_Invoice,2025-05-17 00:00:00,Posted
DOC003068,INV-003068,Purchase_Order,2025-02-20 00:00:00,Posted
DOC003069,INV-003069,Payroll,2023-06-11 00:00:00,Posted
DOC003070,INV-003070,Budget_Entry,2024-09-15 00:00:00,Posted
DOC003071,INV-003071,Stock_Movement,2024-12-17 00:00:00,Cancelled
DOC003072,INV-003072,Sales_Invoice,2024-07-20 00:00:00,Posted
DOC003073,INV-003073,Payroll,2025-09-20 00:00:00,Posted
DOC003074,INV-003074,Sales_Invoice,2024-08-18 00:00:00,Posted
DOC003075,INV-003075,Sales_Invoice,2025-08-16 00:00:00,Cancelled
DOC003076,INV-003076,Sales_Invoice,2025-10-09 00:00:00,Posted
DOC003077,INV-003077,Sales_Invoice,2024-04-19 00:00:00,Posted
DOC003078,INV-003078,Sales_Invoice,2024-09-09 00:00:00,Posted
DOC003079,INV-003079,Stock_Movement,2024-10-02 00:00:00,Posted
DOC003080,INV-003080,Payroll,2023-09-19 00:00:00,Posted
DOC003081,INV-003081,Sales_Invoice,2023-06-11 00:00:00,Draft
DOC003082,INV-003082,Sales_Invoice,2023-06-30 00:00:00,Posted
DOC003083,INV-003083,Sales_Invoice,2024-12-25 00:00:00,Posted
DOC003084,INV-003084,Sales_Invoice,2024-04-13 00:00:00,Posted
DOC003085,INV-003085,Purchase_Order,2023-01-21 00:00:00,Posted
DOC003086,INV-003086,Purchase_Order,2023-09-17 00:00:00,Draft
DOC003087,INV-003087,Budget_Entry,2024-04-10 00:00:00,Cancelled
DOC003088,INV-003088,Sales_Invoice,2024-06-20 00:00:00,Posted
DOC003089,INV-003089,Budget_Entry,2025-08-09 00:00:00,Posted
DOC003090,INV-003090,Stock_Movement,2025-02-04 00:00:00,Posted
DOC003091,INV-003091,Budget_Entry,2025-08-16 00:00:00,Posted
DOC003092,INV-003092,Payroll,2025-07-22 00:00:00,Posted
DOC003093,INV-003093,Purchase_Order,2025-04-30 00:00:00,Posted
DOC003094,INV-003094,Purchase_Order,2024-06-16 00:00:00,Posted
DOC003095,INV-003095,Sales_Invoice,2023-01-15 00:00:00,Posted
DOC003096,INV-003096,Sales_Invoice,2023-02-19 00:00:00,Posted
DOC003097,INV-003097,Stock_Movement,2025-09-25 00:00:00,Posted
DOC003098,INV-003098,Stock_Movement,2023-10-31 00:00:00,Approved
DOC003099,INV-003099,Payroll,2024-02-20 00:00:00,Posted
DOC003100,INV-003100,Sales_Invoice,2023-11-01 00:00:00,Posted
DOC003101,INV-003101,Sales_Invoice,2023-07-15 00:00:00,Approved
DOC003102,INV-003102,Stock_Movement,2025-03-23 00:00:00,Posted
DOC003103,INV-003103,Stock_Movement,2025-03-10 00:00:00,Posted
DOC003104,INV-003104,Stock_Movement,2024-01-23 00:00:00,Posted
DOC003105,INV-003105,Purchase_Order,2025-01-26 00:00:00,Approved
DOC003106,INV-003106,Budget_Entry,2024-03-30 00:00:00,Posted
DOC003107,INV-003107,Budget_Entry,2024-12-13 00:00:00,Posted
DOC003108,INV-003108,Sales_Invoice,2024-12-05 00:00:00,Posted
DOC003109,INV-003109,Purchase_Order,2025-04-27 00:00:00,Posted
DOC003110,INV-003110,Stock_Movement,2023-06-24 00:00:00,Posted
DOC003111,INV-003111,Sales_Invoice,2025-12-25 00:00:00,Posted
DOC003112,INV-003112,Purchase_Order,2023-10-06 00:00:00,Posted
DOC003113,INV-003113,Payroll,2025-01-27 00:00:00,Cancelled
DOC003114,INV-003114,Purchase_Order,2023-12-29 00:00:00,Posted
DOC003115,INV-003115,Sales_Invoice,2023-06-20 00:00:00,Posted
DOC003116,INV-003116,Budget_Entry,2025-12-10 00:00:00,Approved
DOC003117,INV-003117,Stock_Movement,2024-10-26 00:00:00,Posted
DOC003118,INV-003118,Payroll,2024-08-14 00:00:00,Draft
DOC003119,INV-003119,Purchase_Order,2025-07-19 00:00:00,Draft
DOC003120,INV-003120,Sales_Invoice,2023-10-01 00:00:00,Posted
DOC003121,INV-003121,Sales_Invoice,2024-05-22 00:00:00,Posted
DOC003122,INV-003122,Stock_Movement,2023-12-29 00:00:00,Posted
DOC003123,INV-003123,Sales_Invoice,2025-04-27 00:00:00,Posted
DOC003124,INV-003124,Sales_Invoice,2024-10-16 00:00:00,Posted
DOC003125,INV-003125,Stock_Movement,2023-10-25 00:00:00,Draft
DOC003126,INV-003126,Payroll,2024-05-08 00:00:00,Posted
DOC003127,INV-003127,Budget_Entry,2024-06-29 00:00:00,Draft
DOC003128,INV-003128,Budget_Entry,2023-10-31 00:00:00,Posted
DOC003129,INV-003129,Purchase_Order,2025-06-22 00:00:00,Approved
DOC003130,INV-003130,Payroll,2023-08-27 00:00:00,Posted
DOC003131,INV-003131,Purchase_Order,2024-10-11 00:00:00,Posted
DOC003132,INV-003132,Budget_Entry,2025-06-02 00:00:00,Posted
DOC003133,INV-003133,Stock_Movement,2024-02-14 00:00:00,Posted
DOC003134,INV-003134,Sales_Invoice,2024-12-26 00:00:00,Posted
DOC003135,INV-003135,Budget_Entry,2025-11-12 00:00:00,Posted
DOC003136,INV-003136,Payroll,2023-11-14 00:00:00,Posted
DOC003137,INV-003137,Budget_Entry,2024-06-08 00:00:00,Posted
DOC003138,INV-003138,Payroll,2025-06-23 00:00:00,Posted
DOC003139,INV-003139,Payroll,2025-10-20 00:00:00,Posted
DOC003140,INV-003140,Payroll,2024-09-11 00:00:00,Cancelled
DOC003141,INV-003141,Purchase_Order,2025-08-10 00:00:00,Posted
DOC003142,INV-003142,Stock_Movement,2025-03-11 00:00:00,Posted
DOC003143,INV-003143,Budget_Entry,2025-07-04 00:00:00,Posted
DOC003144,INV-003144,Stock_Movement,2023-11-16 00:00:00,Posted
DOC003145,INV-003145,Sales_Invoice,2025-05-25 00:00:00,Posted
DOC003146,INV-003146,Budget_Entry,2023-11-25 00:00:00,Draft
DOC003147,INV-003147,Stock_Movement,2025-01-22 00:00:00,Posted
DOC003148,INV-003148,Stock_Movement,2024-10-18 00:00:00,Posted
DOC003149,INV-003149,Sales_Invoice,2025-11-03 00:00:00,Posted
DOC003150,INV-003150,Payroll,2023-03-12 00:00:00,Approved
DOC003151,INV-003151,Budget_Entry,2025-04-06 00:00:00,Posted
DOC003152,INV-003152,Budget_Entry,2025-05-14 00:00:00,Posted
DOC003153,INV-003153,Sales_Invoice,2025-07-16 00:00:00,Posted
DOC003154,INV-003154,Payroll,2023-04-16 00:00:00,Posted
DOC003155,INV-003155,Budget_Entry,2025-02-08 00:00:00,Posted
DOC003156,INV-003156,Budget_Entry,2025-06-11 00:00:00,Posted
DOC003157,INV-003157,Budget_Entry,2023-07-15 00:00:00,Posted
DOC003158,INV-003158,Payroll,2023-05-25 00:00:00,Posted
DOC003159,INV-003159,Sales_Invoice,2024-04-15 00:00:00,Posted
DOC003160,INV-003160,Budget_Entry,2023-08-04 00:00:00,Posted
DOC003161,INV-003161,Stock_Movement,2023-09-17 00:00:00,Posted
DOC003162,INV-003162,Payroll,2025-07-22 00:00:00,Posted
DOC003163,INV-003163,Purchase_Order,2024-07-28 00:00:00,Posted
DOC003164,INV-003164,Sales_Invoice,2023-10-12 00:00:00,Posted
DOC003165,INV-003165,Stock_Movement,2024-04-28 00:00:00,Posted
DOC003166,INV-003166,Budget_Entry,2024-01-07 00:00:00,Posted
DOC003167,INV-003167,Purchase_Order,2023-03-11 00:00:00,Approved
DOC003168,INV-003168,Sales_Invoice,2024-01-14 00:00:00,Posted
DOC003169,INV-003169,Payroll,2023-10-29 00:00:00,Approved
DOC003170,INV-003170,Purchase_Order,2023-09-12 00:00:00,Approved
DOC003171,INV-003171,Purchase_Order,2025-08-01 00:00:00,Posted
DOC003172,INV-003172,Stock_Movement,2024-11-22 00:00:00,Posted
DOC003173,INV-003173,Sales_Invoice,2025-04-13 00:00:00,Approved
DOC003174,INV-003174,Stock_Movement,2024-12-17 00:00:00,Posted
DOC003175,INV-003175,Stock_Movement,2024-02-28 00:00:00,Cancelled
DOC003176,INV-003176,Budget_Entry,2023-08-01 00:00:00,Posted
DOC003177,INV-003177,Payroll,2023-04-10 00:00:00,Posted
DOC003178,INV-003178,Purchase_Order,2023-11-04 00:00:00,Posted
DOC003179,INV-003179,Sales_Invoice,2024-11-08 00:00:00,Posted
DOC003180,INV-003180,Payroll,2024-04-19 00:00:00,Posted
DOC003181,INV-003181,Payroll,2023-04-22 00:00:00,Posted
DOC003182,INV-003182,Sales_Invoice,2023-07-02 00:00:00,Cancelled
DOC003183,INV-003183,Payroll,2024-08-19 00:00:00,Posted
DOC003184,INV-003184,Budget_Entry,2023-06-14 00:00:00,Posted
DOC003185,INV-003185,Payroll,2025-03-25 00:00:00,Posted
DOC003186,INV-003186,Budget_Entry,2023-03-31 00:00:00,Posted
DOC003187,INV-003187,Purchase_Order,2024-03-30 00:00:00,Posted
DOC003188,INV-003188,Purchase_Order,2023-08-26 00:00:00,Posted
DOC003189,INV-003189,Stock_Movement,2024-06-17 00:00:00,Posted
DOC003190,INV-003190,Budget_Entry,2024-12-27 00:00:00,Posted
DOC003191,INV-003191,Purchase_Order,2023-02-27 00:00:00,Posted
DOC003192,INV-003192,Payroll,2024-06-25 00:00:00,Posted
DOC003193,INV-003193,Sales_Invoice,2025-10-18 00:00:00,Posted
DOC003194,INV-003194,Sales_Invoice,2024-09-09 00:00:00,Draft
DOC003195,INV-003195,Budget_Entry,2024-02-06 00:00:00,Draft
DOC003196,INV-003196,Stock_Movement,2025-10-02 00:00:00,Posted
DOC003197,INV-003197,Payroll,2025-04-21 00:00:00,Posted
DOC003198,INV-003198,Budget_Entry,2025-04-18 00:00:00,Posted
DOC003199,INV-003199,Sales_Invoice,2024-06-02 00:00:00,Approved
DOC003200,INV-003200,Budget_Entry,2023-07-16 00:00:00,Posted
DOC003201,INV-003201,Payroll,2023-02-15 00:00:00,Posted
DOC003202,INV-003202,Purchase_Order,2024-06-13 00:00:00,Posted
DOC003203,INV-003203,Payroll,2025-09-26 00:00:00,Posted
DOC003204,INV-003204,Purchase_Order,2025-02-14 00:00:00,Posted
DOC003205,INV-003205,Purchase_Order,2023-03-15 00:00:00,Posted
DOC003206,INV-003206,Purchase_Order,2023-12-01 00:00:00,Posted
DOC003207,INV-003207,Budget_Entry,2024-09-24 00:00:00,Posted
DOC003208,INV-003208,Sales_Invoice,2024-11-18 00:00:00,Posted
DOC003209,INV-003209,Budget_Entry,2024-07-28 00:00:00,Posted
DOC003210,INV-003210,Sales_Invoice,2023-10-23 00:00:00,Posted
DOC003211,INV-003211,Payroll,2025-11-04 00:00:00,Posted
DOC003212,INV-003212,Stock_Movement,2024-04-22 00:00:00,Posted
DOC003213,INV-003213,Payroll,2024-09-24 00:00:00,Posted
DOC003214,INV-003214,Budget_Entry,2023-11-15 00:00:00,Posted
DOC003215,INV-003215,Budget_Entry,2024-04-23 00:00:00,Approved
DOC003216,INV-003216,Sales_Invoice,2024-01-03 00:00:00,Posted
DOC003217,INV-003217,Budget_Entry,2024-01-02 00:00:00,Posted
DOC003218,INV-003218,Purchase_Order,2024-01-13 00:00:00,Posted
DOC003219,INV-003219,Budget_Entry,2024-04-07 00:00:00,Posted
DOC003220,INV-003220,Sales_Invoice,2023-01-13 00:00:00,Posted
DOC003221,INV-003221,Sales_Invoice,2024-06-19 00:00:00,Posted
DOC003222,INV-003222,Purchase_Order,2023-09-27 00:00:00,Posted
DOC003223,INV-003223,Sales_Invoice,2025-12-29 00:00:00,Posted
DOC003224,INV-003224,Stock_Movement,2024-01-11 00:00:00,Posted
DOC003225,INV-003225,Payroll,2023-09-14 00:00:00,Posted
DOC003226,INV-003226,Budget_Entry,2023-08-05 00:00:00,Posted
DOC003227,INV-003227,Stock_Movement,2024-03-25 00:00:00,Posted
DOC003228,INV-003228,Budget_Entry,2025-06-12 00:00:00,Approved
DOC003229,INV-003229,Stock_Movement,2023-02-01 00:00:00,Posted
DOC003230,INV-003230,Budget_Entry,2024-09-01 00:00:00,Posted
DOC003231,INV-003231,Purchase_Order,2025-07-05 00:00:00,Posted
DOC003232,INV-003232,Sales_Invoice,2024-06-25 00:00:00,Posted
DOC003233,INV-003233,Sales_Invoice,2023-05-28 00:00:00,Posted
DOC003234,INV-003234,Purchase_Order,2024-10-17 00:00:00,Posted
DOC003235,INV-003235,Stock_Movement,2023-03-08 00:00:00,Posted
DOC003236,INV-003236,Payroll,2024-07-23 00:00:00,Posted
DOC003237,INV-003237,Stock_Movement,2025-01-17 00:00:00,Posted
DOC003238,INV-003238,Sales_Invoice,2024-03-18 00:00:00,Posted
DOC003239,INV-003239,Payroll,2025-06-15 00:00:00,Posted
DOC003240,INV-003240,Budget_Entry,2024-02-03 00:00:00,Posted
DOC003241,INV-003241,Payroll,2024-04-26 00:00:00,Posted
DOC003242,INV-003242,Stock_Movement,2025-08-05 00:00:00,Posted
DOC003243,INV-003243,Purchase_Order,2023-07-05 00:00:00,Posted
DOC003244,INV-003244,Budget_Entry,2023-06-18 00:00:00,Posted
DOC003245,INV-003245,Stock_Movement,2024-05-21 00:00:00,Posted
DOC003246,INV-003246,Budget_Entry,2024-06-04 00:00:00,Posted
DOC003247,INV-003247,Payroll,2023-06-10 00:00:00,Posted
DOC003248,INV-003248,Sales_Invoice,2023-12-06 00:00:00,Posted
DOC003249,INV-003249,Stock_Movement,2024-12-04 00:00:00,Posted
DOC003250,INV-003250,Purchase_Order,2025-04-02 00:00:00,Approved
DOC003251,INV-003251,Payroll,2025-02-23 00:00:00,Posted
DOC003252,INV-003252,Stock_Movement,2023-05-11 00:00:00,Posted
DOC003253,INV-003253,Purchase_Order,2024-05-30 00:00:00,Posted
DOC003254,INV-003254,Stock_Movement,2024-06-19 00:00:00,Posted
DOC003255,INV-003255,Payroll,2025-01-10 00:00:00,Posted
DOC003256,INV-003256,Stock_Movement,2025-02-19 00:00:00,Posted
DOC003257,INV-003257,Budget_Entry,2024-08-10 00:00:00,Cancelled
DOC003258,INV-003258,Payroll,2024-12-26 00:00:00,Posted
DOC003259,INV-003259,Stock_Movement,2025-07-31 00:00:00,Draft
DOC003260,INV-003260,Sales_Invoice,2025-09-23 00:00:00,Cancelled
DOC003261,INV-003261,Stock_Movement,2024-01-11 00:00:00,Posted
DOC003262,INV-003262,Budget_Entry,2023-07-23 00:00:00,Posted
DOC003263,INV-003263,Purchase_Order,2025-09-15 00:00:00,Approved
DOC003264,INV-003264,Purchase_Order,2024-10-22 00:00:00,Approved
DOC003265,INV-003265,Purchase_Order,2023-03-16 00:00:00,Posted
DOC003266,INV-003266,Sales_Invoice,2025-01-10 00:00:00,Draft
DOC003267,INV-003267,Budget_Entry,2023-10-31 00:00:00,Posted
DOC003268,INV-003268,Payroll,2025-12-21 00:00:00,Posted
DOC003269,INV-003269,Purchase_Order,2024-07-23 00:00:00,Posted
DOC003270,INV-003270,Budget_Entry,2025-02-24 00:00:00,Posted
DOC003271,INV-003271,Stock_Movement,2025-09-13 00:00:00,Posted
DOC003272,INV-003272,Sales_Invoice,2023-08-17 00:00:00,Posted
DOC003273,INV-003273,Budget_Entry,2025-12-07 00:00:00,Cancelled
DOC003274,INV-003274,Budget_Entry,2023-09-25 00:00:00,Posted
DOC003275,INV-003275,Payroll,2024-12-27 00:00:00,Cancelled
DOC003276,INV-003276,Budget_Entry,2025-03-12 00:00:00,Posted
DOC003277,INV-003277,Payroll,2023-09-11 00:00:00,Approved
DOC003278,INV-003278,Sales_Invoice,2025-08-14 00:00:00,Posted
DOC003279,INV-003279,Sales_Invoice,2025-05-19 00:00:00,Posted
DOC003280,INV-003280,Stock_Movement,2023-03-28 00:00:00,Posted
DOC003281,INV-003281,Payroll,2025-11-14 00:00:00,Posted
DOC003282,INV-003282,Payroll,2023-08-10 00:00:00,Posted
DOC003283,INV-003283,Purchase_Order,2025-09-16 00:00:00,Draft
DOC003284,INV-003284,Purchase_Order,2024-02-01 00:00:00,Posted
DOC003285,INV-003285,Stock_Movement,2025-07-26 00:00:00,Approved
DOC003286,INV-003286,Sales_Invoice,2024-05-25 00:00:00,Posted
DOC003287,INV-003287,Purchase_Order,2024-07-14 00:00:00,Posted
DOC003288,INV-003288,Budget_Entry,2025-04-25 00:00:00,Posted
DOC003289,INV-003289,Sales_Invoice,2024-03-15 00:00:00,Posted
DOC003290,INV-003290,Budget_Entry,2023-11-07 00:00:00,Posted
DOC003291,INV-003291,Payroll,2023-02-04 00:00:00,Approved
DOC003292,INV-003292,Sales_Invoice,2023-08-05 00:00:00,Posted
DOC003293,INV-003293,Stock_Movement,2024-12-21 00:00:00,Approved
DOC003294,INV-003294,Payroll,2025-10-12 00:00:00,Posted
DOC003295,INV-003295,Payroll,2024-06-02 00:00:00,Draft
DOC003296,INV-003296,Budget_Entry,2023-09-26 00:00:00,Approved
DOC003297,INV-003297,Payroll,2024-09-29 00:00:00,Posted
DOC003298,INV-003298,Purchase_Order,2024-04-19 00:00:00,Posted
DOC003299,INV-003299,Sales_Invoice,2023-03-31 00:00:00,Draft
DOC003300,INV-003300,Purchase_Order,2025-12-01 00:00:00,Posted
DOC003301,INV-003301,Budget_Entry,2025-09-08 00:00:00,Posted
DOC003302,INV-003302,Budget_Entry,2023-10-15 00:00:00,Posted
DOC003303,INV-003303,Sales_Invoice,2024-04-25 00:00:00,Approved
DOC003304,INV-003304,Payroll,2024-09-28 00:00:00,Posted
DOC003305,INV-003305,Stock_Movement,2024-05-15 00:00:00,Posted
DOC003306,INV-003306,Budget_Entry,2023-02-21 00:00:00,Draft
DOC003307,INV-003307,Sales_Invoice,2023-04-13 00:00:00,Posted
DOC003308,INV-003308,Stock_Movement,2024-11-29 00:00:00,Posted
DOC003309,INV-003309,Payroll,2025-11-03 00:00:00,Posted
DOC003310,INV-003310,Budget_Entry,2024-04-14 00:00:00,Posted
DOC003311,INV-003311,Sales_Invoice,2024-03-02 00:00:00,Posted
DOC003312,INV-003312,Sales_Invoice,2023-04-20 00:00:00,Posted
DOC003313,INV-003313,Sales_Invoice,2024-05-29 00:00:00,Posted
DOC003314,INV-003314,Budget_Entry,2023-03-09 00:00:00,Posted
DOC003315,INV-003315,Stock_Movement,2024-01-24 00:00:00,Posted
DOC003316,INV-003316,Sales_Invoice,2023-11-04 00:00:00,Posted
DOC003317,INV-003317,Payroll,2025-12-25 00:00:00,Posted
DOC003318,INV-003318,Sales_Invoice,2024-04-04 00:00:00,Posted
DOC003319,INV-003319,Stock_Movement,2023-12-13 00:00:00,Draft
DOC003320,INV-003320,Budget_Entry,2023-11-21 00:00:00,Posted
DOC003321,INV-003321,Sales_Invoice,2024-10-28 00:00:00,Cancelled
DOC003322,INV-003322,Sales_Invoice,2025-11-22 00:00:00,Posted
DOC003323,INV-003323,Payroll,2023-03-09 00:00:00,Cancelled
DOC003324,INV-003324,Payroll,2023-07-06 00:00:00,Posted
DOC003325,INV-003325,Sales_Invoice,2023-07-11 00:00:00,Draft
DOC003326,INV-003326,Sales_Invoice,2024-03-03 00:00:00,Posted
DOC003327,INV-003327,Payroll,2023-08-04 00:00:00,Posted
DOC003328,INV-003328,Stock_Movement,2023-06-26 00:00:00,Posted
DOC003329,INV-003329,Purchase_Order,2024-07-14 00:00:00,Posted
DOC003330,INV-003330,Purchase_Order,2025-05-30 00:00:00,Posted
DOC003331,INV-003331,Sales_Invoice,2024-09-17 00:00:00,Posted
DOC003332,INV-003332,Payroll,2024-08-29 00:00:00,Posted
DOC003333,INV-003333,Budget_Entry,2023-06-28 00:00:00,Posted
DOC003334,INV-003334,Budget_Entry,2024-01-30 00:00:00,Posted
DOC003335,INV-003335,Purchase_Order,2025-05-25 00:00:00,Posted
DOC003336,INV-003336,Stock_Movement,2025-08-19 00:00:00,Posted
DOC003337,INV-003337,Purchase_Order,2023-07-17 00:00:00,Posted
DOC003338,INV-003338,Sales_Invoice,2025-08-26 00:00:00,Posted
DOC003339,INV-003339,Stock_Movement,2024-10-30 00:00:00,Posted
DOC003340,INV-003340,Budget_Entry,2024-04-01 00:00:00,Draft
DOC003341,INV-003341,Payroll,2023-03-13 00:00:00,Posted
DOC003342,INV-003342,Payroll,2023-08-11 00:00:00,Posted
DOC003343,INV-003343,Sales_Invoice,2023-10-03 00:00:00,Posted
DOC003344,INV-003344,Purchase_Order,2024-07-26 00:00:00,Approved
DOC003345,INV-003345,Sales_Invoice,2025-07-12 00:00:00,Posted
DOC003346,INV-003346,Payroll,2024-04-15 00:00:00,Posted
DOC003347,INV-003347,Budget_Entry,2024-03-29 00:00:00,Posted
DOC003348,INV-003348,Payroll,2025-08-26 00:00:00,Posted
DOC003349,INV-003349,Stock_Movement,2023-01-07 00:00:00,Posted
DOC003350,INV-003350,Payroll,2023-07-07 00:00:00,Posted
DOC003351,INV-003351,Payroll,2023-01-04 00:00:00,Posted
DOC003352,INV-003352,Stock_Movement,2025-06-25 00:00:00,Posted
DOC003353,INV-003353,Purchase_Order,2025-11-04 00:00:00,Posted
DOC003354,INV-003354,Payroll,2025-08-17 00:00:00,Cancelled
DOC003355,INV-003355,Sales_Invoice,2024-06-08 00:00:00,Posted
DOC003356,INV-003356,Payroll,2024-09-21 00:00:00,Posted
DOC003357,INV-003357,Sales_Invoice,2025-02-13 00:00:00,Posted
DOC003358,INV-003358,Stock_Movement,2023-12-26 00:00:00,Posted
DOC003359,INV-003359,Payroll,2024-06-01 00:00:00,Posted
DOC003360,INV-003360,Stock_Movement,2025-11-19 00:00:00,Draft
DOC003361,INV-003361,Stock_Movement,2025-07-09 00:00:00,Posted
DOC003362,INV-003362,Purchase_Order,2025-05-01 00:00:00,Posted
DOC003363,INV-003363,Payroll,2025-07-23 00:00:00,Posted
DOC003364,INV-003364,Sales_Invoice,2025-06-19 00:00:00,Approved
DOC003365,INV-003365,Sales_Invoice,2024-02-03 00:00:00,Posted
DOC003366,INV-003366,Payroll,2023-06-17 00:00:00,Posted
DOC003367,INV-003367,Purchase_Order,2024-01-12 00:00:00,Posted
DOC003368,INV-003368,Purchase_Order,2024-08-29 00:00:00,Posted
DOC003369,INV-003369,Purchase_Order,2025-10-07 00:00:00,Posted
DOC003370,INV-003370,Sales_Invoice,2024-08-11 00:00:00,Posted
DOC003371,INV-003371,Stock_Movement,2023-02-17 00:00:00,Posted
DOC003372,INV-003372,Purchase_Order,2025-10-21 00:00:00,Posted
DOC003373,INV-003373,Sales_Invoice,2023-06-22 00:00:00,Cancelled
DOC003374,INV-003374,Sales_Invoice,2024-05-20 00:00:00,Posted
DOC003375,INV-003375,Stock_Movement,2024-02-02 00:00:00,Approved
DOC003376,INV-003376,Payroll,2023-10-21 00:00:00,Posted
DOC003377,INV-003377,Payroll,2024-07-05 00:00:00,Draft
DOC003378,INV-003378,Purchase_Order,2025-04-29 00:00:00,Cancelled
DOC003379,INV-003379,Purchase_Order,2025-11-05 00:00:00,Posted
DOC003380,INV-003380,Stock_Movement,2025-06-03 00:00:00,Posted
DOC003381,INV-003381,Purchase_Order,2025-09-30 00:00:00,Posted
DOC003382,INV-003382,Stock_Movement,2023-05-14 00:00:00,Draft
DOC003383,INV-003383,Sales_Invoice,2025-02-09 00:00:00,Posted
DOC003384,INV-003384,Purchase_Order,2024-05-22 00:00:00,Posted
DOC003385,INV-003385,Sales_Invoice,2025-12-25 00:00:00,Posted
DOC003386,INV-003386,Budget_Entry,2024-04-24 00:00:00,Cancelled
DOC003387,INV-003387,Stock_Movement,2025-05-12 00:00:00,Posted
DOC003388,INV-003388,Budget_Entry,2024-04-03 00:00:00,Posted
DOC003389,INV-003389,Purchase_Order,2024-09-17 00:00:00,Posted
DOC003390,INV-003390,Sales_Invoice,2023-06-08 00:00:00,Posted
DOC003391,INV-003391,Purchase_Order,2023-06-10 00:00:00,Posted
DOC003392,INV-003392,Budget_Entry,2025-07-28 00:00:00,Posted
DOC003393,INV-003393,Purchase_Order,2023-06-04 00:00:00,Posted
DOC003394,INV-003394,Payroll,2024-04-30 00:00:00,Posted
DOC003395,INV-003395,Budget_Entry,2024-03-07 00:00:00,Posted
DOC003396,INV-003396,Purchase_Order,2025-11-16 00:00:00,Approved
DOC003397,INV-003397,Sales_Invoice,2025-09-30 00:00:00,Posted
DOC003398,INV-003398,Purchase_Order,2025-11-01 00:00:00,Posted
DOC003399,INV-003399,Sales_Invoice,2023-03-08 00:00:00,Posted
DOC003400,INV-003400,Payroll,2024-06-25 00:00:00,Posted
DOC003401,INV-003401,Purchase_Order,2023-04-06 00:00:00,Draft
DOC003402,INV-003402,Payroll,2023-08-03 00:00:00,Posted
DOC003403,INV-003403,Budget_Entry,2023-07-13 00:00:00,Posted
DOC003404,INV-003404,Sales_Invoice,2025-06-03 00:00:00,Posted
DOC003405,INV-003405,Budget_Entry,2023-02-08 00:00:00,Posted
DOC003406,INV-003406,Sales_Invoice,2025-07-27 00:00:00,Posted
DOC003407,INV-003407,Payroll,2025-07-27 00:00:00,Posted
DOC003408,INV-003408,Stock_Movement,2023-07-25 00:00:00,Posted
DOC003409,INV-003409,Purchase_Order,2025-07-30 00:00:00,Draft
DOC003410,INV-003410,Payroll,2024-07-08 00:00:00,Posted
DOC003411,INV-003411,Sales_Invoice,2024-04-28 00:00:00,Posted
DOC003412,INV-003412,Sales_Invoice,2025-02-09 00:00:00,Posted
DOC003413,INV-003413,Sales_Invoice,2023-09-06 00:00:00,Approved
DOC003414,INV-003414,Sales_Invoice,2024-01-08 00:00:00,Posted
DOC003415,INV-003415,Purchase_Order,2025-05-28 00:00:00,Posted
DOC003416,INV-003416,Budget_Entry,2025-04-14 00:00:00,Approved
DOC003417,INV-003417,Stock_Movement,2025-05-20 00:00:00,Posted
DOC003418,INV-003418,Purchase_Order,2024-12-02 00:00:00,Cancelled
DOC003419,INV-003419,Sales_Invoice,2023-05-18 00:00:00,Approved
DOC003420,INV-003420,Purchase_Order,2025-08-05 00:00:00,Posted
DOC003421,INV-003421,Payroll,2024-04-01 00:00:00,Cancelled
DOC003422,INV-003422,Sales_Invoice,2025-03-24 00:00:00,Cancelled
DOC003423,INV-003423,Stock_Movement,2025-04-02 00:00:00,Posted
DOC003424,INV-003424,Sales_Invoice,2025-07-30 00:00:00,Posted
DOC003425,INV-003425,Stock_Movement,2024-03-19 00:00:00,Posted
DOC003426,INV-003426,Stock_Movement,2023-12-19 00:00:00,Posted
DOC003427,INV-003427,Budget_Entry,2025-09-22 00:00:00,Posted
DOC003428,INV-003428,Budget_Entry,2025-03-04 00:00:00,Posted
DOC003429,INV-003429,Purchase_Order,2024-02-15 00:00:00,Posted
DOC003430,INV-003430,Purchase_Order,2024-11-08 00:00:00,Posted
DOC003431,INV-003431,Stock_Movement,2024-03-28 00:00:00,Posted
DOC003432,INV-003432,Sales_Invoice,2024-02-23 00:00:00,Posted
DOC003433,INV-003433,Payroll,2024-03-25 00:00:00,Posted
DOC003434,INV-003434,Payroll,2025-09-21 00:00:00,Posted
DOC003435,INV-003435,Sales_Invoice,2023-02-20 00:00:00,Posted
DOC003436,INV-003436,Sales_Invoice,2023-07-29 00:00:00,Posted
DOC003437,INV-003437,Budget_Entry,2025-06-06 00:00:00,Posted
DOC003438,INV-003438,Payroll,2025-09-24 00:00:00,Posted
DOC003439,INV-003439,Stock_Movement,2025-09-19 00:00:00,Posted
DOC003440,INV-003440,Purchase_Order,2025-04-29 00:00:00,Posted
DOC003441,INV-003441,Budget_Entry,2024-09-18 00:00:00,Posted
DOC003442,INV-003442,Payroll,2024-11-09 00:00:00,Posted
DOC003443,INV-003443,Sales_Invoice,2025-02-15 00:00:00,Posted
DOC003444,INV-003444,Payroll,2024-10-24 00:00:00,Posted
DOC003445,INV-003445,Stock_Movement,2023-09-25 00:00:00,Posted
DOC003446,INV-003446,Budget_Entry,2023-04-26 00:00:00,Approved
DOC003447,INV-003447,Sales_Invoice,2025-01-23 00:00:00,Posted
DOC003448,INV-003448,Stock_Movement,2025-11-29 00:00:00,Posted
DOC003449,INV-003449,Purchase_Order,2023-07-01 00:00:00,Posted
DOC003450,INV-003450,Budget_Entry,2025-06-21 00:00:00,Cancelled
DOC003451,INV-003451,Stock_Movement,2025-08-03 00:00:00,Posted
DOC003452,INV-003452,Stock_Movement,2023-09-15 00:00:00,Posted
DOC003453,INV-003453,Sales_Invoice,2024-05-23 00:00:00,Draft
DOC003454,INV-003454,Purchase_Order,2023-04-02 00:00:00,Posted
DOC003455,INV-003455,Stock_Movement,2023-05-29 00:00:00,Posted
DOC003456,INV-003456,Budget_Entry,2023-04-27 00:00:00,Posted
DOC003457,INV-003457,Stock_Movement,2024-04-02 00:00:00,Cancelled
DOC003458,INV-003458,Payroll,2024-07-18 00:00:00,Approved
DOC003459,INV-003459,Budget_Entry,2025-03-24 00:00:00,Posted
DOC003460,INV-003460,Budget_Entry,2023-02-14 00:00:00,Posted
DOC003461,INV-003461,Stock_Movement,2025-02-12 00:00:00,Approved
DOC003462,INV-003462,Sales_Invoice,2023-08-22 00:00:00,Posted
DOC003463,INV-003463,Budget_Entry,2023-07-16 00:00:00,Posted
DOC003464,INV-003464,Payroll,2023-01-25 00:00:00,Posted
DOC003465,INV-003465,Sales_Invoice,2024-01-30 00:00:00,Posted
DOC003466,INV-003466,Sales_Invoice,2024-12-14 00:00:00,Posted
DOC003467,INV-003467,Sales_Invoice,2025-11-25 00:00:00,Approved
DOC003468,INV-003468,Budget_Entry,2023-08-11 00:00:00,Posted
DOC003469,INV-003469,Sales_Invoice,2025-05-13 00:00:00,Posted
DOC003470,INV-003470,Stock_Movement,2024-06-13 00:00:00,Posted
DOC003471,INV-003471,Sales_Invoice,2023-09-14 00:00:00,Posted
DOC003472,INV-003472,Payroll,2024-10-15 00:00:00,Posted
DOC003473,INV-003473,Purchase_Order,2024-08-13 00:00:00,Posted
DOC003474,INV-003474,Payroll,2024-03-19 00:00:00,Posted
DOC003475,INV-003475,Budget_Entry,2024-02-22 00:00:00,Posted
DOC003476,INV-003476,Sales_Invoice,2024-07-27 00:00:00,Posted
DOC003477,INV-003477,Sales_Invoice,2023-05-09 00:00:00,Posted
DOC003478,INV-003478,Stock_Movement,2025-10-07 00:00:00,Posted
DOC003479,INV-003479,Sales_Invoice,2023-12-07 00:00:00,Posted
DOC003480,INV-003480,Payroll,2025-03-20 00:00:00,Posted
DOC003481,INV-003481,Budget_Entry,2025-09-18 00:00:00,Approved
DOC003482,INV-003482,Purchase_Order,2023-04-10 00:00:00,Posted
DOC003483,INV-003483,Sales_Invoice,2023-02-08 00:00:00,Cancelled
DOC003484,INV-003484,Purchase_Order,2023-09-20 00:00:00,Posted
DOC003485,INV-003485,Sales_Invoice,2023-05-30 00:00:00,Approved
DOC003486,INV-003486,Budget_Entry,2024-11-20 00:00:00,Posted
DOC003487,INV-003487,Payroll,2025-03-23 00:00:00,Posted
DOC003488,INV-003488,Budget_Entry,2023-08-07 00:00:00,Posted
DOC003489,INV-003489,Purchase_Order,2025-06-24 00:00:00,Posted
DOC003490,INV-003490,Sales_Invoice,2023-09-01 00:00:00,Posted
DOC003491,INV-003491,Purchase_Order,2025-06-04 00:00:00,Draft
DOC003492,INV-003492,Payroll,2024-08-09 00:00:00,Posted
DOC003493,INV-003493,Budget_Entry,2024-06-01 00:00:00,Posted
DOC003494,INV-003494,Purchase_Order,2025-11-10 00:00:00,Posted
DOC003495,INV-003495,Purchase_Order,2023-07-09 00:00:00,Posted
DOC003496,INV-003496,Payroll,2025-07-03 00:00:00,Posted
DOC003497,INV-003497,Sales_Invoice,2024-09-06 00:00:00,Posted
DOC003498,INV-003498,Purchase_Order,2025-05-05 00:00:00,Posted
DOC003499,INV-003499,Payroll,2024-04-10 00:00:00,Posted
DOC003500,INV-003500,Sales_Invoice,2023-04-09 00:00:00,Posted
DOC003501,INV-003501,Sales_Invoice,2025-04-09 00:00:00,Posted
DOC003502,INV-003502,Budget_Entry,2025-09-23 00:00:00,Posted
DOC003503,INV-003503,Payroll,2023-02-25 00:00:00,Posted
DOC003504,INV-003504,Sales_Invoice,2025-11-11 00:00:00,Approved
DOC003505,INV-003505,Budget_Entry,2024-08-02 00:00:00,Approved
DOC003506,INV-003506,Stock_Movement,2023-07-04 00:00:00,Cancelled
DOC003507,INV-003507,Payroll,2024-06-05 00:00:00,Posted
DOC003508,INV-003508,Stock_Movement,2023-09-21 00:00:00,Posted
DOC003509,INV-003509,Sales_Invoice,2025-11-27 00:00:00,Posted
DOC003510,INV-003510,Payroll,2025-09-29 00:00:00,Posted
DOC003511,INV-003511,Budget_Entry,2023-05-03 00:00:00,Posted
DOC003512,INV-003512,Sales_Invoice,2023-10-28 00:00:00,Approved
DOC003513,INV-003513,Payroll,2025-04-12 00:00:00,Posted
DOC003514,INV-003514,Payroll,2025-12-26 00:00:00,Posted
DOC003515,INV-003515,Stock_Movement,2024-10-06 00:00:00,Posted
DOC003516,INV-003516,Sales_Invoice,2025-05-23 00:00:00,Posted
DOC003517,INV-003517,Budget_Entry,2024-01-29 00:00:00,Approved
DOC003518,INV-003518,Budget_Entry,2024-10-22 00:00:00,Posted
DOC003519,INV-003519,Sales_Invoice,2023-03-10 00:00:00,Approved
DOC003520,INV-003520,Sales_Invoice,2025-01-31 00:00:00,Posted
DOC003521,INV-003521,Purchase_Order,2023-11-16 00:00:00,Draft
DOC003522,INV-003522,Stock_Movement,2023-06-26 00:00:00,Posted
DOC003523,INV-003523,Sales_Invoice,2024-08-06 00:00:00,Approved
DOC003524,INV-003524,Sales_Invoice,2024-08-04 00:00:00,Posted
DOC003525,INV-003525,Purchase_Order,2023-04-21 00:00:00,Posted
DOC003526,INV-003526,Purchase_Order,2025-09-25 00:00:00,Posted
DOC003527,INV-003527,Payroll,2025-01-27 00:00:00,Approved
DOC003528,INV-003528,Budget_Entry,2023-10-10 00:00:00,Posted
DOC003529,INV-003529,Stock_Movement,2023-07-13 00:00:00,Posted
DOC003530,INV-003530,Payroll,2025-08-24 00:00:00,Posted
DOC003531,INV-003531,Sales_Invoice,2025-12-06 00:00:00,Draft
DOC003532,INV-003532,Purchase_Order,2025-09-04 00:00:00,Posted
DOC003533,INV-003533,Budget_Entry,2023-12-08 00:00:00,Posted
DOC003534,INV-003534,Payroll,2024-06-05 00:00:00,Posted
DOC003535,INV-003535,Budget_Entry,2025-03-11 00:00:00,Cancelled
DOC003536,INV-003536,Purchase_Order,2025-06-21 00:00:00,Posted
DOC003537,INV-003537,Payroll,2023-05-11 00:00:00,Posted
DOC003538,INV-003538,Payroll,2025-03-24 00:00:00,Posted
DOC003539,INV-003539,Budget_Entry,2023-03-02 00:00:00,Posted
DOC003540,INV-003540,Purchase_Order,2023-06-13 00:00:00,Posted
DOC003541,INV-003541,Sales_Invoice,2023-09-29 00:00:00,Posted
DOC003542,INV-003542,Payroll,2023-05-13 00:00:00,Posted
DOC003543,INV-003543,Sales_Invoice,2025-09-24 00:00:00,Posted
DOC003544,INV-003544,Purchase_Order,2023-02-07 00:00:00,Approved
DOC003545,INV-003545,Payroll,2024-09-08 00:00:00,Posted
DOC003546,INV-003546,Payroll,2024-04-18 00:00:00,Posted
DOC003547,INV-003547,Sales_Invoice,2023-02-28 00:00:00,Posted
DOC003548,INV-003548,Stock_Movement,2024-08-11 00:00:00,Posted
DOC003549,INV-003549,Sales_Invoice,2024-05-13 00:00:00,Posted
DOC003550,INV-003550,Sales_Invoice,2024-07-20 00:00:00,Approved
DOC003551,INV-003551,Stock_Movement,2024-07-20 00:00:00,Posted
DOC003552,INV-003552,Purchase_Order,2025-06-22 00:00:00,Posted
DOC003553,INV-003553,Purchase_Order,2024-01-18 00:00:00,Posted
DOC003554,INV-003554,Payroll,2023-03-26 00:00:00,Posted
DOC003555,INV-003555,Budget_Entry,2024-09-18 00:00:00,Posted
DOC003556,INV-003556,Budget_Entry,2025-04-05 00:00:00,Posted
DOC003557,INV-003557,Payroll,2023-10-20 00:00:00,Cancelled
DOC003558,INV-003558,Budget_Entry,2025-12-08 00:00:00,Approved
DOC003559,INV-003559,Sales_Invoice,2025-12-26 00:00:00,Posted
DOC003560,INV-003560,Sales_Invoice,2025-02-25 00:00:00,Cancelled
DOC003561,INV-003561,Stock_Movement,2023-05-09 00:00:00,Posted
DOC003562,INV-003562,Stock_Movement,2023-01-29 00:00:00,Posted
DOC003563,INV-003563,Payroll,2024-11-22 00:00:00,Posted
DOC003564,INV-003564,Payroll,2023-05-13 00:00:00,Posted
DOC003565,INV-003565,Payroll,2024-10-07 00:00:00,Posted
DOC003566,INV-003566,Sales_Invoice,2024-11-19 00:00:00,Posted
DOC003567,INV-003567,Budget_Entry,2024-06-17 00:00:00,Draft
DOC003568,INV-003568,Payroll,2024-05-30 00:00:00,Posted
DOC003569,INV-003569,Payroll,2025-08-17 00:00:00,Posted
DOC003570,INV-003570,Sales_Invoice,2023-06-14 00:00:00,Posted
DOC003571,INV-003571,Sales_Invoice,2025-07-15 00:00:00,Posted
DOC003572,INV-003572,Sales_Invoice,2025-07-21 00:00:00,Approved
DOC003573,INV-003573,Budget_Entry,2024-07-10 00:00:00,Posted
DOC003574,INV-003574,Payroll,2024-11-10 00:00:00,Posted
DOC003575,INV-003575,Purchase_Order,2025-09-19 00:00:00,Posted
DOC003576,INV-003576,Purchase_Order,2025-10-25 00:00:00,Posted
DOC003577,INV-003577,Payroll,2025-01-26 00:00:00,Posted
DOC003578,INV-003578,Payroll,2025-05-04 00:00:00,Posted
DOC003579,INV-003579,Payroll,2024-05-07 00:00:00,Posted
DOC003580,INV-003580,Payroll,2024-10-10 00:00:00,Posted
DOC003581,INV-003581,Budget_Entry,2025-09-18 00:00:00,Posted
DOC003582,INV-003582,Purchase_Order,2024-09-19 00:00:00,Posted
DOC003583,INV-003583,Stock_Movement,2024-09-16 00:00:00,Posted
DOC003584,INV-003584,Purchase_Order,2024-06-26 00:00:00,Approved
DOC003585,INV-003585,Purchase_Order,2023-01-07 00:00:00,Posted
DOC003586,INV-003586,Sales_Invoice,2025-08-11 00:00:00,Posted
DOC003587,INV-003587,Payroll,2024-05-29 00:00:00,Posted
DOC003588,INV-003588,Payroll,2025-01-24 00:00:00,Posted
DOC003589,INV-003589,Payroll,2023-03-14 00:00:00,Posted
DOC003590,INV-003590,Sales_Invoice,2023-01-10 00:00:00,Posted
DOC003591,INV-003591,Budget_Entry,2024-07-15 00:00:00,Posted
DOC003592,INV-003592,Budget_Entry,2023-05-02 00:00:00,Posted
DOC003593,INV-003593,Stock_Movement,2024-11-17 00:00:00,Posted
DOC003594,INV-003594,Budget_Entry,2024-05-27 00:00:00,Approved
DOC003595,INV-003595,Budget_Entry,2025-09-16 00:00:00,Posted
DOC003596,INV-003596,Payroll,2024-03-16 00:00:00,Posted
DOC003597,INV-003597,Purchase_Order,2025-11-27 00:00:00,Posted
DOC003598,INV-003598,Budget_Entry,2024-12-02 00:00:00,Posted
DOC003599,INV-003599,Budget_Entry,2024-08-13 00:00:00,Posted
DOC003600,INV-003600,Sales_Invoice,2023-03-08 00:00:00,Posted
DOC003601,INV-003601,Stock_Movement,2023-01-17 00:00:00,Posted
DOC003602,INV-003602,Sales_Invoice,2024-01-03 00:00:00,Cancelled
DOC003603,INV-003603,Payroll,2025-06-22 00:00:00,Cancelled
DOC003604,INV-003604,Purchase_Order,2024-12-21 00:00:00,Posted
DOC003605,INV-003605,Stock_Movement,2025-08-15 00:00:00,Posted
DOC003606,INV-003606,Sales_Invoice,2025-06-26 00:00:00,Posted
DOC003607,INV-003607,Budget_Entry,2025-09-15 00:00:00,Posted
DOC003608,INV-003608,Budget_Entry,2024-04-17 00:00:00,Posted
DOC003609,INV-003609,Stock_Movement,2023-04-25 00:00:00,Cancelled
DOC003610,INV-003610,Budget_Entry,2023-04-10 00:00:00,Posted
DOC003611,INV-003611,Sales_Invoice,2024-03-13 00:00:00,Posted
DOC003612,INV-003612,Sales_Invoice,2023-12-15 00:00:00,Posted
DOC003613,INV-003613,Budget_Entry,2023-05-19 00:00:00,Posted
DOC003614,INV-003614,Budget_Entry,2025-04-07 00:00:00,Posted
DOC003615,INV-003615,Payroll,2023-11-20 00:00:00,Posted
DOC003616,INV-003616,Purchase_Order,2025-04-25 00:00:00,Posted
DOC003617,INV-003617,Stock_Movement,2023-10-21 00:00:00,Approved
DOC003618,INV-003618,Sales_Invoice,2025-08-25 00:00:00,Posted
DOC003619,INV-003619,Stock_Movement,2023-03-15 00:00:00,Posted
DOC003620,INV-003620,Payroll,2024-04-28 00:00:00,Cancelled
DOC003621,INV-003621,Sales_Invoice,2023-01-16 00:00:00,Posted
DOC003622,INV-003622,Payroll,2025-03-03 00:00:00,Posted
DOC003623,INV-003623,Payroll,2024-05-30 00:00:00,Posted
DOC003624,INV-003624,Budget_Entry,2025-07-13 00:00:00,Posted
DOC003625,INV-003625,Stock_Movement,2025-04-03 00:00:00,Posted
DOC003626,INV-003626,Stock_Movement,2024-06-01 00:00:00,Posted
DOC003627,INV-003627,Budget_Entry,2023-05-09 00:00:00,Posted
DOC003628,INV-003628,Stock_Movement,2024-05-25 00:00:00,Posted
DOC003629,INV-003629,Budget_Entry,2024-02-27 00:00:00,Posted
DOC003630,INV-003630,Sales_Invoice,2024-01-20 00:00:00,Posted
DOC003631,INV-003631,Payroll,2023-08-20 00:00:00,Posted
DOC003632,INV-003632,Payroll,2025-08-16 00:00:00,Posted
DOC003633,INV-003633,Stock_Movement,2025-04-04 00:00:00,Cancelled
DOC003634,INV-003634,Purchase_Order,2023-03-06 00:00:00,Posted
DOC003635,INV-003635,Payroll,2025-04-12 00:00:00,Cancelled
DOC003636,INV-003636,Budget_Entry,2024-09-06 00:00:00,Posted
DOC003637,INV-003637,Purchase_Order,2025-03-11 00:00:00,Posted
DOC003638,INV-003638,Purchase_Order,2023-10-05 00:00:00,Posted
DOC003639,INV-003639,Payroll,2024-01-01 00:00:00,Posted
DOC003640,INV-003640,Payroll,2024-05-30 00:00:00,Draft
DOC003641,INV-003641,Payroll,2024-03-14 00:00:00,Posted
DOC003642,INV-003642,Budget_Entry,2024-03-03 00:00:00,Draft
DOC003643,INV-003643,Purchase_Order,2024-12-29 00:00:00,Posted
DOC003644,INV-003644,Stock_Movement,2024-01-31 00:00:00,Posted
DOC003645,INV-003645,Budget_Entry,2024-08-08 00:00:00,Posted
DOC003646,INV-003646,Sales_Invoice,2024-01-10 00:00:00,Posted
DOC003647,INV-003647,Payroll,2025-08-05 00:00:00,Posted
DOC003648,INV-003648,Purchase_Order,2023-04-03 00:00:00,Cancelled
DOC003649,INV-003649,Budget_Entry,2023-11-17 00:00:00,Posted
DOC003650,INV-003650,Sales_Invoice,2025-10-30 00:00:00,Posted
DOC003651,INV-003651,Budget_Entry,2025-07-02 00:00:00,Posted
DOC003652,INV-003652,Budget_Entry,2025-07-05 00:00:00,Posted
DOC003653,INV-003653,Stock_Movement,2023-04-05 00:00:00,Posted
DOC003654,INV-003654,Stock_Movement,2025-08-16 00:00:00,Posted
DOC003655,INV-003655,Budget_Entry,2023-03-12 00:00:00,Cancelled
DOC003656,INV-003656,Sales_Invoice,2024-10-25 00:00:00,Draft
DOC003657,INV-003657,Purchase_Order,2025-08-26 00:00:00,Posted
DOC003658,INV-003658,Purchase_Order,2024-08-09 00:00:00,Posted
DOC003659,INV-003659,Payroll,2024-12-27 00:00:00,Posted
DOC003660,INV-003660,Payroll,2024-01-03 00:00:00,Posted
DOC003661,INV-003661,Purchase_Order,2023-02-20 00:00:00,Posted
DOC003662,INV-003662,Budget_Entry,2025-09-14 00:00:00,Approved
DOC003663,INV-003663,Budget_Entry,2023-09-17 00:00:00,Posted
DOC003664,INV-003664,Stock_Movement,2023-06-07 00:00:00,Approved
DOC003665,INV-003665,Stock_Movement,2023-04-09 00:00:00,Posted
DOC003666,INV-003666,Payroll,2023-08-29 00:00:00,Approved
DOC003667,INV-003667,Purchase_Order,2023-07-21 00:00:00,Posted
DOC003668,INV-003668,Budget_Entry,2024-09-25 00:00:00,Posted
DOC003669,INV-003669,Purchase_Order,2025-01-15 00:00:00,Posted
DOC003670,INV-003670,Sales_Invoice,2024-05-04 00:00:00,Posted
DOC003671,INV-003671,Purchase_Order,2024-08-01 00:00:00,Posted
DOC003672,INV-003672,Sales_Invoice,2024-06-10 00:00:00,Approved
DOC003673,INV-003673,Stock_Movement,2023-09-30 00:00:00,Posted
DOC003674,INV-003674,Stock_Movement,2025-02-24 00:00:00,Posted
DOC003675,INV-003675,Payroll,2024-03-28 00:00:00,Posted
DOC003676,INV-003676,Purchase_Order,2023-12-13 00:00:00,Posted
DOC003677,INV-003677,Purchase_Order,2025-03-26 00:00:00,Posted
DOC003678,INV-003678,Sales_Invoice,2024-02-18 00:00:00,Posted
DOC003679,INV-003679,Stock_Movement,2024-03-06 00:00:00,Approved
DOC003680,INV-003680,Sales_Invoice,2024-01-14 00:00:00,Posted
DOC003681,INV-003681,Stock_Movement,2025-09-24 00:00:00,Approved
DOC003682,INV-003682,Sales_Invoice,2025-06-13 00:00:00,Posted
DOC003683,INV-003683,Stock_Movement,2024-03-03 00:00:00,Posted
DOC003684,INV-003684,Sales_Invoice,2023-07-11 00:00:00,Approved
DOC003685,INV-003685,Stock_Movement,2023-02-10 00:00:00,Posted
DOC003686,INV-003686,Sales_Invoice,2023-05-16 00:00:00,Posted
DOC003687,INV-003687,Purchase_Order,2023-04-16 00:00:00,Posted
DOC003688,INV-003688,Payroll,2024-06-02 00:00:00,Draft
DOC003689,INV-003689,Sales_Invoice,2025-03-24 00:00:00,Posted
DOC003690,INV-003690,Payroll,2023-05-06 00:00:00,Posted
DOC003691,INV-003691,Purchase_Order,2024-02-04 00:00:00,Posted
DOC003692,INV-003692,Purchase_Order,2023-03-20 00:00:00,Cancelled
DOC003693,INV-003693,Stock_Movement,2024-01-24 00:00:00,Approved
DOC003694,INV-003694,Payroll,2023-03-15 00:00:00,Posted
DOC003695,INV-003695,Budget_Entry,2025-10-25 00:00:00,Posted
DOC003696,INV-003696,Stock_Movement,2023-03-23 00:00:00,Posted
DOC003697,INV-003697,Payroll,2025-02-14 00:00:00,Approved
DOC003698,INV-003698,Sales_Invoice,2025-09-17 00:00:00,Posted
DOC003699,INV-003699,Sales_Invoice,2023-10-05 00:00:00,Posted
DOC003700,INV-003700,Purchase_Order,2025-04-19 00:00:00,Posted
DOC003701,INV-003701,Budget_Entry,2023-08-12 00:00:00,Posted
DOC003702,INV-003702,Sales_Invoice,2025-12-27 00:00:00,Posted
DOC003703,INV-003703,Payroll,2024-08-28 00:00:00,Posted
DOC003704,INV-003704,Payroll,2023-01-19 00:00:00,Posted
DOC003705,INV-003705,Sales_Invoice,2024-10-01 00:00:00,Posted
DOC003706,INV-003706,Payroll,2023-04-07 00:00:00,Posted
DOC003707,INV-003707,Payroll,2025-12-11 00:00:00,Cancelled
DOC003708,INV-003708,Purchase_Order,2023-06-24 00:00:00,Approved
DOC003709,INV-003709,Budget_Entry,2023-12-14 00:00:00,Posted
DOC003710,INV-003710,Purchase_Order,2023-01-01 00:00:00,Posted
DOC003711,INV-003711,Budget_Entry,2023-03-04 00:00:00,Posted
DOC003712,INV-003712,Payroll,2023-08-14 00:00:00,Posted
DOC003713,INV-003713,Budget_Entry,2024-02-27 00:00:00,Posted
DOC003714,INV-003714,Payroll,2025-11-08 00:00:00,Draft
DOC003715,INV-003715,Payroll,2023-01-31 00:00:00,Posted
DOC003716,INV-003716,Purchase_Order,2025-04-24 00:00:00,Posted
DOC003717,INV-003717,Purchase_Order,2024-09-24 00:00:00,Cancelled
DOC003718,INV-003718,Stock_Movement,2023-01-24 00:00:00,Posted
DOC003719,INV-003719,Sales_Invoice,2025-04-16 00:00:00,Posted
DOC003720,INV-003720,Stock_Movement,2025-09-09 00:00:00,Posted
DOC003721,INV-003721,Stock_Movement,2023-06-10 00:00:00,Posted
DOC003722,INV-003722,Budget_Entry,2023-04-24 00:00:00,Posted
DOC003723,INV-003723,Payroll,2024-05-18 00:00:00,Posted
DOC003724,INV-003724,Payroll,2025-08-12 00:00:00,Draft
DOC003725,INV-003725,Payroll,2023-12-23 00:00:00,Cancelled
DOC003726,INV-003726,Sales_Invoice,2023-06-18 00:00:00,Posted
DOC003727,INV-003727,Budget_Entry,2025-08-26 00:00:00,Posted
DOC003728,INV-003728,Budget_Entry,2023-08-30 00:00:00,Posted
DOC003729,INV-003729,Payroll,2023-05-19 00:00:00,Posted
DOC003730,INV-003730,Stock_Movement,2023-04-07 00:00:00,Posted
DOC003731,INV-003731,Sales_Invoice,2023-05-27 00:00:00,Posted
DOC003732,INV-003732,Stock_Movement,2025-12-16 00:00:00,Posted
DOC003733,INV-003733,Purchase_Order,2025-12-01 00:00:00,Posted
DOC003734,INV-003734,Budget_Entry,2025-05-15 00:00:00,Posted
DOC003735,INV-003735,Budget_Entry,2024-06-26 00:00:00,Posted
DOC003736,INV-003736,Stock_Movement,2024-11-22 00:00:00,Posted
DOC003737,INV-003737,Sales_Invoice,2025-10-22 00:00:00,Posted
DOC003738,INV-003738,Budget_Entry,2025-06-22 00:00:00,Posted
DOC003739,INV-003739,Stock_Movement,2024-12-30 00:00:00,Posted
DOC003740,INV-003740,Sales_Invoice,2023-11-27 00:00:00,Posted
DOC003741,INV-003741,Stock_Movement,2024-09-08 00:00:00,Posted
DOC003742,INV-003742,Sales_Invoice,2024-02-08 00:00:00,Posted
DOC003743,INV-003743,Payroll,2024-05-22 00:00:00,Posted
DOC003744,INV-003744,Sales_Invoice,2025-11-04 00:00:00,Posted
DOC003745,INV-003745,Purchase_Order,2023-08-14 00:00:00,Posted
DOC003746,INV-003746,Payroll,2025-09-10 00:00:00,Approved
DOC003747,INV-003747,Stock_Movement,2025-05-14 00:00:00,Posted
DOC003748,INV-003748,Payroll,2025-01-14 00:00:00,Posted
DOC003749,INV-003749,Payroll,2024-05-07 00:00:00,Posted
DOC003750,INV-003750,Stock_Movement,2023-11-15 00:00:00,Posted
DOC003751,INV-003751,Stock_Movement,2025-02-11 00:00:00,Posted
DOC003752,INV-003752,Purchase_Order,2024-03-27 00:00:00,Posted
DOC003753,INV-003753,Stock_Movement,2025-08-01 00:00:00,Posted
DOC003754,INV-003754,Budget_Entry,2025-04-27 00:00:00,Posted
DOC003755,INV-003755,Budget_Entry,2025-10-13 00:00:00,Posted
DOC003756,INV-003756,Purchase_Order,2025-06-02 00:00:00,Posted
DOC003757,INV-003757,Sales_Invoice,2024-02-23 00:00:00,Posted
DOC003758,INV-003758,Sales_Invoice,2025-05-14 00:00:00,Posted
DOC003759,INV-003759,Budget_Entry,2025-02-27 00:00:00,Posted
DOC003760,INV-003760,Stock_Movement,2024-05-09 00:00:00,Posted
DOC003761,INV-003761,Purchase_Order,2025-11-28 00:00:00,Posted
DOC003762,INV-003762,Sales_Invoice,2023-06-11 00:00:00,Posted
DOC003763,INV-003763,Sales_Invoice,2023-05-01 00:00:00,Posted
DOC003764,INV-003764,Payroll,2024-02-03 00:00:00,Posted
DOC003765,INV-003765,Budget_Entry,2024-12-28 00:00:00,Posted
DOC003766,INV-003766,Stock_Movement,2024-07-14 00:00:00,Posted
DOC003767,INV-003767,Purchase_Order,2024-08-26 00:00:00,Posted
DOC003768,INV-003768,Sales_Invoice,2024-06-23 00:00:00,Posted
DOC003769,INV-003769,Payroll,2023-12-22 00:00:00,Posted
DOC003770,INV-003770,Budget_Entry,2024-10-21 00:00:00,Approved
DOC003771,INV-003771,Budget_Entry,2024-03-07 00:00:00,Approved
DOC003772,INV-003772,Purchase_Order,2025-12-24 00:00:00,Posted
DOC003773,INV-003773,Sales_Invoice,2024-07-16 00:00:00,Approved
DOC003774,INV-003774,Purchase_Order,2025-03-27 00:00:00,Posted
DOC003775,INV-003775,Purchase_Order,2024-12-11 00:00:00,Posted
DOC003776,INV-003776,Payroll,2023-01-12 00:00:00,Draft
DOC003777,INV-003777,Budget_Entry,2023-08-27 00:00:00,Posted
DOC003778,INV-003778,Stock_Movement,2024-03-28 00:00:00,Posted
DOC003779,INV-003779,Budget_Entry,2024-01-18 00:00:00,Posted
DOC003780,INV-003780,Budget_Entry,2025-02-20 00:00:00,Posted
DOC003781,INV-003781,Payroll,2023-02-17 00:00:00,Posted
DOC003782,INV-003782,Stock_Movement,2023-11-13 00:00:00,Posted
DOC003783,INV-003783,Sales_Invoice,2023-07-28 00:00:00,Posted
DOC003784,INV-003784,Stock_Movement,2024-07-30 00:00:00,Posted
DOC003785,INV-003785,Sales_Invoice,2023-11-11 00:00:00,Posted
DOC003786,INV-003786,Stock_Movement,2025-01-23 00:00:00,Posted
DOC003787,INV-003787,Purchase_Order,2025-11-25 00:00:00,Posted
DOC003788,INV-003788,Stock_Movement,2025-07-03 00:00:00,Posted
DOC003789,INV-003789,Payroll,2025-01-24 00:00:00,Draft
DOC003790,INV-003790,Sales_Invoice,2024-07-07 00:00:00,Posted
DOC003791,INV-003791,Budget_Entry,2024-02-07 00:00:00,Draft
DOC003792,INV-003792,Payroll,2023-02-08 00:00:00,Posted
DOC003793,INV-003793,Sales_Invoice,2024-08-03 00:00:00,Posted
DOC003794,INV-003794,Sales_Invoice,2023-06-29 00:00:00,Posted
DOC003795,INV-003795,Budget_Entry,2023-01-12 00:00:00,Posted
DOC003796,INV-003796,Purchase_Order,2025-07-31 00:00:00,Posted
DOC003797,INV-003797,Payroll,2024-07-01 00:00:00,Posted
DOC003798,INV-003798,Budget_Entry,2023-03-04 00:00:00,Posted
DOC003799,INV-003799,Budget_Entry,2025-04-23 00:00:00,Posted
DOC003800,INV-003800,Purchase_Order,2025-10-05 00:00:00,Posted
DOC003801,INV-003801,Payroll,2023-02-03 00:00:00,Posted
DOC003802,INV-003802,Budget_Entry,2025-01-21 00:00:00,Posted
DOC003803,INV-003803,Purchase_Order,2023-02-18 00:00:00,Cancelled
DOC003804,INV-003804,Payroll,2024-10-19 00:00:00,Draft
DOC003805,INV-003805,Stock_Movement,2024-12-01 00:00:00,Posted
DOC003806,INV-003806,Sales_Invoice,2025-12-16 00:00:00,Posted
DOC003807,INV-003807,Purchase_Order,2023-04-19 00:00:00,Draft
DOC003808,INV-003808,Sales_Invoice,2025-09-11 00:00:00,Posted
DOC003809,INV-003809,Stock_Movement,2023-01-24 00:00:00,Posted
DOC003810,INV-003810,Budget_Entry,2023-08-09 00:00:00,Posted
DOC003811,INV-003811,Budget_Entry,2023-11-11 00:00:00,Posted
DOC003812,INV-003812,Payroll,2023-10-21 00:00:00,Posted
DOC003813,INV-003813,Purchase_Order,2025-10-30 00:00:00,Posted
DOC003814,INV-003814,Purchase_Order,2025-10-16 00:00:00,Posted
DOC003815,INV-003815,Payroll,2025-10-14 00:00:00,Posted
DOC003816,INV-003816,Sales_Invoice,2024-09-29 00:00:00,Posted
DOC003817,INV-003817,Budget_Entry,2023-09-24 00:00:00,Approved
DOC003818,INV-003818,Budget_Entry,2023-03-29 00:00:00,Posted
DOC003819,INV-003819,Purchase_Order,2024-03-30 00:00:00,Posted
DOC003820,INV-003820,Purchase_Order,2025-01-26 00:00:00,Posted
DOC003821,INV-003821,Payroll,2024-03-06 00:00:00,Posted
DOC003822,INV-003822,Stock_Movement,2025-06-29 00:00:00,Posted
DOC003823,INV-003823,Sales_Invoice,2023-08-30 00:00:00,Posted
DOC003824,INV-003824,Stock_Movement,2024-12-02 00:00:00,Posted
DOC003825,INV-003825,Stock_Movement,2025-06-20 00:00:00,Posted
DOC003826,INV-003826,Purchase_Order,2025-01-10 00:00:00,Posted
DOC003827,INV-003827,Purchase_Order,2023-03-07 00:00:00,Posted
DOC003828,INV-003828,Purchase_Order,2025-08-29 00:00:00,Posted
DOC003829,INV-003829,Stock_Movement,2024-01-13 00:00:00,Posted
DOC003830,INV-003830,Sales_Invoice,2024-01-23 00:00:00,Posted
DOC003831,INV-003831,Purchase_Order,2025-02-19 00:00:00,Posted
DOC003832,INV-003832,Budget_Entry,2023-07-28 00:00:00,Posted
DOC003833,INV-003833,Sales_Invoice,2023-01-16 00:00:00,Cancelled
DOC003834,INV-003834,Budget_Entry,2025-09-12 00:00:00,Posted
DOC003835,INV-003835,Sales_Invoice,2024-01-02 00:00:00,Cancelled
DOC003836,INV-003836,Purchase_Order,2025-02-18 00:00:00,Posted
DOC003837,INV-003837,Payroll,2024-03-15 00:00:00,Posted
DOC003838,INV-003838,Purchase_Order,2024-11-20 00:00:00,Posted
DOC003839,INV-003839,Stock_Movement,2025-11-25 00:00:00,Posted
DOC003840,INV-003840,Stock_Movement,2025-04-26 00:00:00,Draft
DOC003841,INV-003841,Sales_Invoice,2024-02-26 00:00:00,Posted
DOC003842,INV-003842,Stock_Movement,2024-08-30 00:00:00,Posted
DOC003843,INV-003843,Purchase_Order,2023-01-20 00:00:00,Posted
DOC003844,INV-003844,Budget_Entry,2024-11-06 00:00:00,Posted
DOC003845,INV-003845,Purchase_Order,2024-01-17 00:00:00,Posted
DOC003846,INV-003846,Sales_Invoice,2024-08-31 00:00:00,Cancelled
DOC003847,INV-003847,Stock_Movement,2023-05-23 00:00:00,Posted
DOC003848,INV-003848,Budget_Entry,2023-03-03 00:00:00,Posted
DOC003849,INV-003849,Payroll,2023-08-26 00:00:00,Posted
DOC003850,INV-003850,Budget_Entry,2025-07-15 00:00:00,Posted
DOC003851,INV-003851,Budget_Entry,2023-12-08 00:00:00,Posted
DOC003852,INV-003852,Purchase_Order,2024-03-30 00:00:00,Posted
DOC003853,INV-003853,Payroll,2023-10-09 00:00:00,Posted
DOC003854,INV-003854,Sales_Invoice,2025-06-04 00:00:00,Posted
DOC003855,INV-003855,Sales_Invoice,2025-10-21 00:00:00,Posted
DOC003856,INV-003856,Budget_Entry,2024-12-23 00:00:00,Posted
DOC003857,INV-003857,Budget_Entry,2023-03-28 00:00:00,Posted
DOC003858,INV-003858,Stock_Movement,2024-10-26 00:00:00,Posted
DOC003859,INV-003859,Payroll,2025-05-11 00:00:00,Posted
DOC003860,INV-003860,Budget_Entry,2023-03-02 00:00:00,Posted
DOC003861,INV-003861,Stock_Movement,2025-03-07 00:00:00,Posted
DOC003862,INV-003862,Payroll,2023-04-05 00:00:00,Posted
DOC003863,INV-003863,Sales_Invoice,2025-02-24 00:00:00,Cancelled
DOC003864,INV-003864,Stock_Movement,2025-08-18 00:00:00,Posted
DOC003865,INV-003865,Payroll,2023-10-24 00:00:00,Posted
DOC003866,INV-003866,Stock_Movement,2024-11-24 00:00:00,Posted
DOC003867,INV-003867,Budget_Entry,2024-02-03 00:00:00,Cancelled
DOC003868,INV-003868,Purchase_Order,2025-08-03 00:00:00,Posted
DOC003869,INV-003869,Sales_Invoice,2024-06-17 00:00:00,Posted
DOC003870,INV-003870,Budget_Entry,2024-02-06 00:00:00,Approved
DOC003871,INV-003871,Budget_Entry,2023-05-10 00:00:00,Posted
DOC003872,INV-003872,Payroll,2023-10-19 00:00:00,Posted
DOC003873,INV-003873,Stock_Movement,2023-10-03 00:00:00,Posted
DOC003874,INV-003874,Sales_Invoice,2025-06-30 00:00:00,Posted
DOC003875,INV-003875,Budget_Entry,2025-07-14 00:00:00,Posted
DOC003876,INV-003876,Payroll,2023-02-24 00:00:00,Approved
DOC003877,INV-003877,Sales_Invoice,2025-01-08 00:00:00,Posted
DOC003878,INV-003878,Stock_Movement,2025-11-15 00:00:00,Posted
DOC003879,INV-003879,Budget_Entry,2025-02-03 00:00:00,Posted
DOC003880,INV-003880,Budget_Entry,2024-10-03 00:00:00,Posted
DOC003881,INV-003881,Budget_Entry,2024-12-24 00:00:00,Posted
DOC003882,INV-003882,Sales_Invoice,2025-03-12 00:00:00,Approved
DOC003883,INV-003883,Sales_Invoice,2025-01-07 00:00:00,Posted
DOC003884,INV-003884,Sales_Invoice,2025-01-27 00:00:00,Posted
DOC003885,INV-003885,Sales_Invoice,2024-07-20 00:00:00,Posted
DOC003886,INV-003886,Payroll,2023-12-06 00:00:00,Posted
DOC003887,INV-003887,Purchase_Order,2023-06-02 00:00:00,Posted
DOC003888,INV-003888,Payroll,2025-09-30 00:00:00,Posted
DOC003889,INV-003889,Budget_Entry,2024-03-02 00:00:00,Posted
DOC003890,INV-003890,Payroll,2025-09-29 00:00:00,Posted
DOC003891,INV-003891,Stock_Movement,2023-07-23 00:00:00,Cancelled
DOC003892,INV-003892,Sales_Invoice,2023-11-21 00:00:00,Posted
DOC003893,INV-003893,Stock_Movement,2025-08-07 00:00:00,Draft
DOC003894,INV-003894,Stock_Movement,2025-08-08 00:00:00,Approved
DOC003895,INV-003895,Budget_Entry,2025-07-27 00:00:00,Draft
DOC003896,INV-003896,Sales_Invoice,2025-08-14 00:00:00,Cancelled
DOC003897,INV-003897,Stock_Movement,2025-06-12 00:00:00,Posted
DOC003898,INV-003898,Budget_Entry,2024-03-10 00:00:00,Posted
DOC003899,INV-003899,Sales_Invoice,2024-01-06 00:00:00,Cancelled
DOC003900,INV-003900,Purchase_Order,2025-07-21 00:00:00,Posted
DOC003901,INV-003901,Budget_Entry,2023-09-06 00:00:00,Draft
DOC003902,INV-003902,Payroll,2025-06-09 00:00:00,Approved
DOC003903,INV-003903,Sales_Invoice,2023-06-30 00:00:00,Posted
DOC003904,INV-003904,Stock_Movement,2024-12-03 00:00:00,Posted
DOC003905,INV-003905,Stock_Movement,2025-09-25 00:00:00,Posted
DOC003906,INV-003906,Payroll,2023-03-19 00:00:00,Posted
DOC003907,INV-003907,Payroll,2025-07-07 00:00:00,Posted
DOC003908,INV-003908,Stock_Movement,2025-06-03 00:00:00,Posted
DOC003909,INV-003909,Sales_Invoice,2023-12-02 00:00:00,Posted
DOC003910,INV-003910,Budget_Entry,2023-02-19 00:00:00,Posted
DOC003911,INV-003911,Payroll,2023-03-26 00:00:00,Approved
DOC003912,INV-003912,Payroll,2024-11-25 00:00:00,Posted
DOC003913,INV-003913,Payroll,2023-01-04 00:00:00,Approved
DOC003914,INV-003914,Purchase_Order,2025-09-19 00:00:00,Approved
DOC003915,INV-003915,Sales_Invoice,2023-11-13 00:00:00,Posted
DOC003916,INV-003916,Sales_Invoice,2025-02-01 00:00:00,Posted
DOC003917,INV-003917,Sales_Invoice,2024-09-03 00:00:00,Posted
DOC003918,INV-003918,Sales_Invoice,2025-10-01 00:00:00,Cancelled
DOC003919,INV-003919,Sales_Invoice,2025-07-02 00:00:00,Posted
DOC003920,INV-003920,Stock_Movement,2025-03-09 00:00:00,Posted
DOC003921,INV-003921,Payroll,2023-04-29 00:00:00,Approved
DOC003922,INV-003922,Stock_Movement,2023-12-16 00:00:00,Posted
DOC003923,INV-003923,Purchase_Order,2025-07-05 00:00:00,Posted
DOC003924,INV-003924,Budget_Entry,2024-11-17 00:00:00,Posted
DOC003925,INV-003925,Payroll,2024-06-25 00:00:00,Posted
DOC003926,INV-003926,Purchase_Order,2025-12-14 00:00:00,Approved
DOC003927,INV-003927,Stock_Movement,2023-12-27 00:00:00,Posted
DOC003928,INV-003928,Budget_Entry,2024-12-08 00:00:00,Approved
DOC003929,INV-003929,Purchase_Order,2024-11-15 00:00:00,Posted
DOC003930,INV-003930,Budget_Entry,2023-11-26 00:00:00,Posted
DOC003931,INV-003931,Purchase_Order,2023-08-07 00:00:00,Approved
DOC003932,INV-003932,Stock_Movement,2023-07-27 00:00:00,Posted
DOC003933,INV-003933,Budget_Entry,2025-04-24 00:00:00,Posted
DOC003934,INV-003934,Purchase_Order,2023-03-26 00:00:00,Posted
DOC003935,INV-003935,Stock_Movement,2024-11-15 00:00:00,Draft
DOC003936,INV-003936,Payroll,2023-09-02 00:00:00,Cancelled
DOC003937,INV-003937,Stock_Movement,2025-05-21 00:00:00,Posted
DOC003938,INV-003938,Stock_Movement,2025-10-19 00:00:00,Posted
DOC003939,INV-003939,Payroll,2024-08-18 00:00:00,Posted
DOC003940,INV-003940,Stock_Movement,2024-11-15 00:00:00,Posted
DOC003941,INV-003941,Payroll,2025-10-10 00:00:00,Posted
DOC003942,INV-003942,Payroll,2025-10-10 00:00:00,Posted
DOC003943,INV-003943,Payroll,2023-12-16 00:00:00,Draft
DOC003944,INV-003944,Purchase_Order,2023-10-09 00:00:00,Posted
DOC003945,INV-003945,Budget_Entry,2023-10-20 00:00:00,Posted
DOC003946,INV-003946,Purchase_Order,2025-09-10 00:00:00,Posted
DOC003947,INV-003947,Payroll,2023-01-20 00:00:00,Approved
DOC003948,INV-003948,Budget_Entry,2025-01-28 00:00:00,Posted
DOC003949,INV-003949,Budget_Entry,2024-02-09 00:00:00,Posted
DOC003950,INV-003950,Payroll,2024-12-01 00:00:00,Posted
DOC003951,INV-003951,Budget_Entry,2025-09-06 00:00:00,Approved
DOC003952,INV-003952,Budget_Entry,2023-01-26 00:00:00,Posted
DOC003953,INV-003953,Purchase_Order,2024-07-19 00:00:00,Posted
DOC003954,INV-003954,Budget_Entry,2024-01-30 00:00:00,Posted
DOC003955,INV-003955,Payroll,2025-09-27 00:00:00,Posted
DOC003956,INV-003956,Sales_Invoice,2024-06-06 00:00:00,Posted
DOC003957,INV-003957,Sales_Invoice,2025-05-11 00:00:00,Posted
DOC003958,INV-003958,Sales_Invoice,2025-03-12 00:00:00,Posted
DOC003959,INV-003959,Payroll,2024-07-03 00:00:00,Draft
DOC003960,INV-003960,Sales_Invoice,2023-03-28 00:00:00,Posted
DOC003961,INV-003961,Purchase_Order,2025-04-12 00:00:00,Approved
DOC003962,INV-003962,Payroll,2024-01-22 00:00:00,Posted
DOC003963,INV-003963,Payroll,2025-08-20 00:00:00,Posted
DOC003964,INV-003964,Payroll,2024-10-29 00:00:00,Posted
DOC003965,INV-003965,Budget_Entry,2023-10-13 00:00:00,Posted
DOC003966,INV-003966,Budget_Entry,2024-11-28 00:00:00,Posted
DOC003967,INV-003967,Budget_Entry,2025-08-22 00:00:00,Posted
DOC003968,INV-003968,Stock_Movement,2024-01-04 00:00:00,Posted
DOC003969,INV-003969,Purchase_Order,2024-10-16 00:00:00,Posted
DOC003970,INV-003970,Payroll,2024-10-15 00:00:00,Posted
DOC003971,INV-003971,Payroll,2024-11-27 00:00:00,Approved
DOC003972,INV-003972,Budget_Entry,2025-10-20 00:00:00,Posted
DOC003973,INV-003973,Payroll,2025-07-03 00:00:00,Posted
DOC003974,INV-003974,Payroll,2023-10-15 00:00:00,Posted
DOC003975,INV-003975,Sales_Invoice,2023-04-05 00:00:00,Posted
DOC003976,INV-003976,Payroll,2024-10-30 00:00:00,Posted
DOC003977,INV-003977,Stock_Movement,2023-02-10 00:00:00,Posted
DOC003978,INV-003978,Budget_Entry,2023-11-27 00:00:00,Approved
DOC003979,INV-003979,Purchase_Order,2024-05-18 00:00:00,Posted
DOC003980,INV-003980,Purchase_Order,2023-10-02 00:00:00,Approved
DOC003981,INV-003981,Sales_Invoice,2023-06-28 00:00:00,Posted
DOC003982,INV-003982,Purchase_Order,2023-05-17 00:00:00,Posted
DOC003983,INV-003983,Purchase_Order,2025-02-05 00:00:00,Posted
DOC003984,INV-003984,Budget_Entry,2025-09-14 00:00:00,Posted
DOC003985,INV-003985,Budget_Entry,2023-08-31 00:00:00,Posted
DOC003986,INV-003986,Stock_Movement,2023-07-16 00:00:00,Posted
DOC003987,INV-003987,Sales_Invoice,2024-06-09 00:00:00,Posted
DOC003988,INV-003988,Purchase_Order,2024-09-23 00:00:00,Posted
DOC003989,INV-003989,Stock_Movement,2024-02-12 00:00:00,Posted
DOC003990,INV-003990,Sales_Invoice,2024-11-21 00:00:00,Posted
DOC003991,INV-003991,Purchase_Order,2023-06-19 00:00:00,Posted
DOC003992,INV-003992,Purchase_Order,2023-06-08 00:00:00,Posted
DOC003993,INV-003993,Budget_Entry,2024-03-22 00:00:00,Posted
DOC003994,INV-003994,Payroll,2025-10-14 00:00:00,Posted
DOC003995,INV-003995,Sales_Invoice,2025-12-16 00:00:00,Posted
DOC003996,INV-003996,Purchase_Order,2023-04-22 00:00:00,Posted
DOC003997,INV-003997,Sales_Invoice,2023-02-17 00:00:00,Posted
DOC003998,INV-003998,Stock_Movement,2024-01-11 00:00:00,Posted
DOC003999,INV-003999,Stock_Movement,2025-04-07 00:00:00,Posted
DOC004000,INV-004000,Payroll,2023-02-02 00:00:00,Posted
DOC004001,INV-004001,Purchase_Order,2024-05-18 00:00:00,Posted
DOC004002,INV-004002,Budget_Entry,2024-09-18 00:00:00,Posted
DOC004003,INV-004003,Purchase_Order,2025-10-23 00:00:00,Posted
DOC004004,INV-004004,Sales_Invoice,2023-02-11 00:00:00,Approved
DOC004005,INV-004005,Stock_Movement,2023-01-09 00:00:00,Posted
DOC004006,INV-004006,Sales_Invoice,2025-09-26 00:00:00,Posted
DOC004007,INV-004007,Payroll,2025-03-29 00:00:00,Posted
DOC004008,INV-004008,Stock_Movement,2024-10-18 00:00:00,Posted
DOC004009,INV-004009,Budget_Entry,2025-02-28 00:00:00,Posted
DOC004010,INV-004010,Stock_Movement,2025-11-16 00:00:00,Posted
DOC004011,INV-004011,Purchase_Order,2025-12-02 00:00:00,Cancelled
DOC004012,INV-004012,Purchase_Order,2024-08-20 00:00:00,Posted
DOC004013,INV-004013,Stock_Movement,2025-07-24 00:00:00,Posted
DOC004014,INV-004014,Payroll,2025-10-08 00:00:00,Posted
DOC004015,INV-004015,Purchase_Order,2023-01-21 00:00:00,Posted
DOC004016,INV-004016,Purchase_Order,2025-09-25 00:00:00,Posted
DOC004017,INV-004017,Budget_Entry,2024-04-01 00:00:00,Posted
DOC004018,INV-004018,Stock_Movement,2025-10-10 00:00:00,Posted
DOC004019,INV-004019,Purchase_Order,2023-09-22 00:00:00,Approved
DOC004020,INV-004020,Payroll,2023-07-03 00:00:00,Posted
DOC004021,INV-004021,Sales_Invoice,2023-08-15 00:00:00,Posted
DOC004022,INV-004022,Stock_Movement,2025-12-28 00:00:00,Posted
DOC004023,INV-004023,Budget_Entry,2025-08-26 00:00:00,Posted
DOC004024,INV-004024,Purchase_Order,2025-03-15 00:00:00,Posted
DOC004025,INV-004025,Payroll,2024-12-23 00:00:00,Posted
DOC004026,INV-004026,Stock_Movement,2025-12-31 00:00:00,Posted
DOC004027,INV-004027,Payroll,2025-09-28 00:00:00,Cancelled
DOC004028,INV-004028,Payroll,2025-05-24 00:00:00,Posted
DOC004029,INV-004029,Budget_Entry,2023-03-25 00:00:00,Posted
DOC004030,INV-004030,Stock_Movement,2025-01-09 00:00:00,Posted
DOC004031,INV-004031,Purchase_Order,2023-08-11 00:00:00,Approved
DOC004032,INV-004032,Budget_Entry,2025-03-03 00:00:00,Posted
DOC004033,INV-004033,Purchase_Order,2025-01-02 00:00:00,Posted
DOC004034,INV-004034,Sales_Invoice,2024-02-09 00:00:00,Posted
DOC004035,INV-004035,Payroll,2023-11-25 00:00:00,Posted
DOC004036,INV-004036,Sales_Invoice,2024-03-01 00:00:00,Posted
DOC004037,INV-004037,Payroll,2025-02-08 00:00:00,Posted
DOC004038,INV-004038,Budget_Entry,2024-08-30 00:00:00,Posted
DOC004039,INV-004039,Purchase_Order,2024-06-09 00:00:00,Cancelled
DOC004040,INV-004040,Purchase_Order,2024-09-16 00:00:00,Posted
DOC004041,INV-004041,Budget_Entry,2023-03-18 00:00:00,Approved
DOC004042,INV-004042,Stock_Movement,2025-07-08 00:00:00,Posted
DOC004043,INV-004043,Sales_Invoice,2025-08-03 00:00:00,Posted
DOC004044,INV-004044,Sales_Invoice,2024-04-10 00:00:00,Draft
DOC004045,INV-004045,Purchase_Order,2024-05-06 00:00:00,Approved
DOC004046,INV-004046,Purchase_Order,2023-11-09 00:00:00,Approved
DOC004047,INV-004047,Purchase_Order,2023-11-04 00:00:00,Posted
DOC004048,INV-004048,Budget_Entry,2024-11-21 00:00:00,Posted
DOC004049,INV-004049,Stock_Movement,2023-03-30 00:00:00,Posted
DOC004050,INV-004050,Sales_Invoice,2025-01-04 00:00:00,Approved
DOC004051,INV-004051,Payroll,2025-02-16 00:00:00,Posted
DOC004052,INV-004052,Budget_Entry,2025-01-20 00:00:00,Posted
DOC004053,INV-004053,Sales_Invoice,2024-01-06 00:00:00,Posted
DOC004054,INV-004054,Stock_Movement,2024-03-26 00:00:00,Posted
DOC004055,INV-004055,Budget_Entry,2023-06-16 00:00:00,Posted
DOC004056,INV-004056,Sales_Invoice,2024-01-27 00:00:00,Posted
DOC004057,INV-004057,Budget_Entry,2025-01-05 00:00:00,Posted
DOC004058,INV-004058,Sales_Invoice,2024-05-05 00:00:00,Posted
DOC004059,INV-004059,Sales_Invoice,2025-07-13 00:00:00,Posted
DOC004060,INV-004060,Stock_Movement,2025-12-02 00:00:00,Posted
DOC004061,INV-004061,Payroll,2025-08-02 00:00:00,Posted
DOC004062,INV-004062,Stock_Movement,2023-01-29 00:00:00,Posted
DOC004063,INV-004063,Sales_Invoice,2025-11-20 00:00:00,Posted
DOC004064,INV-004064,Budget_Entry,2024-11-23 00:00:00,Posted
DOC004065,INV-004065,Stock_Movement,2023-05-08 00:00:00,Approved
DOC004066,INV-004066,Payroll,2025-02-05 00:00:00,Posted
DOC004067,INV-004067,Sales_Invoice,2024-03-16 00:00:00,Posted
DOC004068,INV-004068,Stock_Movement,2025-05-18 00:00:00,Posted
DOC004069,INV-004069,Stock_Movement,2024-06-07 00:00:00,Posted
DOC004070,INV-004070,Stock_Movement,2025-01-29 00:00:00,Approved
DOC004071,INV-004071,Stock_Movement,2023-04-20 00:00:00,Posted
DOC004072,INV-004072,Budget_Entry,2023-06-12 00:00:00,Draft
DOC004073,INV-004073,Payroll,2024-07-13 00:00:00,Posted
DOC004074,INV-004074,Payroll,2024-02-03 00:00:00,Approved
DOC004075,INV-004075,Sales_Invoice,2024-08-05 00:00:00,Posted
DOC004076,INV-004076,Purchase_Order,2024-02-03 00:00:00,Posted
DOC004077,INV-004077,Budget_Entry,2023-08-27 00:00:00,Posted
DOC004078,INV-004078,Sales_Invoice,2025-11-21 00:00:00,Draft
DOC004079,INV-004079,Sales_Invoice,2023-04-20 00:00:00,Posted
DOC004080,INV-004080,Stock_Movement,2023-10-27 00:00:00,Posted
DOC004081,INV-004081,Purchase_Order,2025-09-28 00:00:00,Posted
DOC004082,INV-004082,Purchase_Order,2025-02-02 00:00:00,Posted
DOC004083,INV-004083,Budget_Entry,2023-09-06 00:00:00,Posted
DOC004084,INV-004084,Purchase_Order,2024-06-04 00:00:00,Posted
DOC004085,INV-004085,Sales_Invoice,2023-02-03 00:00:00,Posted
DOC004086,INV-004086,Purchase_Order,2023-08-16 00:00:00,Cancelled
DOC004087,INV-004087,Purchase_Order,2024-08-07 00:00:00,Approved
DOC004088,INV-004088,Payroll,2025-08-15 00:00:00,Draft
DOC004089,INV-004089,Sales_Invoice,2025-03-23 00:00:00,Posted
DOC004090,INV-004090,Purchase_Order,2024-12-24 00:00:00,Posted
DOC004091,INV-004091,Purchase_Order,2024-08-06 00:00:00,Cancelled
DOC004092,INV-004092,Stock_Movement,2024-07-23 00:00:00,Posted
DOC004093,INV-004093,Purchase_Order,2023-08-08 00:00:00,Posted
DOC004094,INV-004094,Purchase_Order,2025-02-25 00:00:00,Posted
DOC004095,INV-004095,Payroll,2024-06-11 00:00:00,Posted
DOC004096,INV-004096,Sales_Invoice,2023-03-16 00:00:00,Posted
DOC004097,INV-004097,Budget_Entry,2023-05-16 00:00:00,Posted
DOC004098,INV-004098,Sales_Invoice,2023-03-15 00:00:00,Posted
DOC004099,INV-004099,Stock_Movement,2023-09-11 00:00:00,Posted
DOC004100,INV-004100,Sales_Invoice,2025-11-07 00:00:00,Posted
DOC004101,INV-004101,Purchase_Order,2025-10-18 00:00:00,Posted
DOC004102,INV-004102,Stock_Movement,2025-12-02 00:00:00,Posted
DOC004103,INV-004103,Sales_Invoice,2023-02-19 00:00:00,Posted
DOC004104,INV-004104,Stock_Movement,2024-05-29 00:00:00,Draft
DOC004105,INV-004105,Budget_Entry,2025-01-13 00:00:00,Posted
DOC004106,INV-004106,Sales_Invoice,2024-12-31 00:00:00,Posted
DOC004107,INV-004107,Purchase_Order,2024-07-24 00:00:00,Posted
DOC004108,INV-004108,Stock_Movement,2024-07-29 00:00:00,Posted
DOC004109,INV-004109,Payroll,2025-06-21 00:00:00,Posted
DOC004110,INV-004110,Stock_Movement,2023-07-21 00:00:00,Posted
DOC004111,INV-004111,Payroll,2023-07-26 00:00:00,Approved
DOC004112,INV-004112,Purchase_Order,2024-02-19 00:00:00,Cancelled
DOC004113,INV-004113,Budget_Entry,2023-08-09 00:00:00,Posted
DOC004114,INV-004114,Payroll,2025-01-27 00:00:00,Approved
DOC004115,INV-004115,Budget_Entry,2025-02-01 00:00:00,Posted
DOC004116,INV-004116,Stock_Movement,2024-07-16 00:00:00,Posted
DOC004117,INV-004117,Purchase_Order,2024-01-04 00:00:00,Cancelled
DOC004118,INV-004118,Payroll,2025-06-14 00:00:00,Posted
DOC004119,INV-004119,Stock_Movement,2023-07-23 00:00:00,Posted
DOC004120,INV-004120,Sales_Invoice,2025-11-14 00:00:00,Posted
DOC004121,INV-004121,Stock_Movement,2025-08-14 00:00:00,Posted
DOC004122,INV-004122,Budget_Entry,2023-03-10 00:00:00,Posted
DOC004123,INV-004123,Purchase_Order,2024-05-30 00:00:00,Posted
DOC004124,INV-004124,Purchase_Order,2023-08-28 00:00:00,Approved
DOC004125,INV-004125,Stock_Movement,2023-12-27 00:00:00,Posted
DOC004126,INV-004126,Sales_Invoice,2025-11-20 00:00:00,Approved
DOC004127,INV-004127,Budget_Entry,2024-12-07 00:00:00,Posted
DOC004128,INV-004128,Stock_Movement,2024-11-20 00:00:00,Posted
DOC004129,INV-004129,Stock_Movement,2024-10-18 00:00:00,Posted
DOC004130,INV-004130,Purchase_Order,2023-12-10 00:00:00,Cancelled
DOC004131,INV-004131,Budget_Entry,2024-06-19 00:00:00,Cancelled
DOC004132,INV-004132,Sales_Invoice,2023-12-21 00:00:00,Posted
DOC004133,INV-004133,Purchase_Order,2025-07-16 00:00:00,Approved
DOC004134,INV-004134,Stock_Movement,2025-09-09 00:00:00,Posted
DOC004135,INV-004135,Purchase_Order,2023-04-15 00:00:00,Posted
DOC004136,INV-004136,Purchase_Order,2025-08-19 00:00:00,Posted
DOC004137,INV-004137,Payroll,2024-06-10 00:00:00,Posted
DOC004138,INV-004138,Purchase_Order,2024-05-18 00:00:00,Draft
DOC004139,INV-004139,Purchase_Order,2025-07-19 00:00:00,Posted
DOC004140,INV-004140,Budget_Entry,2024-12-09 00:00:00,Posted
DOC004141,INV-004141,Purchase_Order,2023-08-23 00:00:00,Approved
DOC004142,INV-004142,Sales_Invoice,2025-10-26 00:00:00,Posted
DOC004143,INV-004143,Stock_Movement,2024-05-08 00:00:00,Posted
DOC004144,INV-004144,Budget_Entry,2025-05-27 00:00:00,Posted
DOC004145,INV-004145,Purchase_Order,2025-08-24 00:00:00,Approved
DOC004146,INV-004146,Sales_Invoice,2025-08-23 00:00:00,Posted
DOC004147,INV-004147,Stock_Movement,2025-08-21 00:00:00,Posted
DOC004148,INV-004148,Budget_Entry,2025-06-15 00:00:00,Posted
DOC004149,INV-004149,Sales_Invoice,2023-08-05 00:00:00,Posted
DOC004150,INV-004150,Purchase_Order,2024-09-14 00:00:00,Posted
DOC004151,INV-004151,Payroll,2023-12-19 00:00:00,Approved
DOC004152,INV-004152,Payroll,2024-11-22 00:00:00,Posted
DOC004153,INV-004153,Budget_Entry,2024-11-05 00:00:00,Cancelled
DOC004154,INV-004154,Sales_Invoice,2024-09-22 00:00:00,Posted
DOC004155,INV-004155,Stock_Movement,2023-11-21 00:00:00,Posted
DOC004156,INV-004156,Sales_Invoice,2025-06-19 00:00:00,Posted
DOC004157,INV-004157,Payroll,2023-11-04 00:00:00,Posted
DOC004158,INV-004158,Budget_Entry,2024-10-15 00:00:00,Posted
DOC004159,INV-004159,Purchase_Order,2023-10-12 00:00:00,Posted
DOC004160,INV-004160,Sales_Invoice,2024-01-27 00:00:00,Posted
DOC004161,INV-004161,Payroll,2023-12-26 00:00:00,Posted
DOC004162,INV-004162,Stock_Movement,2025-02-07 00:00:00,Approved
DOC004163,INV-004163,Budget_Entry,2025-03-07 00:00:00,Posted
DOC004164,INV-004164,Purchase_Order,2025-07-20 00:00:00,Approved
DOC004165,INV-004165,Sales_Invoice,2023-06-14 00:00:00,Posted
DOC004166,INV-004166,Stock_Movement,2025-01-02 00:00:00,Posted
DOC004167,INV-004167,Purchase_Order,2024-08-03 00:00:00,Posted
DOC004168,INV-004168,Payroll,2025-03-31 00:00:00,Posted
DOC004169,INV-004169,Payroll,2023-05-04 00:00:00,Approved
DOC004170,INV-004170,Stock_Movement,2023-12-10 00:00:00,Posted
DOC004171,INV-004171,Payroll,2024-06-07 00:00:00,Posted
DOC004172,INV-004172,Budget_Entry,2025-12-11 00:00:00,Posted
DOC004173,INV-004173,Stock_Movement,2023-05-09 00:00:00,Cancelled
DOC004174,INV-004174,Payroll,2024-10-18 00:00:00,Posted
DOC004175,INV-004175,Sales_Invoice,2025-01-07 00:00:00,Draft
DOC004176,INV-004176,Payroll,2025-07-27 00:00:00,Posted
DOC004177,INV-004177,Budget_Entry,2023-03-12 00:00:00,Approved
DOC004178,INV-004178,Purchase_Order,2023-09-30 00:00:00,Approved
DOC004179,INV-004179,Purchase_Order,2025-10-23 00:00:00,Posted
DOC004180,INV-004180,Payroll,2023-01-22 00:00:00,Posted
DOC004181,INV-004181,Purchase_Order,2023-06-15 00:00:00,Posted
DOC004182,INV-004182,Payroll,2025-05-24 00:00:00,Posted
DOC004183,INV-004183,Budget_Entry,2024-05-12 00:00:00,Posted
DOC004184,INV-004184,Purchase_Order,2024-03-09 00:00:00,Posted
DOC004185,INV-004185,Sales_Invoice,2025-01-27 00:00:00,Posted
DOC004186,INV-004186,Payroll,2023-08-22 00:00:00,Posted
DOC004187,INV-004187,Purchase_Order,2025-04-16 00:00:00,Posted
DOC004188,INV-004188,Budget_Entry,2024-10-24 00:00:00,Posted
DOC004189,INV-004189,Budget_Entry,2024-12-25 00:00:00,Posted
DOC004190,INV-004190,Sales_Invoice,2024-01-11 00:00:00,Posted
DOC004191,INV-004191,Budget_Entry,2024-12-30 00:00:00,Posted
DOC004192,INV-004192,Budget_Entry,2023-10-30 00:00:00,Posted
DOC004193,INV-004193,Purchase_Order,2024-02-09 00:00:00,Posted
DOC004194,INV-004194,Payroll,2024-12-08 00:00:00,Posted
DOC004195,INV-004195,Stock_Movement,2025-07-05 00:00:00,Approved
DOC004196,INV-004196,Budget_Entry,2023-01-21 00:00:00,Posted
DOC004197,INV-004197,Budget_Entry,2023-09-14 00:00:00,Posted
DOC004198,INV-004198,Stock_Movement,2024-02-03 00:00:00,Posted
DOC004199,INV-004199,Budget_Entry,2023-02-20 00:00:00,Posted
DOC004200,INV-004200,Purchase_Order,2024-03-22 00:00:00,Posted
DOC004201,INV-004201,Purchase_Order,2025-04-06 00:00:00,Posted
DOC004202,INV-004202,Stock_Movement,2024-08-17 00:00:00,Posted
DOC004203,INV-004203,Budget_Entry,2025-03-28 00:00:00,Posted
DOC004204,INV-004204,Budget_Entry,2024-09-27 00:00:00,Posted
DOC004205,INV-004205,Payroll,2025-12-08 00:00:00,Posted
DOC004206,INV-004206,Budget_Entry,2025-02-13 00:00:00,Posted
DOC004207,INV-004207,Purchase_Order,2025-08-30 00:00:00,Posted
DOC004208,INV-004208,Sales_Invoice,2024-02-01 00:00:00,Posted
DOC004209,INV-004209,Sales_Invoice,2024-11-13 00:00:00,Draft
DOC004210,INV-004210,Sales_Invoice,2025-11-16 00:00:00,Posted
DOC004211,INV-004211,Sales_Invoice,2024-12-11 00:00:00,Posted
DOC004212,INV-004212,Budget_Entry,2024-06-12 00:00:00,Posted
DOC004213,INV-004213,Budget_Entry,2024-11-15 00:00:00,Draft
DOC004214,INV-004214,Payroll,2024-09-04 00:00:00,Cancelled
DOC004215,INV-004215,Budget_Entry,2023-07-05 00:00:00,Posted
DOC004216,INV-004216,Sales_Invoice,2024-11-26 00:00:00,Approved
DOC004217,INV-004217,Stock_Movement,2023-08-03 00:00:00,Posted
DOC004218,INV-004218,Stock_Movement,2023-08-04 00:00:00,Posted
DOC004219,INV-004219,Purchase_Order,2023-01-29 00:00:00,Posted
DOC004220,INV-004220,Purchase_Order,2023-04-12 00:00:00,Posted
DOC004221,INV-004221,Budget_Entry,2023-05-03 00:00:00,Posted
DOC004222,INV-004222,Stock_Movement,2023-02-23 00:00:00,Approved
DOC004223,INV-004223,Sales_Invoice,2024-09-07 00:00:00,Posted
DOC004224,INV-004224,Sales_Invoice,2024-07-10 00:00:00,Posted
DOC004225,INV-004225,Sales_Invoice,2023-04-24 00:00:00,Posted
DOC004226,INV-004226,Budget_Entry,2025-05-04 00:00:00,Approved
DOC004227,INV-004227,Budget_Entry,2024-11-06 00:00:00,Posted
DOC004228,INV-004228,Payroll,2025-09-03 00:00:00,Posted
DOC004229,INV-004229,Sales_Invoice,2024-12-01 00:00:00,Posted
DOC004230,INV-004230,Sales_Invoice,2023-10-19 00:00:00,Posted
DOC004231,INV-004231,Budget_Entry,2023-09-18 00:00:00,Posted
DOC004232,INV-004232,Budget_Entry,2024-07-17 00:00:00,Posted
DOC004233,INV-004233,Payroll,2023-02-18 00:00:00,Posted
DOC004234,INV-004234,Payroll,2025-10-26 00:00:00,Draft
DOC004235,INV-004235,Purchase_Order,2024-01-14 00:00:00,Posted
DOC004236,INV-004236,Stock_Movement,2023-08-12 00:00:00,Posted
DOC004237,INV-004237,Sales_Invoice,2025-11-12 00:00:00,Posted
DOC004238,INV-004238,Sales_Invoice,2025-10-04 00:00:00,Posted
DOC004239,INV-004239,Payroll,2024-10-18 00:00:00,Posted
DOC004240,INV-004240,Payroll,2023-04-20 00:00:00,Posted
DOC004241,INV-004241,Purchase_Order,2024-12-24 00:00:00,Posted
DOC004242,INV-004242,Stock_Movement,2024-07-06 00:00:00,Cancelled
DOC004243,INV-004243,Purchase_Order,2025-10-02 00:00:00,Posted
DOC004244,INV-004244,Stock_Movement,2024-11-28 00:00:00,Posted
DOC004245,INV-004245,Sales_Invoice,2024-12-26 00:00:00,Draft
DOC004246,INV-004246,Purchase_Order,2023-11-02 00:00:00,Posted
DOC004247,INV-004247,Payroll,2025-08-16 00:00:00,Posted
DOC004248,INV-004248,Purchase_Order,2025-08-11 00:00:00,Approved
DOC004249,INV-004249,Purchase_Order,2024-09-12 00:00:00,Posted
DOC004250,INV-004250,Sales_Invoice,2024-09-21 00:00:00,Posted
DOC004251,INV-004251,Payroll,2025-05-26 00:00:00,Draft
DOC004252,INV-004252,Payroll,2024-07-09 00:00:00,Posted
DOC004253,INV-004253,Budget_Entry,2023-03-08 00:00:00,Posted
DOC004254,INV-004254,Budget_Entry,2025-04-14 00:00:00,Approved
DOC004255,INV-004255,Budget_Entry,2023-07-25 00:00:00,Posted
DOC004256,INV-004256,Sales_Invoice,2025-02-24 00:00:00,Posted
DOC004257,INV-004257,Purchase_Order,2023-06-04 00:00:00,Posted
DOC004258,INV-004258,Payroll,2025-12-08 00:00:00,Posted
DOC004259,INV-004259,Payroll,2025-02-21 00:00:00,Posted
DOC004260,INV-004260,Purchase_Order,2024-08-07 00:00:00,Posted
DOC004261,INV-004261,Payroll,2024-12-08 00:00:00,Posted
DOC004262,INV-004262,Purchase_Order,2023-06-28 00:00:00,Posted
DOC004263,INV-004263,Sales_Invoice,2025-12-07 00:00:00,Draft
DOC004264,INV-004264,Sales_Invoice,2025-12-31 00:00:00,Posted
DOC004265,INV-004265,Sales_Invoice,2023-04-23 00:00:00,Posted
DOC004266,INV-004266,Purchase_Order,2025-01-26 00:00:00,Posted
DOC004267,INV-004267,Purchase_Order,2025-06-15 00:00:00,Posted
DOC004268,INV-004268,Stock_Movement,2025-03-31 00:00:00,Cancelled
DOC004269,INV-004269,Payroll,2023-06-08 00:00:00,Posted
DOC004270,INV-004270,Payroll,2025-02-24 00:00:00,Posted
DOC004271,INV-004271,Stock_Movement,2025-11-19 00:00:00,Posted
DOC004272,INV-004272,Stock_Movement,2023-09-08 00:00:00,Cancelled
DOC004273,INV-004273,Sales_Invoice,2023-04-23 00:00:00,Posted
DOC004274,INV-004274,Stock_Movement,2023-09-16 00:00:00,Posted
DOC004275,INV-004275,Purchase_Order,2023-04-17 00:00:00,Posted
DOC004276,INV-004276,Budget_Entry,2024-07-28 00:00:00,Posted
DOC004277,INV-004277,Purchase_Order,2025-09-17 00:00:00,Posted
DOC004278,INV-004278,Stock_Movement,2024-03-02 00:00:00,Posted
DOC004279,INV-004279,Payroll,2025-05-08 00:00:00,Posted
DOC004280,INV-004280,Purchase_Order,2025-07-06 00:00:00,Approved
DOC004281,INV-004281,Payroll,2024-09-18 00:00:00,Posted
DOC004282,INV-004282,Purchase_Order,2024-04-19 00:00:00,Posted
DOC004283,INV-004283,Payroll,2024-07-05 00:00:00,Approved
DOC004284,INV-004284,Purchase_Order,2023-12-10 00:00:00,Posted
DOC004285,INV-004285,Payroll,2024-09-19 00:00:00,Posted
DOC004286,INV-004286,Budget_Entry,2023-05-16 00:00:00,Posted
DOC004287,INV-004287,Sales_Invoice,2023-10-04 00:00:00,Posted
DOC004288,INV-004288,Purchase_Order,2023-01-31 00:00:00,Posted
DOC004289,INV-004289,Budget_Entry,2023-09-04 00:00:00,Posted
DOC004290,INV-004290,Sales_Invoice,2024-02-15 00:00:00,Posted
DOC004291,INV-004291,Purchase_Order,2023-01-27 00:00:00,Posted
DOC004292,INV-004292,Budget_Entry,2023-03-14 00:00:00,Approved
DOC004293,INV-004293,Budget_Entry,2024-11-03 00:00:00,Posted
DOC004294,INV-004294,Budget_Entry,2024-04-20 00:00:00,Posted
DOC004295,INV-004295,Stock_Movement,2023-10-14 00:00:00,Posted
DOC004296,INV-004296,Payroll,2023-07-31 00:00:00,Posted
DOC004297,INV-004297,Sales_Invoice,2024-02-05 00:00:00,Posted
DOC004298,INV-004298,Payroll,2024-10-16 00:00:00,Posted
DOC004299,INV-004299,Payroll,2025-11-23 00:00:00,Posted
DOC004300,INV-004300,Payroll,2024-05-12 00:00:00,Draft
DOC004301,INV-004301,Budget_Entry,2025-04-27 00:00:00,Posted
DOC004302,INV-004302,Payroll,2023-04-08 00:00:00,Posted
DOC004303,INV-004303,Stock_Movement,2024-01-01 00:00:00,Posted
DOC004304,INV-004304,Purchase_Order,2024-04-07 00:00:00,Approved
DOC004305,INV-004305,Budget_Entry,2023-01-28 00:00:00,Posted
DOC004306,INV-004306,Sales_Invoice,2024-12-13 00:00:00,Posted
DOC004307,INV-004307,Purchase_Order,2023-09-30 00:00:00,Posted
DOC004308,INV-004308,Purchase_Order,2025-04-05 00:00:00,Posted
DOC004309,INV-004309,Purchase_Order,2023-07-21 00:00:00,Draft
DOC004310,INV-004310,Payroll,2024-03-25 00:00:00,Cancelled
DOC004311,INV-004311,Payroll,2023-01-19 00:00:00,Posted
DOC004312,INV-004312,Budget_Entry,2023-11-07 00:00:00,Cancelled
DOC004313,INV-004313,Payroll,2024-02-16 00:00:00,Posted
DOC004314,INV-004314,Payroll,2025-01-11 00:00:00,Posted
DOC004315,INV-004315,Payroll,2024-09-15 00:00:00,Posted
DOC004316,INV-004316,Budget_Entry,2025-01-01 00:00:00,Posted
DOC004317,INV-004317,Budget_Entry,2024-09-26 00:00:00,Posted
DOC004318,INV-004318,Stock_Movement,2024-05-12 00:00:00,Posted
DOC004319,INV-004319,Stock_Movement,2023-09-01 00:00:00,Cancelled
DOC004320,INV-004320,Stock_Movement,2024-11-20 00:00:00,Posted
DOC004321,INV-004321,Stock_Movement,2024-07-30 00:00:00,Posted
DOC004322,INV-004322,Purchase_Order,2024-05-29 00:00:00,Approved
DOC004323,INV-004323,Purchase_Order,2023-07-26 00:00:00,Cancelled
DOC004324,INV-004324,Stock_Movement,2025-08-05 00:00:00,Posted
DOC004325,INV-004325,Stock_Movement,2024-01-29 00:00:00,Posted
DOC004326,INV-004326,Sales_Invoice,2025-11-10 00:00:00,Posted
DOC004327,INV-004327,Purchase_Order,2024-12-18 00:00:00,Posted
DOC004328,INV-004328,Sales_Invoice,2023-07-21 00:00:00,Posted
DOC004329,INV-004329,Sales_Invoice,2023-04-30 00:00:00,Posted
DOC004330,INV-004330,Payroll,2024-01-24 00:00:00,Posted
DOC004331,INV-004331,Budget_Entry,2023-08-22 00:00:00,Posted
DOC004332,INV-004332,Purchase_Order,2024-08-24 00:00:00,Posted
DOC004333,INV-004333,Stock_Movement,2024-12-12 00:00:00,Approved
DOC004334,INV-004334,Stock_Movement,2025-09-08 00:00:00,Approved
DOC004335,INV-004335,Budget_Entry,2025-05-06 00:00:00,Posted
DOC004336,INV-004336,Purchase_Order,2023-03-17 00:00:00,Posted
DOC004337,INV-004337,Stock_Movement,2024-10-10 00:00:00,Posted
DOC004338,INV-004338,Stock_Movement,2024-10-11 00:00:00,Draft
DOC004339,INV-004339,Payroll,2024-05-10 00:00:00,Cancelled
DOC004340,INV-004340,Sales_Invoice,2025-04-09 00:00:00,Cancelled
DOC004341,INV-004341,Stock_Movement,2024-04-27 00:00:00,Posted
DOC004342,INV-004342,Purchase_Order,2025-12-19 00:00:00,Posted
DOC004343,INV-004343,Budget_Entry,2025-09-17 00:00:00,Posted
DOC004344,INV-004344,Payroll,2024-09-10 00:00:00,Posted
DOC004345,INV-004345,Purchase_Order,2024-07-03 00:00:00,Posted
DOC004346,INV-004346,Payroll,2024-10-07 00:00:00,Posted
DOC004347,INV-004347,Sales_Invoice,2024-05-16 00:00:00,Posted
DOC004348,INV-004348,Stock_Movement,2025-04-25 00:00:00,Posted
DOC004349,INV-004349,Purchase_Order,2023-02-22 00:00:00,Posted
DOC004350,INV-004350,Budget_Entry,2024-03-25 00:00:00,Posted
DOC004351,INV-004351,Sales_Invoice,2023-03-03 00:00:00,Posted
DOC004352,INV-004352,Sales_Invoice,2025-11-12 00:00:00,Posted
DOC004353,INV-004353,Payroll,2023-02-13 00:00:00,Posted
DOC004354,INV-004354,Sales_Invoice,2025-03-30 00:00:00,Posted
DOC004355,INV-004355,Purchase_Order,2024-10-20 00:00:00,Posted
DOC004356,INV-004356,Payroll,2024-12-28 00:00:00,Posted
DOC004357,INV-004357,Sales_Invoice,2025-05-01 00:00:00,Posted
DOC004358,INV-004358,Budget_Entry,2023-02-16 00:00:00,Posted
DOC004359,INV-004359,Purchase_Order,2025-03-30 00:00:00,Posted
DOC004360,INV-004360,Budget_Entry,2025-11-13 00:00:00,Posted
DOC004361,INV-004361,Budget_Entry,2023-03-30 00:00:00,Posted
DOC004362,INV-004362,Payroll,2025-01-04 00:00:00,Approved
DOC004363,INV-004363,Stock_Movement,2023-06-27 00:00:00,Posted
DOC004364,INV-004364,Payroll,2025-10-15 00:00:00,Approved
DOC004365,INV-004365,Purchase_Order,2025-12-18 00:00:00,Posted
DOC004366,INV-004366,Purchase_Order,2025-06-19 00:00:00,Posted
DOC004367,INV-004367,Payroll,2024-03-13 00:00:00,Posted
DOC004368,INV-004368,Stock_Movement,2024-03-01 00:00:00,Approved
DOC004369,INV-004369,Payroll,2025-08-25 00:00:00,Posted
DOC004370,INV-004370,Purchase_Order,2024-04-30 00:00:00,Posted
DOC004371,INV-004371,Stock_Movement,2024-04-04 00:00:00,Draft
DOC004372,INV-004372,Purchase_Order,2025-07-09 00:00:00,Posted
DOC004373,INV-004373,Stock_Movement,2025-11-04 00:00:00,Posted
DOC004374,INV-004374,Stock_Movement,2025-01-17 00:00:00,Posted
DOC004375,INV-004375,Payroll,2023-02-20 00:00:00,Posted
DOC004376,INV-004376,Payroll,2023-11-05 00:00:00,Posted
DOC004377,INV-004377,Payroll,2025-11-23 00:00:00,Posted
DOC004378,INV-004378,Stock_Movement,2025-10-01 00:00:00,Posted
DOC004379,INV-004379,Stock_Movement,2024-09-26 00:00:00,Draft
DOC004380,INV-004380,Purchase_Order,2023-07-24 00:00:00,Posted
DOC004381,INV-004381,Budget_Entry,2025-01-09 00:00:00,Posted
DOC004382,INV-004382,Payroll,2025-12-29 00:00:00,Approved
DOC004383,INV-004383,Purchase_Order,2024-06-16 00:00:00,Posted
DOC004384,INV-004384,Purchase_Order,2023-04-18 00:00:00,Posted
DOC004385,INV-004385,Sales_Invoice,2025-05-25 00:00:00,Posted
DOC004386,INV-004386,Payroll,2023-09-08 00:00:00,Posted
DOC004387,INV-004387,Purchase_Order,2023-05-15 00:00:00,Posted
DOC004388,INV-004388,Sales_Invoice,2024-11-19 00:00:00,Approved
DOC004389,INV-004389,Payroll,2024-02-11 00:00:00,Posted
DOC004390,INV-004390,Stock_Movement,2023-04-12 00:00:00,Posted
DOC004391,INV-004391,Sales_Invoice,2024-11-23 00:00:00,Posted
DOC004392,INV-004392,Stock_Movement,2024-02-08 00:00:00,Posted
DOC004393,INV-004393,Budget_Entry,2025-03-24 00:00:00,Posted
DOC004394,INV-004394,Budget_Entry,2025-10-22 00:00:00,Posted
DOC004395,INV-004395,Budget_Entry,2025-05-04 00:00:00,Draft
DOC004396,INV-004396,Budget_Entry,2025-10-23 00:00:00,Posted
DOC004397,INV-004397,Purchase_Order,2025-07-30 00:00:00,Posted
DOC004398,INV-004398,Budget_Entry,2025-10-17 00:00:00,Posted
DOC004399,INV-004399,Purchase_Order,2023-06-26 00:00:00,Posted
DOC004400,INV-004400,Purchase_Order,2025-05-22 00:00:00,Posted
DOC004401,INV-004401,Payroll,2024-04-21 00:00:00,Approved
DOC004402,INV-004402,Purchase_Order,2024-02-02 00:00:00,Posted
DOC004403,INV-004403,Purchase_Order,2023-08-08 00:00:00,Posted
DOC004404,INV-004404,Budget_Entry,2023-06-22 00:00:00,Posted
DOC004405,INV-004405,Purchase_Order,2025-01-05 00:00:00,Posted
DOC004406,INV-004406,Stock_Movement,2024-05-16 00:00:00,Cancelled
DOC004407,INV-004407,Budget_Entry,2025-01-30 00:00:00,Posted
DOC004408,INV-004408,Sales_Invoice,2023-05-11 00:00:00,Posted
DOC004409,INV-004409,Budget_Entry,2025-03-08 00:00:00,Posted
DOC004410,INV-004410,Purchase_Order,2025-03-09 00:00:00,Posted
DOC004411,INV-004411,Stock_Movement,2025-07-18 00:00:00,Posted
DOC004412,INV-004412,Budget_Entry,2024-12-23 00:00:00,Posted
DOC004413,INV-004413,Stock_Movement,2025-11-09 00:00:00,Posted
DOC004414,INV-004414,Sales_Invoice,2023-08-03 00:00:00,Posted
DOC004415,INV-004415,Sales_Invoice,2024-05-02 00:00:00,Posted
DOC004416,INV-004416,Payroll,2023-11-09 00:00:00,Posted
DOC004417,INV-004417,Payroll,2023-03-20 00:00:00,Posted
DOC004418,INV-004418,Budget_Entry,2023-06-29 00:00:00,Posted
DOC004419,INV-004419,Payroll,2025-09-30 00:00:00,Posted
DOC004420,INV-004420,Stock_Movement,2024-11-05 00:00:00,Approved
DOC004421,INV-004421,Payroll,2023-01-14 00:00:00,Posted
DOC004422,INV-004422,Stock_Movement,2025-05-08 00:00:00,Posted
DOC004423,INV-004423,Payroll,2023-09-03 00:00:00,Posted
DOC004424,INV-004424,Payroll,2025-11-03 00:00:00,Posted
DOC004425,INV-004425,Payroll,2023-04-09 00:00:00,Posted
DOC004426,INV-004426,Purchase_Order,2023-02-02 00:00:00,Approved
DOC004427,INV-004427,Purchase_Order,2023-09-14 00:00:00,Cancelled
DOC004428,INV-004428,Payroll,2023-02-03 00:00:00,Posted
DOC004429,INV-004429,Stock_Movement,2023-01-19 00:00:00,Draft
DOC004430,INV-004430,Budget_Entry,2024-08-11 00:00:00,Posted
DOC004431,INV-004431,Sales_Invoice,2023-05-17 00:00:00,Posted
DOC004432,INV-004432,Purchase_Order,2023-12-25 00:00:00,Posted
DOC004433,INV-004433,Payroll,2025-01-23 00:00:00,Posted
DOC004434,INV-004434,Sales_Invoice,2024-02-08 00:00:00,Posted
DOC004435,INV-004435,Purchase_Order,2023-09-07 00:00:00,Posted
DOC004436,INV-004436,Budget_Entry,2024-03-21 00:00:00,Posted
DOC004437,INV-004437,Stock_Movement,2025-08-11 00:00:00,Approved
DOC004438,INV-004438,Payroll,2023-10-05 00:00:00,Draft
DOC004439,INV-004439,Budget_Entry,2023-04-22 00:00:00,Posted
DOC004440,INV-004440,Purchase_Order,2025-01-15 00:00:00,Approved
DOC004441,INV-004441,Payroll,2024-11-18 00:00:00,Posted
DOC004442,INV-004442,Sales_Invoice,2024-01-27 00:00:00,Posted
DOC004443,INV-004443,Stock_Movement,2025-08-26 00:00:00,Posted
DOC004444,INV-004444,Purchase_Order,2023-05-23 00:00:00,Posted
DOC004445,INV-004445,Stock_Movement,2025-11-21 00:00:00,Posted
DOC004446,INV-004446,Payroll,2023-06-30 00:00:00,Posted
DOC004447,INV-004447,Budget_Entry,2024-08-01 00:00:00,Posted
DOC004448,INV-004448,Stock_Movement,2025-03-08 00:00:00,Posted
DOC004449,INV-004449,Sales_Invoice,2023-09-26 00:00:00,Approved
DOC004450,INV-004450,Purchase_Order,2024-07-06 00:00:00,Posted
DOC004451,INV-004451,Sales_Invoice,2024-09-24 00:00:00,Posted
DOC004452,INV-004452,Stock_Movement,2023-10-02 00:00:00,Posted
DOC004453,INV-004453,Budget_Entry,2025-01-12 00:00:00,Posted
DOC004454,INV-004454,Budget_Entry,2023-03-27 00:00:00,Posted
DOC004455,INV-004455,Sales_Invoice,2025-12-22 00:00:00,Posted
DOC004456,INV-004456,Payroll,2024-02-08 00:00:00,Posted
DOC004457,INV-004457,Payroll,2023-07-11 00:00:00,Draft
DOC004458,INV-004458,Budget_Entry,2025-11-20 00:00:00,Posted
DOC004459,INV-004459,Sales_Invoice,2023-04-17 00:00:00,Posted
DOC004460,INV-004460,Sales_Invoice,2024-09-13 00:00:00,Draft
DOC004461,INV-004461,Sales_Invoice,2023-10-03 00:00:00,Posted
DOC004462,INV-004462,Stock_Movement,2024-10-12 00:00:00,Posted
DOC004463,INV-004463,Payroll,2024-07-09 00:00:00,Posted
DOC004464,INV-004464,Payroll,2025-12-23 00:00:00,Posted
DOC004465,INV-004465,Stock_Movement,2024-07-20 00:00:00,Posted
DOC004466,INV-004466,Purchase_Order,2024-08-08 00:00:00,Posted
DOC004467,INV-004467,Stock_Movement,2025-06-03 00:00:00,Posted
DOC004468,INV-004468,Sales_Invoice,2023-05-09 00:00:00,Posted
DOC004469,INV-004469,Stock_Movement,2023-09-13 00:00:00,Posted
DOC004470,INV-004470,Sales_Invoice,2025-07-22 00:00:00,Posted
DOC004471,INV-004471,Budget_Entry,2023-08-19 00:00:00,Posted
DOC004472,INV-004472,Sales_Invoice,2025-05-12 00:00:00,Posted
DOC004473,INV-004473,Payroll,2023-12-21 00:00:00,Posted
DOC004474,INV-004474,Stock_Movement,2023-05-26 00:00:00,Posted
DOC004475,INV-004475,Sales_Invoice,2025-11-22 00:00:00,Posted
DOC004476,INV-004476,Purchase_Order,2023-09-17 00:00:00,Posted
DOC004477,INV-004477,Budget_Entry,2023-03-28 00:00:00,Posted
DOC004478,INV-004478,Purchase_Order,2025-04-22 00:00:00,Posted
DOC004479,INV-004479,Purchase_Order,2023-09-22 00:00:00,Cancelled
DOC004480,INV-004480,Purchase_Order,2024-01-27 00:00:00,Posted
DOC004481,INV-004481,Budget_Entry,2023-08-20 00:00:00,Posted
DOC004482,INV-004482,Budget_Entry,2025-06-19 00:00:00,Posted
DOC004483,INV-004483,Budget_Entry,2024-08-10 00:00:00,Posted
DOC004484,INV-004484,Budget_Entry,2024-03-22 00:00:00,Posted
DOC004485,INV-004485,Purchase_Order,2024-04-10 00:00:00,Posted
DOC004486,INV-004486,Payroll,2025-07-22 00:00:00,Posted
DOC004487,INV-004487,Payroll,2023-05-08 00:00:00,Approved
DOC004488,INV-004488,Budget_Entry,2025-11-15 00:00:00,Posted
DOC004489,INV-004489,Stock_Movement,2024-07-26 00:00:00,Posted
DOC004490,INV-004490,Sales_Invoice,2024-05-25 00:00:00,Posted
DOC004491,INV-004491,Stock_Movement,2024-05-02 00:00:00,Cancelled
DOC004492,INV-004492,Stock_Movement,2025-06-09 00:00:00,Posted
DOC004493,INV-004493,Stock_Movement,2024-08-01 00:00:00,Posted
DOC004494,INV-004494,Payroll,2025-08-07 00:00:00,Posted
DOC004495,INV-004495,Sales_Invoice,2024-02-10 00:00:00,Posted
DOC004496,INV-004496,Stock_Movement,2025-11-15 00:00:00,Posted
DOC004497,INV-004497,Budget_Entry,2023-12-30 00:00:00,Posted
DOC004498,INV-004498,Payroll,2025-12-19 00:00:00,Posted
DOC004499,INV-004499,Budget_Entry,2024-07-04 00:00:00,Posted
DOC004500,INV-004500,Budget_Entry,2023-10-19 00:00:00,Posted
DOC004501,INV-004501,Stock_Movement,2025-02-27 00:00:00,Posted
DOC004502,INV-004502,Budget_Entry,2025-03-26 00:00:00,Posted
DOC004503,INV-004503,Sales_Invoice,2023-07-10 00:00:00,Cancelled
DOC004504,INV-004504,Budget_Entry,2024-04-05 00:00:00,Posted
DOC004505,INV-004505,Stock_Movement,2024-10-25 00:00:00,Posted
DOC004506,INV-004506,Budget_Entry,2023-08-21 00:00:00,Posted
DOC004507,INV-004507,Payroll,2024-04-18 00:00:00,Posted
DOC004508,INV-004508,Payroll,2024-10-19 00:00:00,Posted
DOC004509,INV-004509,Payroll,2023-09-28 00:00:00,Posted
DOC004510,INV-004510,Purchase_Order,2023-06-20 00:00:00,Posted
DOC004511,INV-004511,Payroll,2023-01-28 00:00:00,Approved
DOC004512,INV-004512,Payroll,2023-05-16 00:00:00,Posted
DOC004513,INV-004513,Purchase_Order,2025-07-13 00:00:00,Posted
DOC004514,INV-004514,Payroll,2024-02-09 00:00:00,Posted
DOC004515,INV-004515,Stock_Movement,2025-09-03 00:00:00,Approved
DOC004516,INV-004516,Payroll,2025-06-06 00:00:00,Draft
DOC004517,INV-004517,Payroll,2025-05-05 00:00:00,Posted
DOC004518,INV-004518,Purchase_Order,2024-03-19 00:00:00,Approved
DOC004519,INV-004519,Stock_Movement,2024-03-09 00:00:00,Posted
DOC004520,INV-004520,Budget_Entry,2024-05-23 00:00:00,Posted
DOC004521,INV-004521,Sales_Invoice,2023-02-03 00:00:00,Posted
DOC004522,INV-004522,Stock_Movement,2025-10-22 00:00:00,Approved
DOC004523,INV-004523,Budget_Entry,2023-12-28 00:00:00,Posted
DOC004524,INV-004524,Stock_Movement,2024-08-28 00:00:00,Posted
DOC004525,INV-004525,Budget_Entry,2024-12-16 00:00:00,Posted
DOC004526,INV-004526,Budget_Entry,2023-09-07 00:00:00,Posted
DOC004527,INV-004527,Stock_Movement,2023-05-27 00:00:00,Posted
DOC004528,INV-004528,Purchase_Order,2023-12-14 00:00:00,Approved
DOC004529,INV-004529,Stock_Movement,2024-02-03 00:00:00,Posted
DOC004530,INV-004530,Stock_Movement,2023-05-05 00:00:00,Posted
DOC004531,INV-004531,Budget_Entry,2025-02-01 00:00:00,Cancelled
DOC004532,INV-004532,Sales_Invoice,2024-02-02 00:00:00,Posted
DOC004533,INV-004533,Budget_Entry,2023-05-11 00:00:00,Posted
DOC004534,INV-004534,Payroll,2024-08-27 00:00:00,Posted
DOC004535,INV-004535,Stock_Movement,2025-06-10 00:00:00,Posted
DOC004536,INV-004536,Stock_Movement,2025-04-01 00:00:00,Posted
DOC004537,INV-004537,Purchase_Order,2025-06-20 00:00:00,Posted
DOC004538,INV-004538,Budget_Entry,2025-08-02 00:00:00,Posted
DOC004539,INV-004539,Purchase_Order,2025-01-01 00:00:00,Posted
DOC004540,INV-004540,Stock_Movement,2023-11-30 00:00:00,Posted
DOC004541,INV-004541,Budget_Entry,2025-11-09 00:00:00,Posted
DOC004542,INV-004542,Budget_Entry,2023-07-24 00:00:00,Approved
DOC004543,INV-004543,Payroll,2025-08-13 00:00:00,Posted
DOC004544,INV-004544,Payroll,2023-12-21 00:00:00,Posted
DOC004545,INV-004545,Sales_Invoice,2025-04-03 00:00:00,Posted
DOC004546,INV-004546,Payroll,2025-10-22 00:00:00,Approved
DOC004547,INV-004547,Budget_Entry,2025-07-29 00:00:00,Posted
DOC004548,INV-004548,Payroll,2023-06-17 00:00:00,Posted
DOC004549,INV-004549,Sales_Invoice,2024-01-03 00:00:00,Posted
DOC004550,INV-004550,Stock_Movement,2024-06-19 00:00:00,Posted
DOC004551,INV-004551,Payroll,2025-08-20 00:00:00,Posted
DOC004552,INV-004552,Budget_Entry,2024-08-02 00:00:00,Posted
DOC004553,INV-004553,Stock_Movement,2025-08-07 00:00:00,Posted
DOC004554,INV-004554,Budget_Entry,2023-07-26 00:00:00,Posted
DOC004555,INV-004555,Stock_Movement,2025-12-08 00:00:00,Posted
DOC004556,INV-004556,Budget_Entry,2024-06-27 00:00:00,Posted
DOC004557,INV-004557,Payroll,2023-05-09 00:00:00,Approved
DOC004558,INV-004558,Payroll,2024-09-05 00:00:00,Cancelled
DOC004559,INV-004559,Sales_Invoice,2023-02-04 00:00:00,Posted
DOC004560,INV-004560,Stock_Movement,2025-03-29 00:00:00,Approved
DOC004561,INV-004561,Sales_Invoice,2023-07-18 00:00:00,Posted
DOC004562,INV-004562,Purchase_Order,2023-03-18 00:00:00,Posted
DOC004563,INV-004563,Payroll,2024-01-04 00:00:00,Posted
DOC004564,INV-004564,Stock_Movement,2025-04-12 00:00:00,Draft
DOC004565,INV-004565,Sales_Invoice,2024-06-09 00:00:00,Cancelled
DOC004566,INV-004566,Sales_Invoice,2023-12-15 00:00:00,Posted
DOC004567,INV-004567,Purchase_Order,2024-05-20 00:00:00,Draft
DOC004568,INV-004568,Sales_Invoice,2024-10-04 00:00:00,Approved
DOC004569,INV-004569,Budget_Entry,2023-08-26 00:00:00,Posted
DOC004570,INV-004570,Payroll,2023-05-18 00:00:00,Approved
DOC004571,INV-004571,Sales_Invoice,2024-09-03 00:00:00,Draft
DOC004572,INV-004572,Sales_Invoice,2024-11-10 00:00:00,Posted
DOC004573,INV-004573,Purchase_Order,2025-04-18 00:00:00,Posted
DOC004574,INV-004574,Budget_Entry,2025-07-26 00:00:00,Approved
DOC004575,INV-004575,Sales_Invoice,2023-12-21 00:00:00,Posted
DOC004576,INV-004576,Payroll,2024-07-31 00:00:00,Posted
DOC004577,INV-004577,Payroll,2025-04-26 00:00:00,Posted
DOC004578,INV-004578,Sales_Invoice,2024-07-12 00:00:00,Posted
DOC004579,INV-004579,Budget_Entry,2025-04-28 00:00:00,Approved
DOC004580,INV-004580,Payroll,2023-05-20 00:00:00,Draft
DOC004581,INV-004581,Payroll,2024-10-24 00:00:00,Posted
DOC004582,INV-004582,Budget_Entry,2023-01-21 00:00:00,Posted
DOC004583,INV-004583,Budget_Entry,2023-03-05 00:00:00,Approved
DOC004584,INV-004584,Sales_Invoice,2025-12-31 00:00:00,Posted
DOC004585,INV-004585,Stock_Movement,2025-09-16 00:00:00,Posted
DOC004586,INV-004586,Purchase_Order,2023-06-11 00:00:00,Posted
DOC004587,INV-004587,Stock_Movement,2023-05-10 00:00:00,Posted
DOC004588,INV-004588,Stock_Movement,2024-08-03 00:00:00,Posted
DOC004589,INV-004589,Payroll,2023-08-13 00:00:00,Cancelled
DOC004590,INV-004590,Budget_Entry,2024-08-02 00:00:00,Posted
DOC004591,INV-004591,Payroll,2025-09-09 00:00:00,Posted
DOC004592,INV-004592,Purchase_Order,2025-10-01 00:00:00,Posted
DOC004593,INV-004593,Sales_Invoice,2023-04-17 00:00:00,Posted
DOC004594,INV-004594,Purchase_Order,2024-09-12 00:00:00,Posted
DOC004595,INV-004595,Payroll,2025-04-19 00:00:00,Cancelled
DOC004596,INV-004596,Payroll,2024-07-30 00:00:00,Posted
DOC004597,INV-004597,Payroll,2023-07-18 00:00:00,Posted
DOC004598,INV-004598,Payroll,2024-05-24 00:00:00,Posted
DOC004599,INV-004599,Stock_Movement,2024-10-28 00:00:00,Posted
DOC004600,INV-004600,Sales_Invoice,2023-03-20 00:00:00,Posted
DOC004601,INV-004601,Stock_Movement,2025-06-12 00:00:00,Posted
DOC004602,INV-004602,Payroll,2024-05-26 00:00:00,Posted
DOC004603,INV-004603,Budget_Entry,2023-09-07 00:00:00,Posted
DOC004604,INV-004604,Stock_Movement,2025-06-07 00:00:00,Posted
DOC004605,INV-004605,Payroll,2025-10-20 00:00:00,Posted
DOC004606,INV-004606,Payroll,2024-08-21 00:00:00,Posted
DOC004607,INV-004607,Sales_Invoice,2025-01-22 00:00:00,Posted
DOC004608,INV-004608,Purchase_Order,2024-08-22 00:00:00,Posted
DOC004609,INV-004609,Stock_Movement,2025-09-01 00:00:00,Posted
DOC004610,INV-004610,Stock_Movement,2024-04-27 00:00:00,Posted
DOC004611,INV-004611,Stock_Movement,2025-04-15 00:00:00,Posted
DOC004612,INV-004612,Payroll,2023-06-21 00:00:00,Approved
DOC004613,INV-004613,Sales_Invoice,2025-05-18 00:00:00,Posted
DOC004614,INV-004614,Payroll,2023-01-17 00:00:00,Posted
DOC004615,INV-004615,Payroll,2024-01-29 00:00:00,Posted
DOC004616,INV-004616,Budget_Entry,2023-08-22 00:00:00,Posted
DOC004617,INV-004617,Sales_Invoice,2023-09-05 00:00:00,Posted
DOC004618,INV-004618,Stock_Movement,2023-02-21 00:00:00,Posted
DOC004619,INV-004619,Purchase_Order,2023-01-15 00:00:00,Posted
DOC004620,INV-004620,Stock_Movement,2024-03-16 00:00:00,Posted
DOC004621,INV-004621,Payroll,2024-11-26 00:00:00,Posted
DOC004622,INV-004622,Sales_Invoice,2023-01-07 00:00:00,Posted
DOC004623,INV-004623,Sales_Invoice,2025-04-05 00:00:00,Posted
DOC004624,INV-004624,Sales_Invoice,2025-11-02 00:00:00,Posted
DOC004625,INV-004625,Budget_Entry,2024-04-22 00:00:00,Draft
DOC004626,INV-004626,Stock_Movement,2024-09-22 00:00:00,Posted
DOC004627,INV-004627,Budget_Entry,2024-12-15 00:00:00,Posted
DOC004628,INV-004628,Purchase_Order,2023-04-25 00:00:00,Posted
DOC004629,INV-004629,Payroll,2024-05-23 00:00:00,Posted
DOC004630,INV-004630,Budget_Entry,2023-02-26 00:00:00,Posted
DOC004631,INV-004631,Budget_Entry,2024-01-17 00:00:00,Posted
DOC004632,INV-004632,Payroll,2025-08-09 00:00:00,Posted
DOC004633,INV-004633,Sales_Invoice,2023-10-02 00:00:00,Posted
DOC004634,INV-004634,Payroll,2023-02-13 00:00:00,Cancelled
DOC004635,INV-004635,Stock_Movement,2024-12-18 00:00:00,Posted
DOC004636,INV-004636,Payroll,2023-11-14 00:00:00,Posted
DOC004637,INV-004637,Sales_Invoice,2024-06-17 00:00:00,Posted
DOC004638,INV-004638,Payroll,2023-08-25 00:00:00,Posted
DOC004639,INV-004639,Budget_Entry,2025-06-11 00:00:00,Posted
DOC004640,INV-004640,Purchase_Order,2024-05-31 00:00:00,Posted
DOC004641,INV-004641,Budget_Entry,2023-02-07 00:00:00,Approved
DOC004642,INV-004642,Purchase_Order,2024-10-15 00:00:00,Posted
DOC004643,INV-004643,Payroll,2025-01-16 00:00:00,Posted
DOC004644,INV-004644,Stock_Movement,2025-04-20 00:00:00,Posted
DOC004645,INV-004645,Payroll,2024-03-23 00:00:00,Posted
DOC004646,INV-004646,Sales_Invoice,2024-11-14 00:00:00,Posted
DOC004647,INV-004647,Payroll,2023-05-05 00:00:00,Posted
DOC004648,INV-004648,Purchase_Order,2025-12-24 00:00:00,Posted
DOC004649,INV-004649,Budget_Entry,2025-03-03 00:00:00,Approved
DOC004650,INV-004650,Stock_Movement,2025-02-22 00:00:00,Draft
DOC004651,INV-004651,Payroll,2023-08-14 00:00:00,Posted
DOC004652,INV-004652,Payroll,2024-04-09 00:00:00,Posted
DOC004653,INV-004653,Budget_Entry,2024-10-04 00:00:00,Approved
DOC004654,INV-004654,Stock_Movement,2023-10-20 00:00:00,Approved
DOC004655,INV-004655,Payroll,2024-12-21 00:00:00,Posted
DOC004656,INV-004656,Payroll,2025-01-25 00:00:00,Posted
DOC004657,INV-004657,Purchase_Order,2023-06-15 00:00:00,Posted
DOC004658,INV-004658,Purchase_Order,2025-02-07 00:00:00,Posted
DOC004659,INV-004659,Sales_Invoice,2025-10-03 00:00:00,Posted
DOC004660,INV-004660,Budget_Entry,2025-05-20 00:00:00,Posted
DOC004661,INV-004661,Stock_Movement,2025-12-11 00:00:00,Posted
DOC004662,INV-004662,Payroll,2024-07-20 00:00:00,Posted
DOC004663,INV-004663,Payroll,2025-11-03 00:00:00,Posted
DOC004664,INV-004664,Sales_Invoice,2024-08-24 00:00:00,Posted
DOC004665,INV-004665,Payroll,2025-06-23 00:00:00,Posted
DOC004666,INV-004666,Budget_Entry,2023-02-10 00:00:00,Posted
DOC004667,INV-004667,Sales_Invoice,2025-10-26 00:00:00,Posted
DOC004668,INV-004668,Budget_Entry,2023-08-30 00:00:00,Posted
DOC004669,INV-004669,Sales_Invoice,2023-06-11 00:00:00,Posted
DOC004670,INV-004670,Payroll,2025-10-15 00:00:00,Cancelled
DOC004671,INV-004671,Sales_Invoice,2024-11-22 00:00:00,Posted
DOC004672,INV-004672,Purchase_Order,2025-03-19 00:00:00,Draft
DOC004673,INV-004673,Stock_Movement,2025-09-05 00:00:00,Posted
DOC004674,INV-004674,Payroll,2024-06-01 00:00:00,Posted
DOC004675,INV-004675,Stock_Movement,2025-06-16 00:00:00,Posted
DOC004676,INV-004676,Payroll,2025-02-21 00:00:00,Posted
DOC004677,INV-004677,Stock_Movement,2025-02-22 00:00:00,Posted
DOC004678,INV-004678,Purchase_Order,2023-03-26 00:00:00,Posted
DOC004679,INV-004679,Stock_Movement,2025-10-30 00:00:00,Posted
DOC004680,INV-004680,Sales_Invoice,2023-05-18 00:00:00,Approved
DOC004681,INV-004681,Stock_Movement,2025-01-23 00:00:00,Posted
DOC004682,INV-004682,Payroll,2025-06-24 00:00:00,Posted
DOC004683,INV-004683,Budget_Entry,2024-12-13 00:00:00,Posted
DOC004684,INV-004684,Stock_Movement,2023-06-05 00:00:00,Posted
DOC004685,INV-004685,Stock_Movement,2024-02-12 00:00:00,Approved
DOC004686,INV-004686,Stock_Movement,2025-02-25 00:00:00,Approved
DOC004687,INV-004687,Payroll,2024-08-02 00:00:00,Posted
DOC004688,INV-004688,Stock_Movement,2024-07-07 00:00:00,Posted
DOC004689,INV-004689,Payroll,2024-01-31 00:00:00,Posted
DOC004690,INV-004690,Payroll,2025-03-20 00:00:00,Posted
DOC004691,INV-004691,Budget_Entry,2025-08-19 00:00:00,Posted
DOC004692,INV-004692,Sales_Invoice,2024-06-25 00:00:00,Posted
DOC004693,INV-004693,Payroll,2025-10-29 00:00:00,Posted
DOC004694,INV-004694,Purchase_Order,2025-09-13 00:00:00,Posted
DOC004695,INV-004695,Stock_Movement,2023-06-19 00:00:00,Posted
DOC004696,INV-004696,Purchase_Order,2023-10-17 00:00:00,Posted
DOC004697,INV-004697,Stock_Movement,2025-01-09 00:00:00,Posted
DOC004698,INV-004698,Budget_Entry,2024-08-10 00:00:00,Posted
DOC004699,INV-004699,Payroll,2025-01-04 00:00:00,Posted
DOC004700,INV-004700,Sales_Invoice,2024-04-01 00:00:00,Posted
DOC004701,INV-004701,Payroll,2024-12-01 00:00:00,Posted
DOC004702,INV-004702,Stock_Movement,2025-09-05 00:00:00,Approved
DOC004703,INV-004703,Sales_Invoice,2023-02-15 00:00:00,Posted
DOC004704,INV-004704,Payroll,2025-11-06 00:00:00,Posted
DOC004705,INV-004705,Sales_Invoice,2023-08-19 00:00:00,Posted
DOC004706,INV-004706,Stock_Movement,2025-08-07 00:00:00,Approved
DOC004707,INV-004707,Budget_Entry,2024-09-28 00:00:00,Posted
DOC004708,INV-004708,Budget_Entry,2023-04-22 00:00:00,Posted
DOC004709,INV-004709,Payroll,2024-08-15 00:00:00,Posted
DOC004710,INV-004710,Purchase_Order,2025-05-08 00:00:00,Draft
DOC004711,INV-004711,Stock_Movement,2024-01-26 00:00:00,Approved
DOC004712,INV-004712,Payroll,2024-01-27 00:00:00,Posted
DOC004713,INV-004713,Payroll,2023-11-24 00:00:00,Posted
DOC004714,INV-004714,Budget_Entry,2025-01-16 00:00:00,Approved
DOC004715,INV-004715,Sales_Invoice,2024-01-02 00:00:00,Posted
DOC004716,INV-004716,Stock_Movement,2023-03-23 00:00:00,Approved
DOC004717,INV-004717,Sales_Invoice,2025-03-16 00:00:00,Posted
DOC004718,INV-004718,Stock_Movement,2025-04-01 00:00:00,Posted
DOC004719,INV-004719,Purchase_Order,2025-08-09 00:00:00,Approved
DOC004720,INV-004720,Budget_Entry,2024-01-07 00:00:00,Posted
DOC004721,INV-004721,Purchase_Order,2023-09-21 00:00:00,Posted
DOC004722,INV-004722,Payroll,2023-04-20 00:00:00,Posted
DOC004723,INV-004723,Budget_Entry,2023-11-03 00:00:00,Approved
DOC004724,INV-004724,Payroll,2023-08-14 00:00:00,Approved
DOC004725,INV-004725,Purchase_Order,2023-07-04 00:00:00,Posted
DOC004726,INV-004726,Stock_Movement,2025-08-21 00:00:00,Posted
DOC004727,INV-004727,Payroll,2023-01-31 00:00:00,Posted
DOC004728,INV-004728,Sales_Invoice,2024-09-05 00:00:00,Posted
DOC004729,INV-004729,Stock_Movement,2023-04-09 00:00:00,Posted
DOC004730,INV-004730,Stock_Movement,2025-03-21 00:00:00,Approved
DOC004731,INV-004731,Purchase_Order,2024-10-13 00:00:00,Posted
DOC004732,INV-004732,Purchase_Order,2025-03-24 00:00:00,Posted
DOC004733,INV-004733,Budget_Entry,2025-10-16 00:00:00,Posted
DOC004734,INV-004734,Budget_Entry,2025-09-04 00:00:00,Posted
DOC004735,INV-004735,Sales_Invoice,2023-03-29 00:00:00,Posted
DOC004736,INV-004736,Stock_Movement,2025-12-22 00:00:00,Approved
DOC004737,INV-004737,Sales_Invoice,2025-07-10 00:00:00,Posted
DOC004738,INV-004738,Sales_Invoice,2024-08-08 00:00:00,Posted
DOC004739,INV-004739,Purchase_Order,2025-03-28 00:00:00,Posted
DOC004740,INV-004740,Sales_Invoice,2025-07-20 00:00:00,Posted
DOC004741,INV-004741,Sales_Invoice,2025-03-07 00:00:00,Posted
DOC004742,INV-004742,Payroll,2025-10-15 00:00:00,Posted
DOC004743,INV-004743,Budget_Entry,2025-10-09 00:00:00,Posted
DOC004744,INV-004744,Budget_Entry,2025-08-30 00:00:00,Approved
DOC004745,INV-004745,Stock_Movement,2024-09-24 00:00:00,Posted
DOC004746,INV-004746,Budget_Entry,2023-12-12 00:00:00,Draft
DOC004747,INV-004747,Stock_Movement,2024-12-24 00:00:00,Posted
DOC004748,INV-004748,Payroll,2025-06-19 00:00:00,Cancelled
DOC004749,INV-004749,Budget_Entry,2025-11-03 00:00:00,Posted
DOC004750,INV-004750,Payroll,2023-05-16 00:00:00,Approved
DOC004751,INV-004751,Budget_Entry,2024-02-01 00:00:00,Posted
DOC004752,INV-004752,Budget_Entry,2025-03-02 00:00:00,Posted
DOC004753,INV-004753,Payroll,2023-03-20 00:00:00,Posted
DOC004754,INV-004754,Sales_Invoice,2024-12-05 00:00:00,Draft
DOC004755,INV-004755,Sales_Invoice,2025-09-08 00:00:00,Cancelled
DOC004756,INV-004756,Sales_Invoice,2025-12-10 00:00:00,Posted
DOC004757,INV-004757,Sales_Invoice,2025-01-13 00:00:00,Approved
DOC004758,INV-004758,Budget_Entry,2024-01-19 00:00:00,Posted
DOC004759,INV-004759,Purchase_Order,2024-01-10 00:00:00,Posted
DOC004760,INV-004760,Payroll,2023-07-25 00:00:00,Posted
DOC004761,INV-004761,Purchase_Order,2024-05-03 00:00:00,Posted
DOC004762,INV-004762,Purchase_Order,2025-05-30 00:00:00,Posted
DOC004763,INV-004763,Stock_Movement,2024-09-23 00:00:00,Posted
DOC004764,INV-004764,Sales_Invoice,2024-08-14 00:00:00,Approved
DOC004765,INV-004765,Budget_Entry,2025-12-01 00:00:00,Cancelled
DOC004766,INV-004766,Sales_Invoice,2024-06-16 00:00:00,Approved
DOC004767,INV-004767,Sales_Invoice,2024-06-05 00:00:00,Posted
DOC004768,INV-004768,Purchase_Order,2025-04-04 00:00:00,Posted
DOC004769,INV-004769,Stock_Movement,2024-08-20 00:00:00,Posted
DOC004770,INV-004770,Sales_Invoice,2023-04-23 00:00:00,Posted
DOC004771,INV-004771,Payroll,2025-01-03 00:00:00,Posted
DOC004772,INV-004772,Payroll,2023-11-14 00:00:00,Posted
DOC004773,INV-004773,Sales_Invoice,2025-09-22 00:00:00,Posted
DOC004774,INV-004774,Purchase_Order,2023-08-01 00:00:00,Posted
DOC004775,INV-004775,Purchase_Order,2023-09-10 00:00:00,Posted
DOC004776,INV-004776,Budget_Entry,2023-05-04 00:00:00,Posted
DOC004777,INV-004777,Stock_Movement,2024-09-15 00:00:00,Posted
DOC004778,INV-004778,Purchase_Order,2025-12-24 00:00:00,Posted
DOC004779,INV-004779,Budget_Entry,2025-06-16 00:00:00,Posted
DOC004780,INV-004780,Payroll,2023-09-04 00:00:00,Posted
DOC004781,INV-004781,Payroll,2024-03-16 00:00:00,Posted
DOC004782,INV-004782,Payroll,2023-02-14 00:00:00,Posted
DOC004783,INV-004783,Sales_Invoice,2024-10-19 00:00:00,Posted
DOC004784,INV-004784,Stock_Movement,2025-05-29 00:00:00,Approved
DOC004785,INV-004785,Budget_Entry,2025-10-13 00:00:00,Cancelled
DOC004786,INV-004786,Stock_Movement,2024-07-07 00:00:00,Posted
DOC004787,INV-004787,Sales_Invoice,2025-03-19 00:00:00,Posted
DOC004788,INV-004788,Budget_Entry,2025-08-28 00:00:00,Posted
DOC004789,INV-004789,Budget_Entry,2024-12-30 00:00:00,Posted
DOC004790,INV-004790,Purchase_Order,2025-10-17 00:00:00,Posted
DOC004791,INV-004791,Stock_Movement,2025-08-11 00:00:00,Posted
DOC004792,INV-004792,Stock_Movement,2025-12-26 00:00:00,Posted
DOC004793,INV-004793,Purchase_Order,2025-11-30 00:00:00,Posted
DOC004794,INV-004794,Payroll,2023-04-09 00:00:00,Posted
DOC004795,INV-004795,Sales_Invoice,2025-05-21 00:00:00,Posted
DOC004796,INV-004796,Stock_Movement,2023-10-28 00:00:00,Approved
DOC004797,INV-004797,Purchase_Order,2024-05-02 00:00:00,Posted
DOC004798,INV-004798,Budget_Entry,2025-10-01 00:00:00,Posted
DOC004799,INV-004799,Purchase_Order,2024-04-21 00:00:00,Posted
DOC004800,INV-004800,Payroll,2025-05-10 00:00:00,Posted
DOC004801,INV-004801,Sales_Invoice,2025-03-19 00:00:00,Posted
DOC004802,INV-004802,Payroll,2024-06-01 00:00:00,Posted
DOC004803,INV-004803,Budget_Entry,2024-04-03 00:00:00,Cancelled
DOC004804,INV-004804,Budget_Entry,2023-08-18 00:00:00,Posted
DOC004805,INV-004805,Budget_Entry,2023-01-08 00:00:00,Posted
DOC004806,INV-004806,Budget_Entry,2023-07-14 00:00:00,Posted
DOC004807,INV-004807,Purchase_Order,2025-11-08 00:00:00,Posted
DOC004808,INV-004808,Budget_Entry,2023-12-20 00:00:00,Posted
DOC004809,INV-004809,Budget_Entry,2025-12-08 00:00:00,Posted
DOC004810,INV-004810,Purchase_Order,2024-04-08 00:00:00,Posted
DOC004811,INV-004811,Budget_Entry,2023-12-22 00:00:00,Posted
DOC004812,INV-004812,Payroll,2025-04-29 00:00:00,Posted
DOC004813,INV-004813,Payroll,2025-08-31 00:00:00,Posted
DOC004814,INV-004814,Stock_Movement,2023-03-07 00:00:00,Posted
DOC004815,INV-004815,Payroll,2025-05-08 00:00:00,Posted
DOC004816,INV-004816,Sales_Invoice,2024-07-24 00:00:00,Cancelled
DOC004817,INV-004817,Sales_Invoice,2023-11-04 00:00:00,Posted
DOC004818,INV-004818,Sales_Invoice,2025-02-21 00:00:00,Posted
DOC004819,INV-004819,Purchase_Order,2023-05-01 00:00:00,Posted
DOC004820,INV-004820,Payroll,2025-02-04 00:00:00,Posted
DOC004821,INV-004821,Sales_Invoice,2025-02-11 00:00:00,Posted
DOC004822,INV-004822,Stock_Movement,2023-04-06 00:00:00,Approved
DOC004823,INV-004823,Purchase_Order,2025-09-13 00:00:00,Posted
DOC004824,INV-004824,Stock_Movement,2024-06-23 00:00:00,Approved
DOC004825,INV-004825,Payroll,2023-01-02 00:00:00,Posted
DOC004826,INV-004826,Budget_Entry,2024-08-02 00:00:00,Posted
DOC004827,INV-004827,Stock_Movement,2023-11-29 00:00:00,Approved
DOC004828,INV-004828,Budget_Entry,2025-11-13 00:00:00,Draft
DOC004829,INV-004829,Purchase_Order,2025-01-11 00:00:00,Posted
DOC004830,INV-004830,Stock_Movement,2024-05-20 00:00:00,Posted
DOC004831,INV-004831,Stock_Movement,2025-09-26 00:00:00,Approved
DOC004832,INV-004832,Purchase_Order,2025-01-02 00:00:00,Posted
DOC004833,INV-004833,Purchase_Order,2024-05-28 00:00:00,Posted
DOC004834,INV-004834,Sales_Invoice,2025-06-13 00:00:00,Posted
DOC004835,INV-004835,Payroll,2023-12-27 00:00:00,Posted
DOC004836,INV-004836,Stock_Movement,2023-10-01 00:00:00,Posted
DOC004837,INV-004837,Stock_Movement,2023-06-26 00:00:00,Posted
DOC004838,INV-004838,Purchase_Order,2024-06-10 00:00:00,Posted
DOC004839,INV-004839,Purchase_Order,2025-07-01 00:00:00,Posted
DOC004840,INV-004840,Payroll,2023-10-06 00:00:00,Posted
DOC004841,INV-004841,Purchase_Order,2024-12-06 00:00:00,Posted
DOC004842,INV-004842,Budget_Entry,2023-03-05 00:00:00,Posted
DOC004843,INV-004843,Budget_Entry,2023-10-17 00:00:00,Cancelled
DOC004844,INV-004844,Budget_Entry,2023-01-18 00:00:00,Posted
DOC004845,INV-004845,Budget_Entry,2023-03-05 00:00:00,Posted
DOC004846,INV-004846,Payroll,2023-11-26 00:00:00,Posted
DOC004847,INV-004847,Stock_Movement,2025-02-01 00:00:00,Posted
DOC004848,INV-004848,Budget_Entry,2025-11-06 00:00:00,Approved
DOC004849,INV-004849,Purchase_Order,2024-03-18 00:00:00,Posted
DOC004850,INV-004850,Budget_Entry,2023-05-21 00:00:00,Cancelled
DOC004851,INV-004851,Payroll,2024-03-19 00:00:00,Posted
DOC004852,INV-004852,Purchase_Order,2024-05-10 00:00:00,Posted
DOC004853,INV-004853,Budget_Entry,2024-03-01 00:00:00,Posted
DOC004854,INV-004854,Stock_Movement,2024-03-25 00:00:00,Posted
DOC004855,INV-004855,Purchase_Order,2023-12-17 00:00:00,Draft
DOC004856,INV-004856,Purchase_Order,2024-08-21 00:00:00,Posted
DOC004857,INV-004857,Stock_Movement,2024-12-11 00:00:00,Posted
DOC004858,INV-004858,Purchase_Order,2025-05-19 00:00:00,Posted
DOC004859,INV-004859,Budget_Entry,2024-01-28 00:00:00,Cancelled
DOC004860,INV-004860,Purchase_Order,2025-04-21 00:00:00,Posted
DOC004861,INV-004861,Budget_Entry,2024-02-05 00:00:00,Posted
DOC004862,INV-004862,Stock_Movement,2023-02-19 00:00:00,Approved
DOC004863,INV-004863,Sales_Invoice,2025-01-13 00:00:00,Posted
DOC004864,INV-004864,Stock_Movement,2025-06-24 00:00:00,Posted
DOC004865,INV-004865,Budget_Entry,2025-11-01 00:00:00,Posted
DOC004866,INV-004866,Payroll,2025-09-17 00:00:00,Posted
DOC004867,INV-004867,Stock_Movement,2025-11-04 00:00:00,Draft
DOC004868,INV-004868,Payroll,2023-01-28 00:00:00,Posted
DOC004869,INV-004869,Payroll,2024-01-23 00:00:00,Posted
DOC004870,INV-004870,Budget_Entry,2025-04-12 00:00:00,Cancelled
DOC004871,INV-004871,Budget_Entry,2023-09-07 00:00:00,Posted
DOC004872,INV-004872,Sales_Invoice,2023-04-08 00:00:00,Approved
DOC004873,INV-004873,Purchase_Order,2025-11-28 00:00:00,Approved
DOC004874,INV-004874,Stock_Movement,2025-11-27 00:00:00,Posted
DOC004875,INV-004875,Budget_Entry,2023-06-28 00:00:00,Posted
DOC004876,INV-004876,Stock_Movement,2025-06-10 00:00:00,Posted
DOC004877,INV-004877,Payroll,2025-01-19 00:00:00,Posted
DOC004878,INV-004878,Purchase_Order,2024-03-28 00:00:00,Posted
DOC004879,INV-004879,Sales_Invoice,2023-04-07 00:00:00,Cancelled
DOC004880,INV-004880,Stock_Movement,2023-11-05 00:00:00,Posted
DOC004881,INV-004881,Purchase_Order,2023-09-19 00:00:00,Cancelled
DOC004882,INV-004882,Sales_Invoice,2023-10-20 00:00:00,Posted
DOC004883,INV-004883,Stock_Movement,2023-09-06 00:00:00,Posted
DOC004884,INV-004884,Purchase_Order,2023-09-02 00:00:00,Posted
DOC004885,INV-004885,Budget_Entry,2023-09-08 00:00:00,Posted
DOC004886,INV-004886,Stock_Movement,2023-05-03 00:00:00,Posted
DOC004887,INV-004887,Purchase_Order,2023-11-21 00:00:00,Cancelled
DOC004888,INV-004888,Sales_Invoice,2025-09-12 00:00:00,Posted
DOC004889,INV-004889,Purchase_Order,2024-05-15 00:00:00,Approved
DOC004890,INV-004890,Budget_Entry,2024-11-17 00:00:00,Posted
DOC004891,INV-004891,Stock_Movement,2025-12-25 00:00:00,Posted
DOC004892,INV-004892,Stock_Movement,2025-04-15 00:00:00,Posted
DOC004893,INV-004893,Stock_Movement,2023-02-28 00:00:00,Posted
DOC004894,INV-004894,Budget_Entry,2024-12-31 00:00:00,Posted
DOC004895,INV-004895,Sales_Invoice,2023-09-23 00:00:00,Posted
DOC004896,INV-004896,Stock_Movement,2023-08-24 00:00:00,Posted
DOC004897,INV-004897,Sales_Invoice,2025-06-16 00:00:00,Approved
DOC004898,INV-004898,Purchase_Order,2023-08-06 00:00:00,Posted
DOC004899,INV-004899,Sales_Invoice,2025-09-01 00:00:00,Posted
DOC004900,INV-004900,Sales_Invoice,2024-08-11 00:00:00,Draft
DOC004901,INV-004901,Stock_Movement,2025-07-05 00:00:00,Posted
DOC004902,INV-004902,Payroll,2025-07-06 00:00:00,Posted
DOC004903,INV-004903,Payroll,2023-12-19 00:00:00,Draft
DOC004904,INV-004904,Budget_Entry,2023-04-01 00:00:00,Posted
DOC004905,INV-004905,Budget_Entry,2024-12-02 00:00:00,Posted
DOC004906,INV-004906,Payroll,2023-03-14 00:00:00,Posted
DOC004907,INV-004907,Purchase_Order,2024-11-15 00:00:00,Posted
DOC004908,INV-004908,Stock_Movement,2024-12-22 00:00:00,Posted
DOC004909,INV-004909,Stock_Movement,2025-08-15 00:00:00,Posted
DOC004910,INV-004910,Purchase_Order,2025-11-21 00:00:00,Cancelled
DOC004911,INV-004911,Purchase_Order,2024-10-09 00:00:00,Posted
DOC004912,INV-004912,Payroll,2025-01-29 00:00:00,Posted
DOC004913,INV-004913,Budget_Entry,2025-05-20 00:00:00,Approved
DOC004914,INV-004914,Purchase_Order,2023-05-23 00:00:00,Posted
DOC004915,INV-004915,Budget_Entry,2025-08-06 00:00:00,Posted
DOC004916,INV-004916,Sales_Invoice,2023-02-13 00:00:00,Posted
DOC004917,INV-004917,Stock_Movement,2023-02-01 00:00:00,Posted
DOC004918,INV-004918,Payroll,2023-01-28 00:00:00,Posted
DOC004919,INV-004919,Stock_Movement,2025-10-16 00:00:00,Posted
DOC004920,INV-004920,Payroll,2024-02-27 00:00:00,Posted
DOC004921,INV-004921,Sales_Invoice,2024-05-05 00:00:00,Approved
DOC004922,INV-004922,Stock_Movement,2023-06-09 00:00:00,Posted
DOC004923,INV-004923,Sales_Invoice,2025-04-24 00:00:00,Posted
DOC004924,INV-004924,Payroll,2023-01-18 00:00:00,Posted
DOC004925,INV-004925,Purchase_Order,2024-11-02 00:00:00,Posted
DOC004926,INV-004926,Stock_Movement,2023-08-20 00:00:00,Posted
DOC004927,INV-004927,Sales_Invoice,2024-02-28 00:00:00,Posted
DOC004928,INV-004928,Stock_Movement,2025-06-22 00:00:00,Approved
DOC004929,INV-004929,Stock_Movement,2025-01-24 00:00:00,Posted
DOC004930,INV-004930,Stock_Movement,2025-04-16 00:00:00,Posted
DOC004931,INV-004931,Budget_Entry,2025-06-12 00:00:00,Approved
DOC004932,INV-004932,Sales_Invoice,2023-08-27 00:00:00,Posted
DOC004933,INV-004933,Sales_Invoice,2023-05-29 00:00:00,Posted
DOC004934,INV-004934,Stock_Movement,2024-09-14 00:00:00,Posted
DOC004935,INV-004935,Purchase_Order,2023-01-17 00:00:00,Approved
DOC004936,INV-004936,Stock_Movement,2025-07-02 00:00:00,Posted
DOC004937,INV-004937,Budget_Entry,2023-08-14 00:00:00,Posted
DOC004938,INV-004938,Payroll,2024-10-13 00:00:00,Posted
DOC004939,INV-004939,Budget_Entry,2023-09-17 00:00:00,Posted
DOC004940,INV-004940,Purchase_Order,2024-11-04 00:00:00,Posted
DOC004941,INV-004941,Stock_Movement,2023-06-23 00:00:00,Posted
DOC004942,INV-004942,Sales_Invoice,2023-07-24 00:00:00,Posted
DOC004943,INV-004943,Stock_Movement,2024-02-19 00:00:00,Posted
DOC004944,INV-004944,Purchase_Order,2025-03-02 00:00:00,Posted
DOC004945,INV-004945,Sales_Invoice,2025-12-24 00:00:00,Posted
DOC004946,INV-004946,Budget_Entry,2024-06-01 00:00:00,Posted
DOC004947,INV-004947,Payroll,2025-12-26 00:00:00,Posted
DOC004948,INV-004948,Payroll,2025-09-05 00:00:00,Posted
DOC004949,INV-004949,Stock_Movement,2025-10-06 00:00:00,Cancelled
DOC004950,INV-004950,Budget_Entry,2024-08-12 00:00:00,Posted
DOC004951,INV-004951,Purchase_Order,2023-03-08 00:00:00,Posted
DOC004952,INV-004952,Payroll,2024-11-14 00:00:00,Posted
DOC004953,INV-004953,Budget_Entry,2023-03-04 00:00:00,Posted
DOC004954,INV-004954,Stock_Movement,2025-03-24 00:00:00,Posted
DOC004955,INV-004955,Sales_Invoice,2024-02-07 00:00:00,Posted
DOC004956,INV-004956,Stock_Movement,2023-07-11 00:00:00,Posted
DOC004957,INV-004957,Stock_Movement,2023-03-12 00:00:00,Posted
DOC004958,INV-004958,Budget_Entry,2025-05-27 00:00:00,Posted
DOC004959,INV-004959,Payroll,2025-01-10 00:00:00,Approved
DOC004960,INV-004960,Budget_Entry,2025-08-03 00:00:00,Posted
DOC004961,INV-004961,Sales_Invoice,2025-12-22 00:00:00,Posted
DOC004962,INV-004962,Budget_Entry,2023-09-02 00:00:00,Posted
DOC004963,INV-004963,Purchase_Order,2024-06-02 00:00:00,Posted
DOC004964,INV-004964,Stock_Movement,2024-01-28 00:00:00,Cancelled
DOC004965,INV-004965,Payroll,2025-02-10 00:00:00,Approved
DOC004966,INV-004966,Sales_Invoice,2025-06-29 00:00:00,Approved
DOC004967,INV-004967,Stock_Movement,2023-07-03 00:00:00,Approved
DOC004968,INV-004968,Budget_Entry,2023-09-04 00:00:00,Posted
DOC004969,INV-004969,Purchase_Order,2023-11-20 00:00:00,Posted
DOC004970,INV-004970,Budget_Entry,2023-06-09 00:00:00,Posted
DOC004971,INV-004971,Stock_Movement,2024-12-06 00:00:00,Posted
DOC004972,INV-004972,Sales_Invoice,2024-09-13 00:00:00,Posted
DOC004973,INV-004973,Payroll,2025-07-13 00:00:00,Posted
DOC004974,INV-004974,Stock_Movement,2023-03-07 00:00:00,Posted
DOC004975,INV-004975,Sales_Invoice,2025-07-18 00:00:00,Posted
DOC004976,INV-004976,Stock_Movement,2023-09-11 00:00:00,Approved
DOC004977,INV-004977,Purchase_Order,2023-10-10 00:00:00,Posted
DOC004978,INV-004978,Budget_Entry,2025-12-19 00:00:00,Posted
DOC004979,INV-004979,Payroll,2023-04-28 00:00:00,Posted
DOC004980,INV-004980,Sales_Invoice,2024-02-27 00:00:00,Posted
DOC004981,INV-004981,Payroll,2024-07-09 00:00:00,Posted
DOC004982,INV-004982,Payroll,2023-02-05 00:00:00,Posted
DOC004983,INV-004983,Payroll,2024-06-14 00:00:00,Posted
DOC004984,INV-004984,Sales_Invoice,2023-04-01 00:00:00,Posted
DOC004985,INV-004985,Sales_Invoice,2023-04-08 00:00:00,Posted
DOC004986,INV-004986,Payroll,2024-06-14 00:00:00,Posted
DOC004987,INV-004987,Budget_Entry,2024-06-21 00:00:00,Posted
DOC004988,INV-004988,Stock_Movement,2025-11-17 00:00:00,Approved
DOC004989,INV-004989,Payroll,2023-03-21 00:00:00,Posted
DOC004990,INV-004990,Purchase_Order,2024-07-16 00:00:00,Posted
DOC004991,INV-004991,Payroll,2024-09-05 00:00:00,Cancelled
DOC004992,INV-004992,Sales_Invoice,2023-06-25 00:00:00,Posted
DOC004993,INV-004993,Stock_Movement,2024-06-05 00:00:00,Posted
DOC004994,INV-004994,Purchase_Order,2024-02-27 00:00:00,Posted
DOC004995,INV-004995,Stock_Movement,2024-07-29 00:00:00,Posted
DOC004996,INV-004996,Stock_Movement,2024-06-14 00:00:00,Posted
DOC004997,INV-004997,Purchase_Order,2023-11-28 00:00:00,Posted
DOC004998,INV-004998,Payroll,2024-10-14 00:00:00,Draft
DOC004999,INV-004999,Payroll,2025-01-09 00:00:00,Posted
DOC005000,INV-005000,Payroll,2024-05-25 00:00:00,Posted
